<?xml version="1.0" encoding="UTF-8"?>
<!-- track-length = 108382 filtered ascend = 517 plain-ascend = -224 cost=127065 energy=0.5kwh time=5h 27m 3s -->
<gpx
 xmlns="http://www.topografix.com/GPX/1/1"
 xmlns:xsi="http://www.w3.org/2001/XMLSchema-instance"
 xsi:schemaLocation="http://www.topografix.com/GPX/1/1 http://www.topografix.com/GPX/1/1/gpx.xsd"
 version="1.1"
 creator="bikerouter.de 2026.25">
 <wpt lat="49.594008" lon="17.253292"><name>Olomouc</name></wpt>
 <wpt lat="49.798339" lon="17.014577"><name>Úsov Castle</name></wpt>
 <wpt lat="49.94093" lon="16.928089"><name>Bludov Chateau</name></wpt>
 <wpt lat="50.06809" lon="16.927201"><name>Holba Brewery</name></wpt>
 <wpt lat="49.9759" lon="16.874732"><name>Ruda nad Moravou Castle</name></wpt>
 <trk>
  <name>Międzylesie - Olomouc - 108,4 km, elev. gain 517 m</name>
  <link href="https://bikerouter.de/#map=10/49.8716/16.9547/standard&amp;lonlats=16.655906,50.143432;16.884208,49.953551;16.928092,49.940933;16.927687,49.895488;17.014577,49.798341;17.173246,49.66907;17.246888,49.597153;17.253293,49.59401&amp;pois=17.253292,49.594008,Olomouc;17.014577,49.798339,%C3%9Asov+Castle;16.928089,49.94093,Bludov+Chateau;16.927201,50.06809,Holba+Brewery;16.874732,49.9759,Ruda+nad+Moravou+Castle&amp;profile=trekking">
   <text>bikerouter.de</text>
  </link>
  <trkseg>
   <trkpt lat="50.14343" lon="16.655899"><ele>466</ele></trkpt>
   <trkpt lat="50.143429" lon="16.6559"><ele>466</ele></trkpt>
   <trkpt lat="50.143373" lon="16.655969"><ele>465.25</ele></trkpt>
   <trkpt lat="50.142718" lon="16.656221"><ele>462.25</ele></trkpt>
   <trkpt lat="50.142607" lon="16.656275"><ele>461</ele></trkpt>
   <trkpt lat="50.142349" lon="16.656465"><ele>460</ele></trkpt>
   <trkpt lat="50.142034" lon="16.65651"><ele>459.5</ele></trkpt>
   <trkpt lat="50.14189" lon="16.656542"><ele>459.25</ele></trkpt>
   <trkpt lat="50.141831" lon="16.656568"><ele>459</ele></trkpt>
   <trkpt lat="50.141778" lon="16.656607"><ele>458.5</ele></trkpt>
   <trkpt lat="50.141733" lon="16.656659"><ele>458.25</ele></trkpt>
   <trkpt lat="50.141692" lon="16.656719"><ele>457.75</ele></trkpt>
   <trkpt lat="50.14158" lon="16.656923"><ele>457</ele></trkpt>
   <trkpt lat="50.141734" lon="16.657429"><ele>454.25</ele></trkpt>
   <trkpt lat="50.141907" lon="16.658051"><ele>451.75</ele></trkpt>
   <trkpt lat="50.142102" lon="16.658771"><ele>449.5</ele></trkpt>
   <trkpt lat="50.142258" lon="16.659358"><ele>447.25</ele></trkpt>
   <trkpt lat="50.142594" lon="16.660603"><ele>441.5</ele></trkpt>
   <trkpt lat="50.142678" lon="16.660912"><ele>440.25</ele></trkpt>
   <trkpt lat="50.142769" lon="16.661214"><ele>440</ele></trkpt>
   <trkpt lat="50.142845" lon="16.661431"><ele>439.5</ele></trkpt>
   <trkpt lat="50.142892" lon="16.661543"><ele>439.25</ele></trkpt>
   <trkpt lat="50.142943" lon="16.661651"><ele>439</ele></trkpt>
   <trkpt lat="50.143075" lon="16.66188"><ele>438.25</ele></trkpt>
   <trkpt lat="50.143163" lon="16.662016"><ele>437.75</ele></trkpt>
   <trkpt lat="50.143258" lon="16.662146"><ele>437.25</ele></trkpt>
   <trkpt lat="50.143471" lon="16.66242"><ele>437.5</ele></trkpt>
   <trkpt lat="50.143655" lon="16.662633"><ele>437.25</ele></trkpt>
   <trkpt lat="50.143984" lon="16.662943"><ele>437.25</ele></trkpt>
   <trkpt lat="50.14444" lon="16.663348"><ele>438</ele></trkpt>
   <trkpt lat="50.144422" lon="16.663581"><ele>438</ele></trkpt>
   <trkpt lat="50.144613" lon="16.663613"><ele>438</ele></trkpt>
   <trkpt lat="50.144683" lon="16.663638"><ele>438</ele></trkpt>
   <trkpt lat="50.14477" lon="16.663732"><ele>438.25</ele></trkpt>
   <trkpt lat="50.144874" lon="16.663845"><ele>438.25</ele></trkpt>
   <trkpt lat="50.145195" lon="16.664219"><ele>439</ele></trkpt>
   <trkpt lat="50.145343" lon="16.664414"><ele>439</ele></trkpt>
   <trkpt lat="50.145593" lon="16.66484"><ele>441.5</ele></trkpt>
   <trkpt lat="50.145622" lon="16.664889"><ele>441.75</ele></trkpt>
   <trkpt lat="50.145647" lon="16.664932"><ele>441.75</ele></trkpt>
   <trkpt lat="50.145887" lon="16.665222"><ele>441</ele></trkpt>
   <trkpt lat="50.146078" lon="16.665484"><ele>440.75</ele></trkpt>
   <trkpt lat="50.146121" lon="16.665552"><ele>440.75</ele></trkpt>
   <trkpt lat="50.146228" lon="16.665769"><ele>442</ele></trkpt>
   <trkpt lat="50.146314" lon="16.665901"><ele>442.5</ele></trkpt>
   <trkpt lat="50.146399" lon="16.666008"><ele>442.5</ele></trkpt>
   <trkpt lat="50.146488" lon="16.666111"><ele>442.75</ele></trkpt>
   <trkpt lat="50.146585" lon="16.666201"><ele>443</ele></trkpt>
   <trkpt lat="50.146819" lon="16.666387"><ele>442.75</ele></trkpt>
   <trkpt lat="50.147172" lon="16.666667"><ele>443</ele></trkpt>
   <trkpt lat="50.147211" lon="16.666695"><ele>443</ele></trkpt>
   <trkpt lat="50.147374" lon="16.666818"><ele>442.25</ele></trkpt>
   <trkpt lat="50.147546" lon="16.666943"><ele>441.75</ele></trkpt>
   <trkpt lat="50.147747" lon="16.667059"><ele>441</ele></trkpt>
   <trkpt lat="50.147667" lon="16.667261"><ele>441.25</ele></trkpt>
   <trkpt lat="50.14761" lon="16.667403"><ele>441.5</ele></trkpt>
   <trkpt lat="50.147446" lon="16.66774"><ele>442</ele></trkpt>
   <trkpt lat="50.14729" lon="16.668061"><ele>441.75</ele></trkpt>
   <trkpt lat="50.146977" lon="16.668808"><ele>443.5</ele></trkpt>
   <trkpt lat="50.146829" lon="16.669262"><ele>444.25</ele></trkpt>
   <trkpt lat="50.146698" lon="16.66979"><ele>445.75</ele></trkpt>
   <trkpt lat="50.146686" lon="16.669895"><ele>445.75</ele></trkpt>
   <trkpt lat="50.146682" lon="16.670018"><ele>445.75</ele></trkpt>
   <trkpt lat="50.146689" lon="16.670354"><ele>445.75</ele></trkpt>
   <trkpt lat="50.146671" lon="16.670924"><ele>445.75</ele></trkpt>
   <trkpt lat="50.146627" lon="16.67222"><ele>446.25</ele></trkpt>
   <trkpt lat="50.14662" lon="16.672391"><ele>446.25</ele></trkpt>
   <trkpt lat="50.146361" lon="16.67486"><ele>446</ele></trkpt>
   <trkpt lat="50.146298" lon="16.675413"><ele>446.75</ele></trkpt>
   <trkpt lat="50.146148" lon="16.676843"><ele>449.25</ele></trkpt>
   <trkpt lat="50.146016" lon="16.678064"><ele>449.5</ele></trkpt>
   <trkpt lat="50.14598" lon="16.678383"><ele>449.75</ele></trkpt>
   <trkpt lat="50.145856" lon="16.67959"><ele>447.75</ele></trkpt>
   <trkpt lat="50.145789" lon="16.680533"><ele>449</ele></trkpt>
   <trkpt lat="50.145725" lon="16.683217"><ele>455</ele></trkpt>
   <trkpt lat="50.145682" lon="16.68569"><ele>460.25</ele></trkpt>
   <trkpt lat="50.145458" lon="16.687504"><ele>461</ele></trkpt>
   <trkpt lat="50.145423" lon="16.687788"><ele>460.75</ele></trkpt>
   <trkpt lat="50.145359" lon="16.688433"><ele>459.5</ele></trkpt>
   <trkpt lat="50.145315" lon="16.689348"><ele>458.5</ele></trkpt>
   <trkpt lat="50.145295" lon="16.689555"><ele>458.25</ele></trkpt>
   <trkpt lat="50.145208" lon="16.689776"><ele>458.25</ele></trkpt>
   <trkpt lat="50.144802" lon="16.690615"><ele>459</ele></trkpt>
   <trkpt lat="50.143608" lon="16.694266"><ele>463.5</ele></trkpt>
   <trkpt lat="50.143315" lon="16.695014"><ele>465</ele></trkpt>
   <trkpt lat="50.142771" lon="16.696036"><ele>466</ele></trkpt>
   <trkpt lat="50.142138" lon="16.697009"><ele>468.75</ele></trkpt>
   <trkpt lat="50.141305" lon="16.698294"><ele>472.5</ele></trkpt>
   <trkpt lat="50.140782" lon="16.699086"><ele>473.75</ele></trkpt>
   <trkpt lat="50.140471" lon="16.699606"><ele>474.25</ele></trkpt>
   <trkpt lat="50.139824" lon="16.700793"><ele>474.75</ele></trkpt>
   <trkpt lat="50.139655" lon="16.701118"><ele>475.75</ele></trkpt>
   <trkpt lat="50.139323" lon="16.70177"><ele>477.5</ele></trkpt>
   <trkpt lat="50.139249" lon="16.701992"><ele>478.25</ele></trkpt>
   <trkpt lat="50.139161" lon="16.702463"><ele>479</ele></trkpt>
   <trkpt lat="50.139091" lon="16.703057"><ele>480.5</ele></trkpt>
   <trkpt lat="50.139061" lon="16.703414"><ele>481.5</ele></trkpt>
   <trkpt lat="50.139091" lon="16.703703"><ele>482.5</ele></trkpt>
   <trkpt lat="50.139393" lon="16.704816"><ele>485</ele></trkpt>
   <trkpt lat="50.139455" lon="16.705217"><ele>486</ele></trkpt>
   <trkpt lat="50.139511" lon="16.705757"><ele>487.75</ele></trkpt>
   <trkpt lat="50.139538" lon="16.706461"><ele>488.75</ele></trkpt>
   <trkpt lat="50.139533" lon="16.706732"><ele>489.75</ele></trkpt>
   <trkpt lat="50.139497" lon="16.706983"><ele>490.25</ele></trkpt>
   <trkpt lat="50.139299" lon="16.70751"><ele>492.5</ele></trkpt>
   <trkpt lat="50.13832" lon="16.709531"><ele>505.5</ele></trkpt>
   <trkpt lat="50.137761" lon="16.710162"><ele>510.25</ele></trkpt>
   <trkpt lat="50.13731" lon="16.710656"><ele>513.25</ele></trkpt>
   <trkpt lat="50.136726" lon="16.710811"><ele>519</ele></trkpt>
   <trkpt lat="50.136529" lon="16.710929"><ele>519.5</ele></trkpt>
   <trkpt lat="50.136327" lon="16.71116"><ele>521.5</ele></trkpt>
   <trkpt lat="50.135989" lon="16.711737"><ele>525.5</ele></trkpt>
   <trkpt lat="50.135699" lon="16.712097"><ele>528.75</ele></trkpt>
   <trkpt lat="50.135456" lon="16.712373"><ele>531.5</ele></trkpt>
   <trkpt lat="50.134123" lon="16.713813"><ele>543.25</ele></trkpt>
   <trkpt lat="50.133447" lon="16.714499"><ele>544.25</ele></trkpt>
   <trkpt lat="50.133224" lon="16.714716"><ele>543</ele></trkpt>
   <trkpt lat="50.132981" lon="16.7149"><ele>542</ele></trkpt>
   <trkpt lat="50.13269" lon="16.715042"><ele>541.25</ele></trkpt>
   <trkpt lat="50.131538" lon="16.715527"><ele>537.75</ele></trkpt>
   <trkpt lat="50.128984" lon="16.716084"><ele>523.25</ele></trkpt>
   <trkpt lat="50.128727" lon="16.716183"><ele>522.25</ele></trkpt>
   <trkpt lat="50.12864" lon="16.716273"><ele>522.25</ele></trkpt>
   <trkpt lat="50.128573" lon="16.716379"><ele>522.5</ele></trkpt>
   <trkpt lat="50.128507" lon="16.716547"><ele>522.5</ele></trkpt>
   <trkpt lat="50.128445" lon="16.716756"><ele>522.5</ele></trkpt>
   <trkpt lat="50.128419" lon="16.717001"><ele>523</ele></trkpt>
   <trkpt lat="50.128423" lon="16.717347"><ele>523.5</ele></trkpt>
   <trkpt lat="50.128412" lon="16.717509"><ele>523.25</ele></trkpt>
   <trkpt lat="50.1283" lon="16.718056"><ele>524</ele></trkpt>
   <trkpt lat="50.128193" lon="16.71869"><ele>524.25</ele></trkpt>
   <trkpt lat="50.128163" lon="16.719066"><ele>525</ele></trkpt>
   <trkpt lat="50.12815" lon="16.719389"><ele>525.25</ele></trkpt>
   <trkpt lat="50.128163" lon="16.719724"><ele>525.75</ele></trkpt>
   <trkpt lat="50.128199" lon="16.720166"><ele>526.25</ele></trkpt>
   <trkpt lat="50.128271" lon="16.720666"><ele>527.5</ele></trkpt>
   <trkpt lat="50.128325" lon="16.720819"><ele>527</ele></trkpt>
   <trkpt lat="50.128671" lon="16.721481"><ele>528.25</ele></trkpt>
   <trkpt lat="50.128811" lon="16.721859"><ele>528.75</ele></trkpt>
   <trkpt lat="50.128896" lon="16.722194"><ele>529</ele></trkpt>
   <trkpt lat="50.128937" lon="16.72253"><ele>529</ele></trkpt>
   <trkpt lat="50.12901" lon="16.72368"><ele>530.5</ele></trkpt>
   <trkpt lat="50.12907" lon="16.724057"><ele>531.75</ele></trkpt>
   <trkpt lat="50.129154" lon="16.724343"><ele>532.75</ele></trkpt>
   <trkpt lat="50.12934" lon="16.724731"><ele>533.25</ele></trkpt>
   <trkpt lat="50.129491" lon="16.724964"><ele>533.25</ele></trkpt>
   <trkpt lat="50.12993" lon="16.725455"><ele>535.75</ele></trkpt>
   <trkpt lat="50.130042" lon="16.725621"><ele>536.5</ele></trkpt>
   <trkpt lat="50.130213" lon="16.72593"><ele>536.75</ele></trkpt>
   <trkpt lat="50.130369" lon="16.726267"><ele>537.75</ele></trkpt>
   <trkpt lat="50.130584" lon="16.726851"><ele>538.25</ele></trkpt>
   <trkpt lat="50.130618" lon="16.726966"><ele>538.75</ele></trkpt>
   <trkpt lat="50.130638" lon="16.72707"><ele>539.25</ele></trkpt>
   <trkpt lat="50.130647" lon="16.72718"><ele>539.25</ele></trkpt>
   <trkpt lat="50.130647" lon="16.727315"><ele>539.5</ele></trkpt>
   <trkpt lat="50.130634" lon="16.727453"><ele>539.5</ele></trkpt>
   <trkpt lat="50.130595" lon="16.727608"><ele>538.75</ele></trkpt>
   <trkpt lat="50.130563" lon="16.727671"><ele>538</ele></trkpt>
   <trkpt lat="50.130466" lon="16.727773"><ele>537.5</ele></trkpt>
   <trkpt lat="50.130383" lon="16.727846"><ele>537.5</ele></trkpt>
   <trkpt lat="50.130292" lon="16.727943"><ele>537.5</ele></trkpt>
   <trkpt lat="50.130216" lon="16.728044"><ele>538</ele></trkpt>
   <trkpt lat="50.130141" lon="16.728173"><ele>538.25</ele></trkpt>
   <trkpt lat="50.130044" lon="16.72837"><ele>538.75</ele></trkpt>
   <trkpt lat="50.129802" lon="16.728944"><ele>540.25</ele></trkpt>
   <trkpt lat="50.12973" lon="16.729207"><ele>540.75</ele></trkpt>
   <trkpt lat="50.129393" lon="16.730675"><ele>543.75</ele></trkpt>
   <trkpt lat="50.129303" lon="16.731109"><ele>544.5</ele></trkpt>
   <trkpt lat="50.129289" lon="16.731297"><ele>544.25</ele></trkpt>
   <trkpt lat="50.129295" lon="16.731487"><ele>543.75</ele></trkpt>
   <trkpt lat="50.129318" lon="16.731682"><ele>543.25</ele></trkpt>
   <trkpt lat="50.129367" lon="16.73188"><ele>543.5</ele></trkpt>
   <trkpt lat="50.12942" lon="16.732039"><ele>543.5</ele></trkpt>
   <trkpt lat="50.129968" lon="16.733741"><ele>546.5</ele></trkpt>
   <trkpt lat="50.130093" lon="16.734061"><ele>547.25</ele></trkpt>
   <trkpt lat="50.130406" lon="16.734588"><ele>550</ele></trkpt>
   <trkpt lat="50.130493" lon="16.734704"><ele>548.75</ele></trkpt>
   <trkpt lat="50.130603" lon="16.734814"><ele>549.5</ele></trkpt>
   <trkpt lat="50.13091" lon="16.73502"><ele>549</ele></trkpt>
   <trkpt lat="50.132405" lon="16.735888"><ele>553.75</ele></trkpt>
   <trkpt lat="50.132487" lon="16.735917"><ele>553.75</ele></trkpt>
   <trkpt lat="50.132599" lon="16.735901"><ele>554</ele></trkpt>
   <trkpt lat="50.132695" lon="16.735864"><ele>554</ele></trkpt>
   <trkpt lat="50.132809" lon="16.735792"><ele>554</ele></trkpt>
   <trkpt lat="50.132967" lon="16.735707"><ele>555.75</ele></trkpt>
   <trkpt lat="50.133025" lon="16.735694"><ele>556.5</ele></trkpt>
   <trkpt lat="50.133078" lon="16.735708"><ele>557</ele></trkpt>
   <trkpt lat="50.133195" lon="16.735778"><ele>556.75</ele></trkpt>
   <trkpt lat="50.133833" lon="16.736239"><ele>557.75</ele></trkpt>
   <trkpt lat="50.134266" lon="16.73644"><ele>559.25</ele></trkpt>
   <trkpt lat="50.134928" lon="16.736729"><ele>559.25</ele></trkpt>
   <trkpt lat="50.135658" lon="16.737006"><ele>561</ele></trkpt>
   <trkpt lat="50.13725" lon="16.737387"><ele>566</ele></trkpt>
   <trkpt lat="50.137295" lon="16.737398"><ele>566</ele></trkpt>
   <trkpt lat="50.137471" lon="16.737504"><ele>565.75</ele></trkpt>
   <trkpt lat="50.138367" lon="16.738313"><ele>568.25</ele></trkpt>
   <trkpt lat="50.138572" lon="16.738535"><ele>569.5</ele></trkpt>
   <trkpt lat="50.139354" lon="16.739597"><ele>573.25</ele></trkpt>
   <trkpt lat="50.139484" lon="16.739824"><ele>573.5</ele></trkpt>
   <trkpt lat="50.13974" lon="16.740272"><ele>574.5</ele></trkpt>
   <trkpt lat="50.139903" lon="16.740482"><ele>575.5</ele></trkpt>
   <trkpt lat="50.140409" lon="16.740839"><ele>576.25</ele></trkpt>
   <trkpt lat="50.140915" lon="16.741233"><ele>578</ele></trkpt>
   <trkpt lat="50.141323" lon="16.741641"><ele>579</ele></trkpt>
   <trkpt lat="50.142181" lon="16.742949"><ele>583</ele></trkpt>
   <trkpt lat="50.142438" lon="16.743186"><ele>585</ele></trkpt>
   <trkpt lat="50.142631" lon="16.743282"><ele>585</ele></trkpt>
   <trkpt lat="50.142629" lon="16.743494"><ele>583.25</ele></trkpt>
   <trkpt lat="50.142632" lon="16.743633"><ele>582.5</ele></trkpt>
   <trkpt lat="50.142698" lon="16.745404"><ele>589.5</ele></trkpt>
   <trkpt lat="50.142707" lon="16.745521"><ele>590</ele></trkpt>
   <trkpt lat="50.142722" lon="16.745608"><ele>590.25</ele></trkpt>
   <trkpt lat="50.142768" lon="16.745787"><ele>590.75</ele></trkpt>
   <trkpt lat="50.142805" lon="16.745992"><ele>593.5</ele></trkpt>
   <trkpt lat="50.142819" lon="16.746151"><ele>595.25</ele></trkpt>
   <trkpt lat="50.142817" lon="16.74635"><ele>596</ele></trkpt>
   <trkpt lat="50.14275" lon="16.74757"><ele>602</ele></trkpt>
   <trkpt lat="50.142714" lon="16.747982"><ele>605</ele></trkpt>
   <trkpt lat="50.142671" lon="16.748205"><ele>606</ele></trkpt>
   <trkpt lat="50.142607" lon="16.748416"><ele>607</ele></trkpt>
   <trkpt lat="50.142564" lon="16.748533"><ele>607.75</ele></trkpt>
   <trkpt lat="50.142393" lon="16.748862"><ele>609.75</ele></trkpt>
   <trkpt lat="50.142325" lon="16.749042"><ele>612</ele></trkpt>
   <trkpt lat="50.14231" lon="16.749171"><ele>614</ele></trkpt>
   <trkpt lat="50.142313" lon="16.749253"><ele>613.75</ele></trkpt>
   <trkpt lat="50.142323" lon="16.749322"><ele>613.75</ele></trkpt>
   <trkpt lat="50.142366" lon="16.749454"><ele>614.5</ele></trkpt>
   <trkpt lat="50.142465" lon="16.749666"><ele>616.25</ele></trkpt>
   <trkpt lat="50.142589" lon="16.749916"><ele>617.75</ele></trkpt>
   <trkpt lat="50.142624" lon="16.750015"><ele>618.5</ele></trkpt>
   <trkpt lat="50.14265" lon="16.750132"><ele>619.25</ele></trkpt>
   <trkpt lat="50.142682" lon="16.750388"><ele>620.5</ele></trkpt>
   <trkpt lat="50.142721" lon="16.750599"><ele>622.25</ele></trkpt>
   <trkpt lat="50.142811" lon="16.75095"><ele>623.25</ele></trkpt>
   <trkpt lat="50.142864" lon="16.751193"><ele>623</ele></trkpt>
   <trkpt lat="50.142901" lon="16.75145"><ele>624</ele></trkpt>
   <trkpt lat="50.142964" lon="16.752053"><ele>626.5</ele></trkpt>
   <trkpt lat="50.14297" lon="16.752475"><ele>627.75</ele></trkpt>
   <trkpt lat="50.142975" lon="16.752659"><ele>629</ele></trkpt>
   <trkpt lat="50.143014" lon="16.752909"><ele>629.75</ele></trkpt>
   <trkpt lat="50.143221" lon="16.753401"><ele>634</ele></trkpt>
   <trkpt lat="50.143256" lon="16.753507"><ele>634.75</ele></trkpt>
   <trkpt lat="50.143275" lon="16.753601"><ele>635</ele></trkpt>
   <trkpt lat="50.14331" lon="16.753813"><ele>636.25</ele></trkpt>
   <trkpt lat="50.143347" lon="16.754443"><ele>638</ele></trkpt>
   <trkpt lat="50.143282" lon="16.755021"><ele>641.5</ele></trkpt>
   <trkpt lat="50.143272" lon="16.755598"><ele>645.25</ele></trkpt>
   <trkpt lat="50.143266" lon="16.755921"><ele>646.75</ele></trkpt>
   <trkpt lat="50.14325" lon="16.756292"><ele>648.75</ele></trkpt>
   <trkpt lat="50.143195" lon="16.75653"><ele>650.75</ele></trkpt>
   <trkpt lat="50.143131" lon="16.756573"><ele>651.25</ele></trkpt>
   <trkpt lat="50.142863" lon="16.756637"><ele>652.5</ele></trkpt>
   <trkpt lat="50.142651" lon="16.756708"><ele>653.5</ele></trkpt>
   <trkpt lat="50.142408" lon="16.756848"><ele>655.25</ele></trkpt>
   <trkpt lat="50.142254" lon="16.756994"><ele>656</ele></trkpt>
   <trkpt lat="50.142009" lon="16.757301"><ele>655.5</ele></trkpt>
   <trkpt lat="50.141905" lon="16.757469"><ele>655.5</ele></trkpt>
   <trkpt lat="50.141792" lon="16.757546"><ele>655.5</ele></trkpt>
   <trkpt lat="50.141514" lon="16.757669"><ele>656.75</ele></trkpt>
   <trkpt lat="50.141362" lon="16.75776"><ele>657.75</ele></trkpt>
   <trkpt lat="50.141229" lon="16.757891"><ele>658.5</ele></trkpt>
   <trkpt lat="50.141064" lon="16.758118"><ele>660.25</ele></trkpt>
   <trkpt lat="50.140668" lon="16.758767"><ele>665</ele></trkpt>
   <trkpt lat="50.140536" lon="16.758969"><ele>666.5</ele></trkpt>
   <trkpt lat="50.140467" lon="16.759117"><ele>667.75</ele></trkpt>
   <trkpt lat="50.140386" lon="16.759299"><ele>669.5</ele></trkpt>
   <trkpt lat="50.140313" lon="16.759536"><ele>671.5</ele></trkpt>
   <trkpt lat="50.140288" lon="16.759823"><ele>673.5</ele></trkpt>
   <trkpt lat="50.140202" lon="16.760432"><ele>679</ele></trkpt>
   <trkpt lat="50.140151" lon="16.760691"><ele>682.25</ele></trkpt>
   <trkpt lat="50.140082" lon="16.76095"><ele>685.25</ele></trkpt>
   <trkpt lat="50.140042" lon="16.761223"><ele>688</ele></trkpt>
   <trkpt lat="50.139971" lon="16.761557"><ele>691.75</ele></trkpt>
   <trkpt lat="50.139853" lon="16.762008"><ele>697.75</ele></trkpt>
   <trkpt lat="50.139643" lon="16.762448"><ele>702.75</ele></trkpt>
   <trkpt lat="50.139496" lon="16.762676"><ele>705</ele></trkpt>
   <trkpt lat="50.139407" lon="16.762749"><ele>705.5</ele></trkpt>
   <trkpt lat="50.139221" lon="16.762871"><ele>707.25</ele></trkpt>
   <trkpt lat="50.138536" lon="16.76325"><ele>712.5</ele></trkpt>
   <trkpt lat="50.13839" lon="16.763406"><ele>715.25</ele></trkpt>
   <trkpt lat="50.137937" lon="16.763923"><ele>718.25</ele></trkpt>
   <trkpt lat="50.13773" lon="16.76416"><ele>717.5</ele></trkpt>
   <trkpt lat="50.137599" lon="16.764399"><ele>716.5</ele></trkpt>
   <trkpt lat="50.137496" lon="16.76467"><ele>716.5</ele></trkpt>
   <trkpt lat="50.137413" lon="16.764947"><ele>715.25</ele></trkpt>
   <trkpt lat="50.137366" lon="16.765239"><ele>715</ele></trkpt>
   <trkpt lat="50.137343" lon="16.76561"><ele>714.5</ele></trkpt>
   <trkpt lat="50.13741" lon="16.766728"><ele>714.75</ele></trkpt>
   <trkpt lat="50.137463" lon="16.767195"><ele>713</ele></trkpt>
   <trkpt lat="50.137458" lon="16.76777"><ele>710</ele></trkpt>
   <trkpt lat="50.137419" lon="16.767904"><ele>709.75</ele></trkpt>
   <trkpt lat="50.137335" lon="16.768011"><ele>709.25</ele></trkpt>
   <trkpt lat="50.137194" lon="16.768059"><ele>707.5</ele></trkpt>
   <trkpt lat="50.136994" lon="16.768087"><ele>704.75</ele></trkpt>
   <trkpt lat="50.136784" lon="16.767983"><ele>701</ele></trkpt>
   <trkpt lat="50.136633" lon="16.767926"><ele>698.5</ele></trkpt>
   <trkpt lat="50.136397" lon="16.767891"><ele>695.5</ele></trkpt>
   <trkpt lat="50.136108" lon="16.767919"><ele>691.25</ele></trkpt>
   <trkpt lat="50.135937" lon="16.767952"><ele>689</ele></trkpt>
   <trkpt lat="50.135726" lon="16.768017"><ele>688.25</ele></trkpt>
   <trkpt lat="50.135603" lon="16.768083"><ele>689.75</ele></trkpt>
   <trkpt lat="50.135387" lon="16.768133"><ele>691.25</ele></trkpt>
   <trkpt lat="50.135339" lon="16.768151"><ele>691.75</ele></trkpt>
   <trkpt lat="50.134758" lon="16.76837"><ele>691.5</ele></trkpt>
   <trkpt lat="50.134187" lon="16.768642"><ele>689.25</ele></trkpt>
   <trkpt lat="50.13398" lon="16.768731"><ele>689.75</ele></trkpt>
   <trkpt lat="50.133805" lon="16.768722"><ele>689.75</ele></trkpt>
   <trkpt lat="50.133499" lon="16.768658"><ele>690</ele></trkpt>
   <trkpt lat="50.133231" lon="16.768686"><ele>690.5</ele></trkpt>
   <trkpt lat="50.132945" lon="16.768802"><ele>690.75</ele></trkpt>
   <trkpt lat="50.132493" lon="16.769045"><ele>691</ele></trkpt>
   <trkpt lat="50.132064" lon="16.769313"><ele>691</ele></trkpt>
   <trkpt lat="50.131648" lon="16.769533"><ele>691.75</ele></trkpt>
   <trkpt lat="50.131154" lon="16.76974"><ele>694</ele></trkpt>
   <trkpt lat="50.131016" lon="16.769829"><ele>694.75</ele></trkpt>
   <trkpt lat="50.130832" lon="16.770004"><ele>695</ele></trkpt>
   <trkpt lat="50.130523" lon="16.770506"><ele>693.75</ele></trkpt>
   <trkpt lat="50.130247" lon="16.771004"><ele>689.5</ele></trkpt>
   <trkpt lat="50.130198" lon="16.771131"><ele>688.75</ele></trkpt>
   <trkpt lat="50.130075" lon="16.771286"><ele>686.25</ele></trkpt>
   <trkpt lat="50.129755" lon="16.771477"><ele>681.25</ele></trkpt>
   <trkpt lat="50.12948" lon="16.771599"><ele>678.25</ele></trkpt>
   <trkpt lat="50.129327" lon="16.771647"><ele>677</ele></trkpt>
   <trkpt lat="50.129252" lon="16.771693"><ele>676.5</ele></trkpt>
   <trkpt lat="50.129087" lon="16.771849"><ele>675.25</ele></trkpt>
   <trkpt lat="50.128942" lon="16.77194"><ele>674.25</ele></trkpt>
   <trkpt lat="50.128592" lon="16.772088"><ele>672.75</ele></trkpt>
   <trkpt lat="50.128137" lon="16.772322"><ele>672.25</ele></trkpt>
   <trkpt lat="50.127705" lon="16.772493"><ele>670.25</ele></trkpt>
   <trkpt lat="50.127377" lon="16.772636"><ele>668</ele></trkpt>
   <trkpt lat="50.126683" lon="16.773023"><ele>660</ele></trkpt>
   <trkpt lat="50.125463" lon="16.773873"><ele>648.5</ele></trkpt>
   <trkpt lat="50.125262" lon="16.773957"><ele>647.75</ele></trkpt>
   <trkpt lat="50.125118" lon="16.773945"><ele>646.25</ele></trkpt>
   <trkpt lat="50.124974" lon="16.773845"><ele>644.75</ele></trkpt>
   <trkpt lat="50.124921" lon="16.773752"><ele>644.5</ele></trkpt>
   <trkpt lat="50.124904" lon="16.773722"><ele>644.5</ele></trkpt>
   <trkpt lat="50.124786" lon="16.77362"><ele>644</ele></trkpt>
   <trkpt lat="50.12454" lon="16.773555"><ele>643.25</ele></trkpt>
   <trkpt lat="50.124446" lon="16.773575"><ele>642.25</ele></trkpt>
   <trkpt lat="50.124379" lon="16.773663"><ele>641</ele></trkpt>
   <trkpt lat="50.124295" lon="16.773832"><ele>640.25</ele></trkpt>
   <trkpt lat="50.124245" lon="16.773927"><ele>640.25</ele></trkpt>
   <trkpt lat="50.124175" lon="16.774059"><ele>640.5</ele></trkpt>
   <trkpt lat="50.123766" lon="16.773777"><ele>638.25</ele></trkpt>
   <trkpt lat="50.123363" lon="16.773525"><ele>636.75</ele></trkpt>
   <trkpt lat="50.122965" lon="16.773351"><ele>634.5</ele></trkpt>
   <trkpt lat="50.121749" lon="16.772969"><ele>629.5</ele></trkpt>
   <trkpt lat="50.121409" lon="16.772805"><ele>627</ele></trkpt>
   <trkpt lat="50.12042" lon="16.772244"><ele>623.5</ele></trkpt>
   <trkpt lat="50.119449" lon="16.771664"><ele>619</ele></trkpt>
   <trkpt lat="50.119217" lon="16.771526"><ele>618.5</ele></trkpt>
   <trkpt lat="50.117969" lon="16.77075"><ele>614</ele></trkpt>
   <trkpt lat="50.116914" lon="16.770233"><ele>610.5</ele></trkpt>
   <trkpt lat="50.116837" lon="16.770186"><ele>610.25</ele></trkpt>
   <trkpt lat="50.116661" lon="16.770893"><ele>610.75</ele></trkpt>
   <trkpt lat="50.116582" lon="16.771284"><ele>611.5</ele></trkpt>
   <trkpt lat="50.116317" lon="16.772468"><ele>614.5</ele></trkpt>
   <trkpt lat="50.116061" lon="16.773748"><ele>615</ele></trkpt>
   <trkpt lat="50.115805" lon="16.77549"><ele>613.75</ele></trkpt>
   <trkpt lat="50.115644" lon="16.776407"><ele>612.25</ele></trkpt>
   <trkpt lat="50.115445" lon="16.777405"><ele>611.5</ele></trkpt>
   <trkpt lat="50.115266" lon="16.778098"><ele>611</ele></trkpt>
   <trkpt lat="50.114493" lon="16.780964"><ele>613</ele></trkpt>
   <trkpt lat="50.11427" lon="16.781699"><ele>612.25</ele></trkpt>
   <trkpt lat="50.1142" lon="16.781968"><ele>612</ele></trkpt>
   <trkpt lat="50.113997" lon="16.782929"><ele>613.5</ele></trkpt>
   <trkpt lat="50.113599" lon="16.784275"><ele>617.25</ele></trkpt>
   <trkpt lat="50.113445" lon="16.784895"><ele>618.5</ele></trkpt>
   <trkpt lat="50.113218" lon="16.78605"><ele>620.25</ele></trkpt>
   <trkpt lat="50.113072" lon="16.785963"><ele>620</ele></trkpt>
   <trkpt lat="50.112686" lon="16.785525"><ele>618.5</ele></trkpt>
   <trkpt lat="50.11252" lon="16.785358"><ele>618</ele></trkpt>
   <trkpt lat="50.11234" lon="16.78526"><ele>617.75</ele></trkpt>
   <trkpt lat="50.11221" lon="16.785224"><ele>617.75</ele></trkpt>
   <trkpt lat="50.111723" lon="16.785128"><ele>617</ele></trkpt>
   <trkpt lat="50.111353" lon="16.784912"><ele>616.5</ele></trkpt>
   <trkpt lat="50.110375" lon="16.784305"><ele>614.5</ele></trkpt>
   <trkpt lat="50.108694" lon="16.783398"><ele>612.25</ele></trkpt>
   <trkpt lat="50.108217" lon="16.783284"><ele>611.5</ele></trkpt>
   <trkpt lat="50.10784" lon="16.783287"><ele>610.75</ele></trkpt>
   <trkpt lat="50.107253" lon="16.783387"><ele>609</ele></trkpt>
   <trkpt lat="50.10716" lon="16.783381"><ele>609</ele></trkpt>
   <trkpt lat="50.107052" lon="16.783358"><ele>609</ele></trkpt>
   <trkpt lat="50.106788" lon="16.783273"><ele>608.25</ele></trkpt>
   <trkpt lat="50.106648" lon="16.783263"><ele>607.75</ele></trkpt>
   <trkpt lat="50.106377" lon="16.783287"><ele>606.75</ele></trkpt>
   <trkpt lat="50.10603" lon="16.783348"><ele>605.5</ele></trkpt>
   <trkpt lat="50.105937" lon="16.783374"><ele>605.25</ele></trkpt>
   <trkpt lat="50.105843" lon="16.783418"><ele>605</ele></trkpt>
   <trkpt lat="50.105708" lon="16.783524"><ele>605</ele></trkpt>
   <trkpt lat="50.105667" lon="16.783538"><ele>605</ele></trkpt>
   <trkpt lat="50.105546" lon="16.783542"><ele>605</ele></trkpt>
   <trkpt lat="50.10538" lon="16.78351"><ele>605</ele></trkpt>
   <trkpt lat="50.105156" lon="16.783481"><ele>605</ele></trkpt>
   <trkpt lat="50.105066" lon="16.783486"><ele>605</ele></trkpt>
   <trkpt lat="50.104985" lon="16.78349"><ele>605</ele></trkpt>
   <trkpt lat="50.104813" lon="16.783499"><ele>605.5</ele></trkpt>
   <trkpt lat="50.104792" lon="16.783497"><ele>605.5</ele></trkpt>
   <trkpt lat="50.104768" lon="16.783493"><ele>605.75</ele></trkpt>
   <trkpt lat="50.104747" lon="16.783488"><ele>605.75</ele></trkpt>
   <trkpt lat="50.104682" lon="16.783486"><ele>606</ele></trkpt>
   <trkpt lat="50.104637" lon="16.783482"><ele>606.25</ele></trkpt>
   <trkpt lat="50.104577" lon="16.783472"><ele>606.5</ele></trkpt>
   <trkpt lat="50.104586" lon="16.783634"><ele>606.25</ele></trkpt>
   <trkpt lat="50.104586" lon="16.78381"><ele>606.25</ele></trkpt>
   <trkpt lat="50.104578" lon="16.783935"><ele>606.5</ele></trkpt>
   <trkpt lat="50.104556" lon="16.784111"><ele>606.5</ele></trkpt>
   <trkpt lat="50.10452" lon="16.784346"><ele>606</ele></trkpt>
   <trkpt lat="50.104404" lon="16.784958"><ele>606</ele></trkpt>
   <trkpt lat="50.104324" lon="16.784973"><ele>606.25</ele></trkpt>
   <trkpt lat="50.104031" lon="16.784928"><ele>607.25</ele></trkpt>
   <trkpt lat="50.103834" lon="16.784927"><ele>608</ele></trkpt>
   <trkpt lat="50.103797" lon="16.784947"><ele>608.25</ele></trkpt>
   <trkpt lat="50.103749" lon="16.785"><ele>608.5</ele></trkpt>
   <trkpt lat="50.103717" lon="16.785069"><ele>608.5</ele></trkpt>
   <trkpt lat="50.103686" lon="16.785209"><ele>608.5</ele></trkpt>
   <trkpt lat="50.103609" lon="16.785745"><ele>609</ele></trkpt>
   <trkpt lat="50.103575" lon="16.785875"><ele>609</ele></trkpt>
   <trkpt lat="50.103532" lon="16.785953"><ele>609.25</ele></trkpt>
   <trkpt lat="50.103476" lon="16.786012"><ele>609.25</ele></trkpt>
   <trkpt lat="50.103338" lon="16.78613"><ele>609.75</ele></trkpt>
   <trkpt lat="50.103257" lon="16.786188"><ele>610.25</ele></trkpt>
   <trkpt lat="50.103216" lon="16.786233"><ele>610.5</ele></trkpt>
   <trkpt lat="50.103173" lon="16.786319"><ele>611</ele></trkpt>
   <trkpt lat="50.103116" lon="16.786549"><ele>611.5</ele></trkpt>
   <trkpt lat="50.10309" lon="16.786676"><ele>611.75</ele></trkpt>
   <trkpt lat="50.103081" lon="16.786749"><ele>611.75</ele></trkpt>
   <trkpt lat="50.103084" lon="16.786836"><ele>611.75</ele></trkpt>
   <trkpt lat="50.102821" lon="16.786991"><ele>611.75</ele></trkpt>
   <trkpt lat="50.102679" lon="16.787092"><ele>612</ele></trkpt>
   <trkpt lat="50.102723" lon="16.78729"><ele>611.5</ele></trkpt>
   <trkpt lat="50.102759" lon="16.78753"><ele>610.75</ele></trkpt>
   <trkpt lat="50.102972" lon="16.789366"><ele>607.25</ele></trkpt>
   <trkpt lat="50.102982" lon="16.789447"><ele>607.25</ele></trkpt>
   <trkpt lat="50.103024" lon="16.789908"><ele>607.75</ele></trkpt>
   <trkpt lat="50.103026" lon="16.790087"><ele>607.25</ele></trkpt>
   <trkpt lat="50.103022" lon="16.790252"><ele>606.75</ele></trkpt>
   <trkpt lat="50.102989" lon="16.790542"><ele>606.25</ele></trkpt>
   <trkpt lat="50.102673" lon="16.792331"><ele>598</ele></trkpt>
   <trkpt lat="50.10262" lon="16.792605"><ele>597</ele></trkpt>
   <trkpt lat="50.102538" lon="16.792955"><ele>596</ele></trkpt>
   <trkpt lat="50.102434" lon="16.793321"><ele>595.75</ele></trkpt>
   <trkpt lat="50.102051" lon="16.794641"><ele>594</ele></trkpt>
   <trkpt lat="50.101839" lon="16.795359"><ele>593.25</ele></trkpt>
   <trkpt lat="50.101687" lon="16.796049"><ele>592</ele></trkpt>
   <trkpt lat="50.101373" lon="16.797633"><ele>589.75</ele></trkpt>
   <trkpt lat="50.101304" lon="16.798038"><ele>590</ele></trkpt>
   <trkpt lat="50.101272" lon="16.798307"><ele>589.5</ele></trkpt>
   <trkpt lat="50.101233" lon="16.798791"><ele>589.25</ele></trkpt>
   <trkpt lat="50.101237" lon="16.799058"><ele>589.25</ele></trkpt>
   <trkpt lat="50.101332" lon="16.800118"><ele>590.25</ele></trkpt>
   <trkpt lat="50.10135" lon="16.800497"><ele>590.5</ele></trkpt>
   <trkpt lat="50.101343" lon="16.800776"><ele>590.5</ele></trkpt>
   <trkpt lat="50.101321" lon="16.801585"><ele>590.25</ele></trkpt>
   <trkpt lat="50.101303" lon="16.801949"><ele>590.25</ele></trkpt>
   <trkpt lat="50.101265" lon="16.802217"><ele>590</ele></trkpt>
   <trkpt lat="50.101196" lon="16.802583"><ele>589.5</ele></trkpt>
   <trkpt lat="50.101071" lon="16.803182"><ele>587</ele></trkpt>
   <trkpt lat="50.101011" lon="16.803427"><ele>585.5</ele></trkpt>
   <trkpt lat="50.100927" lon="16.803667"><ele>584.5</ele></trkpt>
   <trkpt lat="50.100658" lon="16.804258"><ele>582</ele></trkpt>
   <trkpt lat="50.100166" lon="16.805193"><ele>575.75</ele></trkpt>
   <trkpt lat="50.100074" lon="16.80539"><ele>574.5</ele></trkpt>
   <trkpt lat="50.099976" lon="16.805678"><ele>573.5</ele></trkpt>
   <trkpt lat="50.09995" lon="16.805756"><ele>573.25</ele></trkpt>
   <trkpt lat="50.099891" lon="16.805977"><ele>572.25</ele></trkpt>
   <trkpt lat="50.09972" lon="16.806542"><ele>571.25</ele></trkpt>
   <trkpt lat="50.099639" lon="16.806723"><ele>572</ele></trkpt>
   <trkpt lat="50.098978" lon="16.808102"><ele>569.75</ele></trkpt>
   <trkpt lat="50.098309" lon="16.809406"><ele>573.25</ele></trkpt>
   <trkpt lat="50.098071" lon="16.809768"><ele>572.75</ele></trkpt>
   <trkpt lat="50.097825" lon="16.810062"><ele>572.5</ele></trkpt>
   <trkpt lat="50.09775" lon="16.810156"><ele>572.25</ele></trkpt>
   <trkpt lat="50.097064" lon="16.811003"><ele>569</ele></trkpt>
   <trkpt lat="50.096686" lon="16.811397"><ele>566.75</ele></trkpt>
   <trkpt lat="50.095853" lon="16.811885"><ele>568</ele></trkpt>
   <trkpt lat="50.09471" lon="16.812603"><ele>566.25</ele></trkpt>
   <trkpt lat="50.094396" lon="16.812762"><ele>565</ele></trkpt>
   <trkpt lat="50.093668" lon="16.812934"><ele>563.25</ele></trkpt>
   <trkpt lat="50.092949" lon="16.813044"><ele>560.25</ele></trkpt>
   <trkpt lat="50.092392" lon="16.81314"><ele>556.75</ele></trkpt>
   <trkpt lat="50.092219" lon="16.813191"><ele>554.75</ele></trkpt>
   <trkpt lat="50.092034" lon="16.813294"><ele>552.75</ele></trkpt>
   <trkpt lat="50.091833" lon="16.81347"><ele>550.75</ele></trkpt>
   <trkpt lat="50.091695" lon="16.813665"><ele>549.75</ele></trkpt>
   <trkpt lat="50.09156" lon="16.813911"><ele>548.75</ele></trkpt>
   <trkpt lat="50.091469" lon="16.81415"><ele>546.75</ele></trkpt>
   <trkpt lat="50.091365" lon="16.814672"><ele>546.5</ele></trkpt>
   <trkpt lat="50.091268" lon="16.815331"><ele>544.75</ele></trkpt>
   <trkpt lat="50.091172" lon="16.815715"><ele>544.75</ele></trkpt>
   <trkpt lat="50.091075" lon="16.815959"><ele>545.5</ele></trkpt>
   <trkpt lat="50.091039" lon="16.816046"><ele>545.25</ele></trkpt>
   <trkpt lat="50.09091" lon="16.816299"><ele>544.75</ele></trkpt>
   <trkpt lat="50.090802" lon="16.816461"><ele>545</ele></trkpt>
   <trkpt lat="50.090052" lon="16.817386"><ele>542.25</ele></trkpt>
   <trkpt lat="50.089665" lon="16.817807"><ele>541.5</ele></trkpt>
   <trkpt lat="50.089302" lon="16.818254"><ele>540</ele></trkpt>
   <trkpt lat="50.088944" lon="16.818733"><ele>540</ele></trkpt>
   <trkpt lat="50.088677" lon="16.819072"><ele>539</ele></trkpt>
   <trkpt lat="50.088476" lon="16.819348"><ele>538</ele></trkpt>
   <trkpt lat="50.087954" lon="16.820249"><ele>537.5</ele></trkpt>
   <trkpt lat="50.087125" lon="16.821772"><ele>535.25</ele></trkpt>
   <trkpt lat="50.085954" lon="16.824246"><ele>531.75</ele></trkpt>
   <trkpt lat="50.085856" lon="16.824454"><ele>531.75</ele></trkpt>
   <trkpt lat="50.085788" lon="16.824666"><ele>531.5</ele></trkpt>
   <trkpt lat="50.085733" lon="16.824894"><ele>530.75</ele></trkpt>
   <trkpt lat="50.085702" lon="16.825141"><ele>530.25</ele></trkpt>
   <trkpt lat="50.085706" lon="16.825486"><ele>529.5</ele></trkpt>
   <trkpt lat="50.085834" lon="16.826793"><ele>530</ele></trkpt>
   <trkpt lat="50.085888" lon="16.827402"><ele>528.25</ele></trkpt>
   <trkpt lat="50.085884" lon="16.82771"><ele>527.5</ele></trkpt>
   <trkpt lat="50.085801" lon="16.828541"><ele>528</ele></trkpt>
   <trkpt lat="50.085752" lon="16.828899"><ele>527.5</ele></trkpt>
   <trkpt lat="50.085746" lon="16.829139"><ele>527.5</ele></trkpt>
   <trkpt lat="50.085839" lon="16.830216"><ele>526</ele></trkpt>
   <trkpt lat="50.086163" lon="16.832526"><ele>523</ele></trkpt>
   <trkpt lat="50.086241" lon="16.833348"><ele>523.25</ele></trkpt>
   <trkpt lat="50.08626" lon="16.833706"><ele>523</ele></trkpt>
   <trkpt lat="50.086259" lon="16.833982"><ele>523.25</ele></trkpt>
   <trkpt lat="50.086223" lon="16.83437"><ele>522.5</ele></trkpt>
   <trkpt lat="50.086055" lon="16.835833"><ele>522.5</ele></trkpt>
   <trkpt lat="50.086003" lon="16.836118"><ele>521.75</ele></trkpt>
   <trkpt lat="50.085821" lon="16.836693"><ele>522.75</ele></trkpt>
   <trkpt lat="50.085686" lon="16.837356"><ele>521.25</ele></trkpt>
   <trkpt lat="50.085658" lon="16.837664"><ele>521</ele></trkpt>
   <trkpt lat="50.085671" lon="16.838209"><ele>521</ele></trkpt>
   <trkpt lat="50.085725" lon="16.838684"><ele>520</ele></trkpt>
   <trkpt lat="50.085824" lon="16.83906"><ele>519.75</ele></trkpt>
   <trkpt lat="50.085924" lon="16.839311"><ele>518.5</ele></trkpt>
   <trkpt lat="50.086256" lon="16.840089"><ele>517.25</ele></trkpt>
   <trkpt lat="50.086528" lon="16.840828"><ele>516</ele></trkpt>
   <trkpt lat="50.086762" lon="16.841574"><ele>515</ele></trkpt>
   <trkpt lat="50.086851" lon="16.841948"><ele>514</ele></trkpt>
   <trkpt lat="50.086876" lon="16.842088"><ele>514.5</ele></trkpt>
   <trkpt lat="50.086929" lon="16.842428"><ele>515.75</ele></trkpt>
   <trkpt lat="50.08694" lon="16.842472"><ele>515.75</ele></trkpt>
   <trkpt lat="50.087011" lon="16.842758"><ele>515.25</ele></trkpt>
   <trkpt lat="50.087077" lon="16.842944"><ele>514.75</ele></trkpt>
   <trkpt lat="50.08711" lon="16.843086"><ele>514.5</ele></trkpt>
   <trkpt lat="50.087149" lon="16.843378"><ele>514</ele></trkpt>
   <trkpt lat="50.087156" lon="16.843559"><ele>513.5</ele></trkpt>
   <trkpt lat="50.087169" lon="16.844009"><ele>513.25</ele></trkpt>
   <trkpt lat="50.087179" lon="16.844347"><ele>512.75</ele></trkpt>
   <trkpt lat="50.087199" lon="16.844753"><ele>511.75</ele></trkpt>
   <trkpt lat="50.087246" lon="16.845229"><ele>512.5</ele></trkpt>
   <trkpt lat="50.087287" lon="16.845591"><ele>512.25</ele></trkpt>
   <trkpt lat="50.087334" lon="16.845833"><ele>511.75</ele></trkpt>
   <trkpt lat="50.087392" lon="16.846068"><ele>511.5</ele></trkpt>
   <trkpt lat="50.087456" lon="16.846257"><ele>511.25</ele></trkpt>
   <trkpt lat="50.087562" lon="16.846497"><ele>511.5</ele></trkpt>
   <trkpt lat="50.08784" lon="16.847014"><ele>510.25</ele></trkpt>
   <trkpt lat="50.088107" lon="16.847473"><ele>509.5</ele></trkpt>
   <trkpt lat="50.088181" lon="16.847584"><ele>509.5</ele></trkpt>
   <trkpt lat="50.088245" lon="16.847649"><ele>509.25</ele></trkpt>
   <trkpt lat="50.088305" lon="16.847671"><ele>509.25</ele></trkpt>
   <trkpt lat="50.088397" lon="16.84768"><ele>509.25</ele></trkpt>
   <trkpt lat="50.088865" lon="16.847661"><ele>509.75</ele></trkpt>
   <trkpt lat="50.089225" lon="16.847667"><ele>510.25</ele></trkpt>
   <trkpt lat="50.089725" lon="16.847735"><ele>508.5</ele></trkpt>
   <trkpt lat="50.090047" lon="16.847815"><ele>508</ele></trkpt>
   <trkpt lat="50.090372" lon="16.848013"><ele>508.25</ele></trkpt>
   <trkpt lat="50.091046" lon="16.848628"><ele>504.75</ele></trkpt>
   <trkpt lat="50.091519" lon="16.84914"><ele>502.75</ele></trkpt>
   <trkpt lat="50.092403" lon="16.850015"><ele>501.75</ele></trkpt>
   <trkpt lat="50.092714" lon="16.850525"><ele>502.75</ele></trkpt>
   <trkpt lat="50.093045" lon="16.851216"><ele>500</ele></trkpt>
   <trkpt lat="50.093237" lon="16.851865"><ele>501</ele></trkpt>
   <trkpt lat="50.093684" lon="16.853564"><ele>498.75</ele></trkpt>
   <trkpt lat="50.093835" lon="16.854074"><ele>498.5</ele></trkpt>
   <trkpt lat="50.094087" lon="16.854649"><ele>497.5</ele></trkpt>
   <trkpt lat="50.094395" lon="16.855166"><ele>496.75</ele></trkpt>
   <trkpt lat="50.094679" lon="16.85571"><ele>495.25</ele></trkpt>
   <trkpt lat="50.094795" lon="16.855983"><ele>496.5</ele></trkpt>
   <trkpt lat="50.094942" lon="16.856396"><ele>495</ele></trkpt>
   <trkpt lat="50.095238" lon="16.857378"><ele>494.25</ele></trkpt>
   <trkpt lat="50.095353" lon="16.857845"><ele>495.25</ele></trkpt>
   <trkpt lat="50.095375" lon="16.858003"><ele>495</ele></trkpt>
   <trkpt lat="50.095392" lon="16.858212"><ele>495</ele></trkpt>
   <trkpt lat="50.095399" lon="16.858378"><ele>495</ele></trkpt>
   <trkpt lat="50.095372" lon="16.858641"><ele>494.25</ele></trkpt>
   <trkpt lat="50.095298" lon="16.85895"><ele>493.75</ele></trkpt>
   <trkpt lat="50.095089" lon="16.859763"><ele>494.75</ele></trkpt>
   <trkpt lat="50.094894" lon="16.860286"><ele>493.25</ele></trkpt>
   <trkpt lat="50.094164" lon="16.861996"><ele>490.25</ele></trkpt>
   <trkpt lat="50.094007" lon="16.862465"><ele>490</ele></trkpt>
   <trkpt lat="50.093667" lon="16.863721"><ele>488.5</ele></trkpt>
   <trkpt lat="50.093352" lon="16.865203"><ele>486.5</ele></trkpt>
   <trkpt lat="50.093345" lon="16.865471"><ele>486.25</ele></trkpt>
   <trkpt lat="50.093371" lon="16.86574"><ele>487.25</ele></trkpt>
   <trkpt lat="50.093717" lon="16.866843"><ele>486.5</ele></trkpt>
   <trkpt lat="50.094276" lon="16.868577"><ele>482.75</ele></trkpt>
   <trkpt lat="50.094371" lon="16.86899"><ele>482</ele></trkpt>
   <trkpt lat="50.094403" lon="16.869309"><ele>480.75</ele></trkpt>
   <trkpt lat="50.094394" lon="16.869597"><ele>481</ele></trkpt>
   <trkpt lat="50.094313" lon="16.870075"><ele>480.75</ele></trkpt>
   <trkpt lat="50.094134" lon="16.870579"><ele>480.25</ele></trkpt>
   <trkpt lat="50.093969" lon="16.870881"><ele>480.5</ele></trkpt>
   <trkpt lat="50.093746" lon="16.871169"><ele>480</ele></trkpt>
   <trkpt lat="50.0933" lon="16.871471"><ele>478.25</ele></trkpt>
   <trkpt lat="50.093051" lon="16.871628"><ele>477.5</ele></trkpt>
   <trkpt lat="50.092545" lon="16.872228"><ele>479.5</ele></trkpt>
   <trkpt lat="50.092294" lon="16.872651"><ele>479.25</ele></trkpt>
   <trkpt lat="50.092101" lon="16.873073"><ele>477.75</ele></trkpt>
   <trkpt lat="50.092037" lon="16.873271"><ele>477.75</ele></trkpt>
   <trkpt lat="50.09196" lon="16.873558"><ele>477.75</ele></trkpt>
   <trkpt lat="50.09194" lon="16.87367"><ele>477.5</ele></trkpt>
   <trkpt lat="50.091912" lon="16.873906"><ele>476.75</ele></trkpt>
   <trkpt lat="50.091882" lon="16.874265"><ele>476.25</ele></trkpt>
   <trkpt lat="50.091871" lon="16.874723"><ele>475</ele></trkpt>
   <trkpt lat="50.091888" lon="16.875216"><ele>474.25</ele></trkpt>
   <trkpt lat="50.091933" lon="16.87567"><ele>473.25</ele></trkpt>
   <trkpt lat="50.092046" lon="16.876232"><ele>473.25</ele></trkpt>
   <trkpt lat="50.092285" lon="16.877236"><ele>471.5</ele></trkpt>
   <trkpt lat="50.092311" lon="16.877456"><ele>472.75</ele></trkpt>
   <trkpt lat="50.09231" lon="16.877705"><ele>472.5</ele></trkpt>
   <trkpt lat="50.092283" lon="16.877912"><ele>470.25</ele></trkpt>
   <trkpt lat="50.092223" lon="16.878119"><ele>467.25</ele></trkpt>
   <trkpt lat="50.092144" lon="16.878275"><ele>467.75</ele></trkpt>
   <trkpt lat="50.091939" lon="16.878472"><ele>468.25</ele></trkpt>
   <trkpt lat="50.091029" lon="16.878902"><ele>464.25</ele></trkpt>
   <trkpt lat="50.090875" lon="16.878919"><ele>464.5</ele></trkpt>
   <trkpt lat="50.090556" lon="16.8788"><ele>466</ele></trkpt>
   <trkpt lat="50.090038" lon="16.878558"><ele>463.75</ele></trkpt>
   <trkpt lat="50.089836" lon="16.878545"><ele>462.5</ele></trkpt>
   <trkpt lat="50.089686" lon="16.878659"><ele>462.75</ele></trkpt>
   <trkpt lat="50.089532" lon="16.87883"><ele>462.5</ele></trkpt>
   <trkpt lat="50.089403" lon="16.879042"><ele>461</ele></trkpt>
   <trkpt lat="50.089337" lon="16.879284"><ele>461.25</ele></trkpt>
   <trkpt lat="50.089339" lon="16.879445"><ele>461.5</ele></trkpt>
   <trkpt lat="50.089739" lon="16.880541"><ele>459.75</ele></trkpt>
   <trkpt lat="50.089857" lon="16.880892"><ele>460.75</ele></trkpt>
   <trkpt lat="50.09013" lon="16.882059"><ele>459</ele></trkpt>
   <trkpt lat="50.090469" lon="16.883975"><ele>455.5</ele></trkpt>
   <trkpt lat="50.090513" lon="16.884268"><ele>455</ele></trkpt>
   <trkpt lat="50.090523" lon="16.884561"><ele>454.5</ele></trkpt>
   <trkpt lat="50.090431" lon="16.884972"><ele>454.5</ele></trkpt>
   <trkpt lat="50.089849" lon="16.886746"><ele>451.25</ele></trkpt>
   <trkpt lat="50.089561" lon="16.887405"><ele>451.25</ele></trkpt>
   <trkpt lat="50.089304" lon="16.887928"><ele>451</ele></trkpt>
   <trkpt lat="50.089174" lon="16.888289"><ele>450</ele></trkpt>
   <trkpt lat="50.089128" lon="16.888654"><ele>451.25</ele></trkpt>
   <trkpt lat="50.089116" lon="16.889019"><ele>451.25</ele></trkpt>
   <trkpt lat="50.089275" lon="16.890072"><ele>449.5</ele></trkpt>
   <trkpt lat="50.08939" lon="16.890531"><ele>449.5</ele></trkpt>
   <trkpt lat="50.089593" lon="16.891011"><ele>447.75</ele></trkpt>
   <trkpt lat="50.089679" lon="16.891292"><ele>447</ele></trkpt>
   <trkpt lat="50.089714" lon="16.891475"><ele>446.25</ele></trkpt>
   <trkpt lat="50.08974" lon="16.891678"><ele>445</ele></trkpt>
   <trkpt lat="50.08974" lon="16.89183"><ele>444.5</ele></trkpt>
   <trkpt lat="50.089713" lon="16.892444"><ele>441.25</ele></trkpt>
   <trkpt lat="50.089707" lon="16.8928"><ele>442.25</ele></trkpt>
   <trkpt lat="50.089712" lon="16.893098"><ele>443</ele></trkpt>
   <trkpt lat="50.089745" lon="16.893487"><ele>441.75</ele></trkpt>
   <trkpt lat="50.089741" lon="16.893636"><ele>441.75</ele></trkpt>
   <trkpt lat="50.089697" lon="16.893881"><ele>441</ele></trkpt>
   <trkpt lat="50.089643" lon="16.894044"><ele>441</ele></trkpt>
   <trkpt lat="50.089358" lon="16.894735"><ele>440</ele></trkpt>
   <trkpt lat="50.089253" lon="16.894988"><ele>440</ele></trkpt>
   <trkpt lat="50.089098" lon="16.895311"><ele>439</ele></trkpt>
   <trkpt lat="50.088951" lon="16.895556"><ele>438.75</ele></trkpt>
   <trkpt lat="50.088828" lon="16.895716"><ele>438.25</ele></trkpt>
   <trkpt lat="50.088494" lon="16.896056"><ele>437.75</ele></trkpt>
   <trkpt lat="50.088274" lon="16.896296"><ele>438</ele></trkpt>
   <trkpt lat="50.088132" lon="16.896469"><ele>438.5</ele></trkpt>
   <trkpt lat="50.088027" lon="16.896628"><ele>438.25</ele></trkpt>
   <trkpt lat="50.08796" lon="16.89677"><ele>437.5</ele></trkpt>
   <trkpt lat="50.087832" lon="16.897276"><ele>437.25</ele></trkpt>
   <trkpt lat="50.087767" lon="16.897484"><ele>437</ele></trkpt>
   <trkpt lat="50.087666" lon="16.897693"><ele>437.5</ele></trkpt>
   <trkpt lat="50.087585" lon="16.897949"><ele>437.25</ele></trkpt>
   <trkpt lat="50.087559" lon="16.898123"><ele>437</ele></trkpt>
   <trkpt lat="50.087553" lon="16.898267"><ele>436.5</ele></trkpt>
   <trkpt lat="50.087563" lon="16.89839"><ele>436.25</ele></trkpt>
   <trkpt lat="50.087658" lon="16.898949"><ele>434.5</ele></trkpt>
   <trkpt lat="50.087785" lon="16.899659"><ele>432.75</ele></trkpt>
   <trkpt lat="50.087901" lon="16.900075"><ele>433.25</ele></trkpt>
   <trkpt lat="50.088007" lon="16.900336"><ele>432.5</ele></trkpt>
   <trkpt lat="50.088253" lon="16.900846"><ele>431</ele></trkpt>
   <trkpt lat="50.088399" lon="16.901149"><ele>431.5</ele></trkpt>
   <trkpt lat="50.088521" lon="16.901414"><ele>431.25</ele></trkpt>
   <trkpt lat="50.08859" lon="16.901591"><ele>431.75</ele></trkpt>
   <trkpt lat="50.088711" lon="16.901996"><ele>429.75</ele></trkpt>
   <trkpt lat="50.088752" lon="16.902157"><ele>429.5</ele></trkpt>
   <trkpt lat="50.088901" lon="16.902827"><ele>428.75</ele></trkpt>
   <trkpt lat="50.08897" lon="16.903032"><ele>428</ele></trkpt>
   <trkpt lat="50.089168" lon="16.903434"><ele>427.5</ele></trkpt>
   <trkpt lat="50.089307" lon="16.903752"><ele>427.75</ele></trkpt>
   <trkpt lat="50.089364" lon="16.903973"><ele>427.75</ele></trkpt>
   <trkpt lat="50.089376" lon="16.904096"><ele>428.25</ele></trkpt>
   <trkpt lat="50.089367" lon="16.904288"><ele>429</ele></trkpt>
   <trkpt lat="50.089334" lon="16.904445"><ele>429.25</ele></trkpt>
   <trkpt lat="50.08926" lon="16.904663"><ele>429.25</ele></trkpt>
   <trkpt lat="50.089177" lon="16.90484"><ele>426.25</ele></trkpt>
   <trkpt lat="50.088995" lon="16.905185"><ele>428</ele></trkpt>
   <trkpt lat="50.088535" lon="16.905877"><ele>424.75</ele></trkpt>
   <trkpt lat="50.087967" lon="16.906731"><ele>424</ele></trkpt>
   <trkpt lat="50.087581" lon="16.907383"><ele>423.5</ele></trkpt>
   <trkpt lat="50.087497" lon="16.907599"><ele>423</ele></trkpt>
   <trkpt lat="50.087438" lon="16.90785"><ele>422.75</ele></trkpt>
   <trkpt lat="50.087401" lon="16.908198"><ele>422.25</ele></trkpt>
   <trkpt lat="50.087395" lon="16.908666"><ele>422.5</ele></trkpt>
   <trkpt lat="50.087413" lon="16.909165"><ele>421.5</ele></trkpt>
   <trkpt lat="50.087424" lon="16.90943"><ele>420.75</ele></trkpt>
   <trkpt lat="50.08746" lon="16.909853"><ele>420</ele></trkpt>
   <trkpt lat="50.087542" lon="16.91041"><ele>420.75</ele></trkpt>
   <trkpt lat="50.087672" lon="16.911769"><ele>421.25</ele></trkpt>
   <trkpt lat="50.087702" lon="16.911938"><ele>420.25</ele></trkpt>
   <trkpt lat="50.088037" lon="16.913137"><ele>418.75</ele></trkpt>
   <trkpt lat="50.088287" lon="16.914036"><ele>419.75</ele></trkpt>
   <trkpt lat="50.088361" lon="16.914256"><ele>418.75</ele></trkpt>
   <trkpt lat="50.088632" lon="16.915082"><ele>418.5</ele></trkpt>
   <trkpt lat="50.088767" lon="16.915459"><ele>417.5</ele></trkpt>
   <trkpt lat="50.088984" lon="16.916022"><ele>419.25</ele></trkpt>
   <trkpt lat="50.089018" lon="16.916128"><ele>419</ele></trkpt>
   <trkpt lat="50.089044" lon="16.916241"><ele>418.75</ele></trkpt>
   <trkpt lat="50.089072" lon="16.916471"><ele>418</ele></trkpt>
   <trkpt lat="50.089081" lon="16.916744"><ele>417.5</ele></trkpt>
   <trkpt lat="50.089055" lon="16.917152"><ele>417.25</ele></trkpt>
   <trkpt lat="50.089023" lon="16.917453"><ele>417.5</ele></trkpt>
   <trkpt lat="50.088947" lon="16.917908"><ele>416.5</ele></trkpt>
   <trkpt lat="50.088896" lon="16.918176"><ele>414.75</ele></trkpt>
   <trkpt lat="50.088841" lon="16.918524"><ele>415.25</ele></trkpt>
   <trkpt lat="50.088822" lon="16.918674"><ele>416</ele></trkpt>
   <trkpt lat="50.088812" lon="16.918877"><ele>417</ele></trkpt>
   <trkpt lat="50.088795" lon="16.919143"><ele>416.5</ele></trkpt>
   <trkpt lat="50.08879" lon="16.919327"><ele>415.75</ele></trkpt>
   <trkpt lat="50.088792" lon="16.919488"><ele>415.5</ele></trkpt>
   <trkpt lat="50.088804" lon="16.919615"><ele>415.25</ele></trkpt>
   <trkpt lat="50.088808" lon="16.91978"><ele>414.75</ele></trkpt>
   <trkpt lat="50.088798" lon="16.919856"><ele>414.5</ele></trkpt>
   <trkpt lat="50.088751" lon="16.92012"><ele>413</ele></trkpt>
   <trkpt lat="50.088703" lon="16.920223"><ele>412.75</ele></trkpt>
   <trkpt lat="50.088638" lon="16.920309"><ele>412.5</ele></trkpt>
   <trkpt lat="50.088526" lon="16.920424"><ele>412.5</ele></trkpt>
   <trkpt lat="50.088489" lon="16.920453"><ele>412.5</ele></trkpt>
   <trkpt lat="50.088353" lon="16.920556"><ele>413</ele></trkpt>
   <trkpt lat="50.087568" lon="16.921031"><ele>412.25</ele></trkpt>
   <trkpt lat="50.087117" lon="16.92133"><ele>412</ele></trkpt>
   <trkpt lat="50.086978" lon="16.921421"><ele>412.25</ele></trkpt>
   <trkpt lat="50.086873" lon="16.921486"><ele>411</ele></trkpt>
   <trkpt lat="50.086715" lon="16.921612"><ele>410.5</ele></trkpt>
   <trkpt lat="50.086575" lon="16.92174"><ele>409.75</ele></trkpt>
   <trkpt lat="50.0863" lon="16.92204"><ele>409.75</ele></trkpt>
   <trkpt lat="50.086169" lon="16.922202"><ele>409.25</ele></trkpt>
   <trkpt lat="50.085025" lon="16.9237"><ele>405.5</ele></trkpt>
   <trkpt lat="50.08424" lon="16.924653"><ele>404.25</ele></trkpt>
   <trkpt lat="50.083915" lon="16.925029"><ele>403.5</ele></trkpt>
   <trkpt lat="50.083605" lon="16.925354"><ele>403.25</ele></trkpt>
   <trkpt lat="50.083392" lon="16.925573"><ele>403.25</ele></trkpt>
   <trkpt lat="50.08309" lon="16.925798"><ele>403.5</ele></trkpt>
   <trkpt lat="50.082385" lon="16.9263"><ele>403.75</ele></trkpt>
   <trkpt lat="50.082116" lon="16.926514"><ele>403</ele></trkpt>
   <trkpt lat="50.081505" lon="16.927088"><ele>402.25</ele></trkpt>
   <trkpt lat="50.081107" lon="16.927549"><ele>401.75</ele></trkpt>
   <trkpt lat="50.080082" lon="16.92866"><ele>400.75</ele></trkpt>
   <trkpt lat="50.079902" lon="16.928885"><ele>400.5</ele></trkpt>
   <trkpt lat="50.079708" lon="16.929128"><ele>399.75</ele></trkpt>
   <trkpt lat="50.079432" lon="16.929554"><ele>398.75</ele></trkpt>
   <trkpt lat="50.079204" lon="16.930013"><ele>399</ele></trkpt>
   <trkpt lat="50.078941" lon="16.930591"><ele>398</ele></trkpt>
   <trkpt lat="50.078879" lon="16.930742"><ele>397.75</ele></trkpt>
   <trkpt lat="50.07861" lon="16.931415"><ele>397.75</ele></trkpt>
   <trkpt lat="50.078536" lon="16.931624"><ele>397.5</ele></trkpt>
   <trkpt lat="50.078515" lon="16.931685"><ele>397.5</ele></trkpt>
   <trkpt lat="50.078324" lon="16.932251"><ele>397.75</ele></trkpt>
   <trkpt lat="50.078016" lon="16.933204"><ele>397.5</ele></trkpt>
   <trkpt lat="50.078005" lon="16.933237"><ele>397.5</ele></trkpt>
   <trkpt lat="50.07789" lon="16.933504"><ele>396.25</ele></trkpt>
   <trkpt lat="50.077783" lon="16.93338"><ele>395</ele></trkpt>
   <trkpt lat="50.077603" lon="16.933169"><ele>396.75</ele></trkpt>
   <trkpt lat="50.077545" lon="16.933099"><ele>397.5</ele></trkpt>
   <trkpt lat="50.077509" lon="16.933067"><ele>397.75</ele></trkpt>
   <trkpt lat="50.077421" lon="16.932987"><ele>397.5</ele></trkpt>
   <trkpt lat="50.077223" lon="16.932864"><ele>397</ele></trkpt>
   <trkpt lat="50.076982" lon="16.932762"><ele>397</ele></trkpt>
   <trkpt lat="50.077028" lon="16.932469"><ele>397</ele></trkpt>
   <trkpt lat="50.077045" lon="16.932369"><ele>396.75</ele></trkpt>
   <trkpt lat="50.077063" lon="16.93226"><ele>397</ele></trkpt>
   <trkpt lat="50.077068" lon="16.932172"><ele>396.75</ele></trkpt>
   <trkpt lat="50.077062" lon="16.932"><ele>396.5</ele></trkpt>
   <trkpt lat="50.077042" lon="16.931918"><ele>396.25</ele></trkpt>
   <trkpt lat="50.076998" lon="16.931804"><ele>396</ele></trkpt>
   <trkpt lat="50.076898" lon="16.93159"><ele>396</ele></trkpt>
   <trkpt lat="50.076725" lon="16.931209"><ele>396</ele></trkpt>
   <trkpt lat="50.076647" lon="16.931054"><ele>396</ele></trkpt>
   <trkpt lat="50.076592" lon="16.930931"><ele>396</ele></trkpt>
   <trkpt lat="50.076526" lon="16.930788"><ele>396</ele></trkpt>
   <trkpt lat="50.076349" lon="16.930361"><ele>396</ele></trkpt>
   <trkpt lat="50.076199" lon="16.930125"><ele>396</ele></trkpt>
   <trkpt lat="50.076147" lon="16.930043"><ele>396</ele></trkpt>
   <trkpt lat="50.075996" lon="16.929858"><ele>396</ele></trkpt>
   <trkpt lat="50.075892" lon="16.929792"><ele>396</ele></trkpt>
   <trkpt lat="50.075759" lon="16.929753"><ele>395.5</ele></trkpt>
   <trkpt lat="50.075621" lon="16.929739"><ele>395</ele></trkpt>
   <trkpt lat="50.075539" lon="16.929737"><ele>395</ele></trkpt>
   <trkpt lat="50.074881" lon="16.929788"><ele>394.5</ele></trkpt>
   <trkpt lat="50.074702" lon="16.929818"><ele>393.75</ele></trkpt>
   <trkpt lat="50.074598" lon="16.929882"><ele>393.5</ele></trkpt>
   <trkpt lat="50.074086" lon="16.93014"><ele>393</ele></trkpt>
   <trkpt lat="50.073078" lon="16.930412"><ele>392</ele></trkpt>
   <trkpt lat="50.072693" lon="16.930473"><ele>391.75</ele></trkpt>
   <trkpt lat="50.072466" lon="16.930492"><ele>391</ele></trkpt>
   <trkpt lat="50.072394" lon="16.930498"><ele>391</ele></trkpt>
   <trkpt lat="50.072237" lon="16.930457"><ele>391</ele></trkpt>
   <trkpt lat="50.071927" lon="16.930321"><ele>390.75</ele></trkpt>
   <trkpt lat="50.071821" lon="16.931038"><ele>390.5</ele></trkpt>
   <trkpt lat="50.071722" lon="16.931702"><ele>391</ele></trkpt>
   <trkpt lat="50.071709" lon="16.931795"><ele>391</ele></trkpt>
   <trkpt lat="50.071498" lon="16.93171"><ele>390.75</ele></trkpt>
   <trkpt lat="50.071452" lon="16.931691"><ele>390.75</ele></trkpt>
   <trkpt lat="50.071051" lon="16.931472"><ele>390</ele></trkpt>
   <trkpt lat="50.070748" lon="16.93129"><ele>389.75</ele></trkpt>
   <trkpt lat="50.070313" lon="16.931003"><ele>389.5</ele></trkpt>
   <trkpt lat="50.069665" lon="16.930512"><ele>389</ele></trkpt>
   <trkpt lat="50.069574" lon="16.930449"><ele>389</ele></trkpt>
   <trkpt lat="50.069435" lon="16.93037"><ele>389</ele></trkpt>
   <trkpt lat="50.069279" lon="16.930309"><ele>389</ele></trkpt>
   <trkpt lat="50.06897" lon="16.930235"><ele>388.25</ele></trkpt>
   <trkpt lat="50.068841" lon="16.930207"><ele>388.25</ele></trkpt>
   <trkpt lat="50.068726" lon="16.930205"><ele>388.5</ele></trkpt>
   <trkpt lat="50.068638" lon="16.929983"><ele>388</ele></trkpt>
   <trkpt lat="50.068562" lon="16.929786"><ele>389.75</ele></trkpt>
   <trkpt lat="50.068528" lon="16.929689"><ele>390.25</ele></trkpt>
   <trkpt lat="50.068424" lon="16.929356"><ele>388</ele></trkpt>
   <trkpt lat="50.068374" lon="16.929172"><ele>388</ele></trkpt>
   <trkpt lat="50.068346" lon="16.929031"><ele>388</ele></trkpt>
   <trkpt lat="50.068318" lon="16.928843"><ele>388</ele></trkpt>
   <trkpt lat="50.068157" lon="16.927471"><ele>387.75</ele></trkpt>
   <trkpt lat="50.068119" lon="16.927265"><ele>387</ele></trkpt>
   <trkpt lat="50.068099" lon="16.92721"><ele>387</ele></trkpt>
   <trkpt lat="50.068018" lon="16.927026"><ele>387</ele></trkpt>
   <trkpt lat="50.067954" lon="16.926915"><ele>387.25</ele></trkpt>
   <trkpt lat="50.067793" lon="16.926606"><ele>387</ele></trkpt>
   <trkpt lat="50.067713" lon="16.926385"><ele>387</ele></trkpt>
   <trkpt lat="50.067644" lon="16.926164"><ele>387</ele></trkpt>
   <trkpt lat="50.067577" lon="16.92599"><ele>388</ele></trkpt>
   <trkpt lat="50.067495" lon="16.92584"><ele>387.75</ele></trkpt>
   <trkpt lat="50.067421" lon="16.925764"><ele>389</ele></trkpt>
   <trkpt lat="50.067343" lon="16.925709"><ele>389.25</ele></trkpt>
   <trkpt lat="50.067173" lon="16.925639"><ele>388.25</ele></trkpt>
   <trkpt lat="50.066961" lon="16.925618"><ele>387.75</ele></trkpt>
   <trkpt lat="50.066538" lon="16.925688"><ele>388.5</ele></trkpt>
   <trkpt lat="50.066412" lon="16.925695"><ele>388.25</ele></trkpt>
   <trkpt lat="50.066257" lon="16.925677"><ele>388</ele></trkpt>
   <trkpt lat="50.066048" lon="16.925598"><ele>387.75</ele></trkpt>
   <trkpt lat="50.06588" lon="16.925511"><ele>388.5</ele></trkpt>
   <trkpt lat="50.065819" lon="16.925563"><ele>387.75</ele></trkpt>
   <trkpt lat="50.065786" lon="16.925576"><ele>387.25</ele></trkpt>
   <trkpt lat="50.065746" lon="16.925575"><ele>386.75</ele></trkpt>
   <trkpt lat="50.065642" lon="16.925518"><ele>386.25</ele></trkpt>
   <trkpt lat="50.065552" lon="16.925456"><ele>386.25</ele></trkpt>
   <trkpt lat="50.065342" lon="16.92527"><ele>386</ele></trkpt>
   <trkpt lat="50.065026" lon="16.924967"><ele>385.75</ele></trkpt>
   <trkpt lat="50.064725" lon="16.924593"><ele>386.25</ele></trkpt>
   <trkpt lat="50.064466" lon="16.924337"><ele>386.25</ele></trkpt>
   <trkpt lat="50.064125" lon="16.92416"><ele>385</ele></trkpt>
   <trkpt lat="50.06397" lon="16.924055"><ele>387</ele></trkpt>
   <trkpt lat="50.063779" lon="16.923985"><ele>387.75</ele></trkpt>
   <trkpt lat="50.063678" lon="16.92398"><ele>388</ele></trkpt>
   <trkpt lat="50.063577" lon="16.924026"><ele>388</ele></trkpt>
   <trkpt lat="50.063455" lon="16.924193"><ele>387</ele></trkpt>
   <trkpt lat="50.063361" lon="16.924375"><ele>386.5</ele></trkpt>
   <trkpt lat="50.06318" lon="16.924778"><ele>386.5</ele></trkpt>
   <trkpt lat="50.06294" lon="16.925002"><ele>384.75</ele></trkpt>
   <trkpt lat="50.062637" lon="16.925164"><ele>385.5</ele></trkpt>
   <trkpt lat="50.062238" lon="16.925238"><ele>386.5</ele></trkpt>
   <trkpt lat="50.06191" lon="16.925189"><ele>387.25</ele></trkpt>
   <trkpt lat="50.061498" lon="16.924973"><ele>388.5</ele></trkpt>
   <trkpt lat="50.061247" lon="16.924765"><ele>388.25</ele></trkpt>
   <trkpt lat="50.061128" lon="16.924548"><ele>388.5</ele></trkpt>
   <trkpt lat="50.060957" lon="16.924519"><ele>387.5</ele></trkpt>
   <trkpt lat="50.060803" lon="16.924459"><ele>386.75</ele></trkpt>
   <trkpt lat="50.060645" lon="16.924371"><ele>385.5</ele></trkpt>
   <trkpt lat="50.059913" lon="16.923876"><ele>382.25</ele></trkpt>
   <trkpt lat="50.059721" lon="16.923721"><ele>381.5</ele></trkpt>
   <trkpt lat="50.059633" lon="16.923633"><ele>380.75</ele></trkpt>
   <trkpt lat="50.059536" lon="16.923508"><ele>380</ele></trkpt>
   <trkpt lat="50.059084" lon="16.922735"><ele>379.25</ele></trkpt>
   <trkpt lat="50.058674" lon="16.921974"><ele>378.25</ele></trkpt>
   <trkpt lat="50.05855" lon="16.921743"><ele>378.5</ele></trkpt>
   <trkpt lat="50.058421" lon="16.92148"><ele>378.75</ele></trkpt>
   <trkpt lat="50.058087" lon="16.920776"><ele>379</ele></trkpt>
   <trkpt lat="50.057537" lon="16.919621"><ele>378</ele></trkpt>
   <trkpt lat="50.057352" lon="16.919255"><ele>377.75</ele></trkpt>
   <trkpt lat="50.057123" lon="16.91887"><ele>378</ele></trkpt>
   <trkpt lat="50.056976" lon="16.918657"><ele>378.75</ele></trkpt>
   <trkpt lat="50.056865" lon="16.918519"><ele>380.5</ele></trkpt>
   <trkpt lat="50.056715" lon="16.91837"><ele>379.5</ele></trkpt>
   <trkpt lat="50.056521" lon="16.918199"><ele>381.25</ele></trkpt>
   <trkpt lat="50.056261" lon="16.918023"><ele>380</ele></trkpt>
   <trkpt lat="50.056085" lon="16.917926"><ele>381.25</ele></trkpt>
   <trkpt lat="50.055935" lon="16.917868"><ele>383</ele></trkpt>
   <trkpt lat="50.055225" lon="16.917713"><ele>381.25</ele></trkpt>
   <trkpt lat="50.054957" lon="16.917667"><ele>380.25</ele></trkpt>
   <trkpt lat="50.054381" lon="16.917622"><ele>377.75</ele></trkpt>
   <trkpt lat="50.054285" lon="16.917617"><ele>377.5</ele></trkpt>
   <trkpt lat="50.054006" lon="16.917529"><ele>377.25</ele></trkpt>
   <trkpt lat="50.053817" lon="16.917425"><ele>376.5</ele></trkpt>
   <trkpt lat="50.053681" lon="16.917365"><ele>376.25</ele></trkpt>
   <trkpt lat="50.053546" lon="16.917342"><ele>376</ele></trkpt>
   <trkpt lat="50.053413" lon="16.917363"><ele>376</ele></trkpt>
   <trkpt lat="50.05306" lon="16.917484"><ele>375.75</ele></trkpt>
   <trkpt lat="50.052868" lon="16.917517"><ele>375.75</ele></trkpt>
   <trkpt lat="50.052688" lon="16.917517"><ele>375.5</ele></trkpt>
   <trkpt lat="50.052296" lon="16.917453"><ele>375</ele></trkpt>
   <trkpt lat="50.052158" lon="16.917407"><ele>374.75</ele></trkpt>
   <trkpt lat="50.052019" lon="16.917331"><ele>374.5</ele></trkpt>
   <trkpt lat="50.051171" lon="16.916666"><ele>373</ele></trkpt>
   <trkpt lat="50.050901" lon="16.91649"><ele>373.25</ele></trkpt>
   <trkpt lat="50.050139" lon="16.916096"><ele>373</ele></trkpt>
   <trkpt lat="50.049518" lon="16.915813"><ele>373</ele></trkpt>
   <trkpt lat="50.048698" lon="16.91544"><ele>372.25</ele></trkpt>
   <trkpt lat="50.048208" lon="16.915239"><ele>372.25</ele></trkpt>
   <trkpt lat="50.04677" lon="16.914786"><ele>371</ele></trkpt>
   <trkpt lat="50.04651" lon="16.914735"><ele>370.75</ele></trkpt>
   <trkpt lat="50.045882" lon="16.914697"><ele>371</ele></trkpt>
   <trkpt lat="50.045369" lon="16.91471"><ele>370.5</ele></trkpt>
   <trkpt lat="50.045266" lon="16.914714"><ele>370.75</ele></trkpt>
   <trkpt lat="50.044708" lon="16.914758"><ele>369.75</ele></trkpt>
   <trkpt lat="50.043456" lon="16.914936"><ele>370</ele></trkpt>
   <trkpt lat="50.043338" lon="16.914935"><ele>369.75</ele></trkpt>
   <trkpt lat="50.043191" lon="16.914918"><ele>369</ele></trkpt>
   <trkpt lat="50.042952" lon="16.914851"><ele>368.25</ele></trkpt>
   <trkpt lat="50.042831" lon="16.914798"><ele>368.5</ele></trkpt>
   <trkpt lat="50.042721" lon="16.914736"><ele>368.75</ele></trkpt>
   <trkpt lat="50.042559" lon="16.91462"><ele>368</ele></trkpt>
   <trkpt lat="50.042454" lon="16.914534"><ele>367.75</ele></trkpt>
   <trkpt lat="50.042328" lon="16.914401"><ele>368</ele></trkpt>
   <trkpt lat="50.042228" lon="16.914277"><ele>368</ele></trkpt>
   <trkpt lat="50.042113" lon="16.914108"><ele>367.5</ele></trkpt>
   <trkpt lat="50.042033" lon="16.913974"><ele>367.5</ele></trkpt>
   <trkpt lat="50.041895" lon="16.913718"><ele>367</ele></trkpt>
   <trkpt lat="50.041711" lon="16.91334"><ele>366.75</ele></trkpt>
   <trkpt lat="50.041251" lon="16.91235"><ele>366</ele></trkpt>
   <trkpt lat="50.04121" lon="16.912251"><ele>366</ele></trkpt>
   <trkpt lat="50.041168" lon="16.912117"><ele>366.25</ele></trkpt>
   <trkpt lat="50.041132" lon="16.911964"><ele>366.75</ele></trkpt>
   <trkpt lat="50.041109" lon="16.91181"><ele>366.75</ele></trkpt>
   <trkpt lat="50.041076" lon="16.911431"><ele>365.75</ele></trkpt>
   <trkpt lat="50.041026" lon="16.910667"><ele>365.5</ele></trkpt>
   <trkpt lat="50.041009" lon="16.910533"><ele>365.5</ele></trkpt>
   <trkpt lat="50.040985" lon="16.910425"><ele>365.5</ele></trkpt>
   <trkpt lat="50.040952" lon="16.910326"><ele>365.25</ele></trkpt>
   <trkpt lat="50.040902" lon="16.910208"><ele>365.25</ele></trkpt>
   <trkpt lat="50.040825" lon="16.910076"><ele>365.5</ele></trkpt>
   <trkpt lat="50.040733" lon="16.909933"><ele>365.25</ele></trkpt>
   <trkpt lat="50.040494" lon="16.90962"><ele>364.75</ele></trkpt>
   <trkpt lat="50.040405" lon="16.90952"><ele>364.75</ele></trkpt>
   <trkpt lat="50.040242" lon="16.90937"><ele>364.75</ele></trkpt>
   <trkpt lat="50.040247" lon="16.909279"><ele>364.75</ele></trkpt>
   <trkpt lat="50.040229" lon="16.909168"><ele>364.75</ele></trkpt>
   <trkpt lat="50.040114" lon="16.908729"><ele>365</ele></trkpt>
   <trkpt lat="50.04001" lon="16.908221"><ele>365</ele></trkpt>
   <trkpt lat="50.039955" lon="16.908233"><ele>364.75</ele></trkpt>
   <trkpt lat="50.039899" lon="16.908231"><ele>364.75</ele></trkpt>
   <trkpt lat="50.039843" lon="16.908195"><ele>364.5</ele></trkpt>
   <trkpt lat="50.039808" lon="16.908148"><ele>364.5</ele></trkpt>
   <trkpt lat="50.039765" lon="16.908057"><ele>364</ele></trkpt>
   <trkpt lat="50.039676" lon="16.907762"><ele>364.75</ele></trkpt>
   <trkpt lat="50.039608" lon="16.907546"><ele>364.5</ele></trkpt>
   <trkpt lat="50.039596" lon="16.90749"><ele>364.5</ele></trkpt>
   <trkpt lat="50.039587" lon="16.907388"><ele>364.25</ele></trkpt>
   <trkpt lat="50.039595" lon="16.907289"><ele>364</ele></trkpt>
   <trkpt lat="50.039601" lon="16.907061"><ele>364</ele></trkpt>
   <trkpt lat="50.039594" lon="16.906936"><ele>364</ele></trkpt>
   <trkpt lat="50.039575" lon="16.906815"><ele>364</ele></trkpt>
   <trkpt lat="50.039548" lon="16.906692"><ele>364</ele></trkpt>
   <trkpt lat="50.039464" lon="16.906448"><ele>364</ele></trkpt>
   <trkpt lat="50.03932" lon="16.906207"><ele>364</ele></trkpt>
   <trkpt lat="50.039248" lon="16.906094"><ele>363.75</ele></trkpt>
   <trkpt lat="50.039187" lon="16.905971"><ele>364</ele></trkpt>
   <trkpt lat="50.039129" lon="16.90583"><ele>363.75</ele></trkpt>
   <trkpt lat="50.039009" lon="16.905475"><ele>363.25</ele></trkpt>
   <trkpt lat="50.038749" lon="16.904976"><ele>363</ele></trkpt>
   <trkpt lat="50.038655" lon="16.904771"><ele>363</ele></trkpt>
   <trkpt lat="50.038521" lon="16.90444"><ele>362.75</ele></trkpt>
   <trkpt lat="50.038457" lon="16.904329"><ele>362.75</ele></trkpt>
   <trkpt lat="50.038397" lon="16.904252"><ele>362.75</ele></trkpt>
   <trkpt lat="50.038326" lon="16.904177"><ele>363</ele></trkpt>
   <trkpt lat="50.038213" lon="16.904096"><ele>362.75</ele></trkpt>
   <trkpt lat="50.038125" lon="16.904049"><ele>362.75</ele></trkpt>
   <trkpt lat="50.038034" lon="16.904004"><ele>362.75</ele></trkpt>
   <trkpt lat="50.037613" lon="16.903875"><ele>362</ele></trkpt>
   <trkpt lat="50.03748" lon="16.90379"><ele>362</ele></trkpt>
   <trkpt lat="50.037421" lon="16.903723"><ele>362</ele></trkpt>
   <trkpt lat="50.037195" lon="16.903407"><ele>362</ele></trkpt>
   <trkpt lat="50.037116" lon="16.90332"><ele>362</ele></trkpt>
   <trkpt lat="50.036909" lon="16.903113"><ele>362</ele></trkpt>
   <trkpt lat="50.036389" lon="16.90266"><ele>361.5</ele></trkpt>
   <trkpt lat="50.036341" lon="16.902589"><ele>361.25</ele></trkpt>
   <trkpt lat="50.036311" lon="16.902523"><ele>361</ele></trkpt>
   <trkpt lat="50.036214" lon="16.90224"><ele>361</ele></trkpt>
   <trkpt lat="50.036055" lon="16.901809"><ele>361</ele></trkpt>
   <trkpt lat="50.03592" lon="16.901395"><ele>361</ele></trkpt>
   <trkpt lat="50.035769" lon="16.90097"><ele>361</ele></trkpt>
   <trkpt lat="50.035658" lon="16.900779"><ele>361</ele></trkpt>
   <trkpt lat="50.035177" lon="16.900124"><ele>361</ele></trkpt>
   <trkpt lat="50.035098" lon="16.900027"><ele>361</ele></trkpt>
   <trkpt lat="50.035027" lon="16.899964"><ele>361.25</ele></trkpt>
   <trkpt lat="50.034936" lon="16.8999"><ele>361.5</ele></trkpt>
   <trkpt lat="50.034607" lon="16.899723"><ele>361.75</ele></trkpt>
   <trkpt lat="50.034076" lon="16.899332"><ele>363.5</ele></trkpt>
   <trkpt lat="50.034026" lon="16.899309"><ele>363.5</ele></trkpt>
   <trkpt lat="50.033969" lon="16.899289"><ele>363.75</ele></trkpt>
   <trkpt lat="50.033875" lon="16.899279"><ele>364</ele></trkpt>
   <trkpt lat="50.033784" lon="16.899289"><ele>364</ele></trkpt>
   <trkpt lat="50.033514" lon="16.899294"><ele>364.25</ele></trkpt>
   <trkpt lat="50.033411" lon="16.899274"><ele>364.5</ele></trkpt>
   <trkpt lat="50.033253" lon="16.899228"><ele>365</ele></trkpt>
   <trkpt lat="50.033153" lon="16.899181"><ele>365</ele></trkpt>
   <trkpt lat="50.033137" lon="16.899239"><ele>365</ele></trkpt>
   <trkpt lat="50.033079" lon="16.899379"><ele>365</ele></trkpt>
   <trkpt lat="50.032326" lon="16.901037"><ele>360</ele></trkpt>
   <trkpt lat="50.032253" lon="16.900957"><ele>360</ele></trkpt>
   <trkpt lat="50.032089" lon="16.900813"><ele>360</ele></trkpt>
   <trkpt lat="50.031812" lon="16.90064"><ele>361</ele></trkpt>
   <trkpt lat="50.03176" lon="16.900598"><ele>361</ele></trkpt>
   <trkpt lat="50.031706" lon="16.900538"><ele>361</ele></trkpt>
   <trkpt lat="50.031648" lon="16.900456"><ele>360.75</ele></trkpt>
   <trkpt lat="50.0316" lon="16.900367"><ele>360.75</ele></trkpt>
   <trkpt lat="50.031559" lon="16.900269"><ele>360.5</ele></trkpt>
   <trkpt lat="50.031535" lon="16.900163"><ele>360.5</ele></trkpt>
   <trkpt lat="50.031501" lon="16.89992"><ele>361.25</ele></trkpt>
   <trkpt lat="50.031404" lon="16.899927"><ele>361.25</ele></trkpt>
   <trkpt lat="50.031179" lon="16.899954"><ele>360.25</ele></trkpt>
   <trkpt lat="50.03055" lon="16.900061"><ele>358.75</ele></trkpt>
   <trkpt lat="50.030364" lon="16.900133"><ele>358</ele></trkpt>
   <trkpt lat="50.030174" lon="16.900209"><ele>357.75</ele></trkpt>
   <trkpt lat="50.030048" lon="16.900247"><ele>357.75</ele></trkpt>
   <trkpt lat="50.029509" lon="16.900377"><ele>357</ele></trkpt>
   <trkpt lat="50.029357" lon="16.900395"><ele>357</ele></trkpt>
   <trkpt lat="50.029183" lon="16.900392"><ele>356.75</ele></trkpt>
   <trkpt lat="50.028776" lon="16.900341"><ele>357</ele></trkpt>
   <trkpt lat="50.028705" lon="16.90037"><ele>357</ele></trkpt>
   <trkpt lat="50.028457" lon="16.899855"><ele>357</ele></trkpt>
   <trkpt lat="50.028335" lon="16.899652"><ele>357</ele></trkpt>
   <trkpt lat="50.028198" lon="16.899488"><ele>356.75</ele></trkpt>
   <trkpt lat="50.027881" lon="16.899265"><ele>356.75</ele></trkpt>
   <trkpt lat="50.027764" lon="16.899191"><ele>356.75</ele></trkpt>
   <trkpt lat="50.027764" lon="16.899278"><ele>356.75</ele></trkpt>
   <trkpt lat="50.027763" lon="16.899499"><ele>356.5</ele></trkpt>
   <trkpt lat="50.027763" lon="16.899615"><ele>356.25</ele></trkpt>
   <trkpt lat="50.027774" lon="16.899924"><ele>356.5</ele></trkpt>
   <trkpt lat="50.027776" lon="16.900131"><ele>356.75</ele></trkpt>
   <trkpt lat="50.027746" lon="16.900271"><ele>356.75</ele></trkpt>
   <trkpt lat="50.027691" lon="16.900377"><ele>356.25</ele></trkpt>
   <trkpt lat="50.027599" lon="16.900451"><ele>356</ele></trkpt>
   <trkpt lat="50.027269" lon="16.900434"><ele>355.5</ele></trkpt>
   <trkpt lat="50.027154" lon="16.900416"><ele>355.5</ele></trkpt>
   <trkpt lat="50.02704" lon="16.900392"><ele>355.25</ele></trkpt>
   <trkpt lat="50.026864" lon="16.900318"><ele>355.25</ele></trkpt>
   <trkpt lat="50.026774" lon="16.900258"><ele>355.5</ele></trkpt>
   <trkpt lat="50.026456" lon="16.899985"><ele>355</ele></trkpt>
   <trkpt lat="50.026125" lon="16.899759"><ele>354.75</ele></trkpt>
   <trkpt lat="50.025736" lon="16.899365"><ele>355</ele></trkpt>
   <trkpt lat="50.025577" lon="16.899274"><ele>355</ele></trkpt>
   <trkpt lat="50.025299" lon="16.899153"><ele>354.75</ele></trkpt>
   <trkpt lat="50.025121" lon="16.89911"><ele>354.75</ele></trkpt>
   <trkpt lat="50.024633" lon="16.899081"><ele>355.25</ele></trkpt>
   <trkpt lat="50.024521" lon="16.899069"><ele>355</ele></trkpt>
   <trkpt lat="50.023977" lon="16.898844"><ele>353.75</ele></trkpt>
   <trkpt lat="50.023954" lon="16.898835"><ele>353.75</ele></trkpt>
   <trkpt lat="50.023634" lon="16.898669"><ele>353.75</ele></trkpt>
   <trkpt lat="50.02343" lon="16.898585"><ele>353.75</ele></trkpt>
   <trkpt lat="50.023281" lon="16.898566"><ele>353.5</ele></trkpt>
   <trkpt lat="50.023106" lon="16.898576"><ele>353</ele></trkpt>
   <trkpt lat="50.022932" lon="16.898596"><ele>352.75</ele></trkpt>
   <trkpt lat="50.022791" lon="16.898626"><ele>353</ele></trkpt>
   <trkpt lat="50.022617" lon="16.898707"><ele>352.5</ele></trkpt>
   <trkpt lat="50.022144" lon="16.898963"><ele>352</ele></trkpt>
   <trkpt lat="50.021977" lon="16.899013"><ele>352</ele></trkpt>
   <trkpt lat="50.021875" lon="16.899008"><ele>352</ele></trkpt>
   <trkpt lat="50.021839" lon="16.898958"><ele>352</ele></trkpt>
   <trkpt lat="50.02181" lon="16.898916"><ele>352</ele></trkpt>
   <trkpt lat="50.02164" lon="16.898648"><ele>352</ele></trkpt>
   <trkpt lat="50.021517" lon="16.898511"><ele>352</ele></trkpt>
   <trkpt lat="50.021027" lon="16.898162"><ele>351.25</ele></trkpt>
   <trkpt lat="50.020835" lon="16.898042"><ele>351</ele></trkpt>
   <trkpt lat="50.020707" lon="16.897976"><ele>351</ele></trkpt>
   <trkpt lat="50.020571" lon="16.897942"><ele>351</ele></trkpt>
   <trkpt lat="50.020441" lon="16.89794"><ele>350.75</ele></trkpt>
   <trkpt lat="50.020313" lon="16.89796"><ele>350.5</ele></trkpt>
   <trkpt lat="50.019852" lon="16.898061"><ele>351</ele></trkpt>
   <trkpt lat="50.01974" lon="16.898114"><ele>351</ele></trkpt>
   <trkpt lat="50.019654" lon="16.89818"><ele>350.75</ele></trkpt>
   <trkpt lat="50.019363" lon="16.89845"><ele>350.25</ele></trkpt>
   <trkpt lat="50.018865" lon="16.898932"><ele>350</ele></trkpt>
   <trkpt lat="50.018706" lon="16.899054"><ele>350</ele></trkpt>
   <trkpt lat="50.018526" lon="16.899157"><ele>349.75</ele></trkpt>
   <trkpt lat="50.018155" lon="16.899313"><ele>349.5</ele></trkpt>
   <trkpt lat="50.017163" lon="16.899785"><ele>349</ele></trkpt>
   <trkpt lat="50.01689" lon="16.899853"><ele>349</ele></trkpt>
   <trkpt lat="50.016168" lon="16.900075"><ele>348</ele></trkpt>
   <trkpt lat="50.015774" lon="16.900246"><ele>348</ele></trkpt>
   <trkpt lat="50.01528" lon="16.900575"><ele>348</ele></trkpt>
   <trkpt lat="50.014954" lon="16.90077"><ele>348</ele></trkpt>
   <trkpt lat="50.014718" lon="16.90107"><ele>347.75</ele></trkpt>
   <trkpt lat="50.014491" lon="16.901353"><ele>347.75</ele></trkpt>
   <trkpt lat="50.01427" lon="16.90156"><ele>347.5</ele></trkpt>
   <trkpt lat="50.013722" lon="16.901935"><ele>347</ele></trkpt>
   <trkpt lat="50.013473" lon="16.902039"><ele>347</ele></trkpt>
   <trkpt lat="50.013374" lon="16.902042"><ele>347</ele></trkpt>
   <trkpt lat="50.01308" lon="16.902052"><ele>347</ele></trkpt>
   <trkpt lat="50.01277" lon="16.902199"><ele>346.75</ele></trkpt>
   <trkpt lat="50.0126" lon="16.902204"><ele>346.75</ele></trkpt>
   <trkpt lat="50.012389" lon="16.90214"><ele>346.75</ele></trkpt>
   <trkpt lat="50.01212" lon="16.901946"><ele>347</ele></trkpt>
   <trkpt lat="50.011536" lon="16.901468"><ele>346</ele></trkpt>
   <trkpt lat="50.011323" lon="16.901162"><ele>346</ele></trkpt>
   <trkpt lat="50.011166" lon="16.900853"><ele>346</ele></trkpt>
   <trkpt lat="50.011049" lon="16.900598"><ele>346</ele></trkpt>
   <trkpt lat="50.010911" lon="16.900459"><ele>345.5</ele></trkpt>
   <trkpt lat="50.01081" lon="16.900336"><ele>345.25</ele></trkpt>
   <trkpt lat="50.010608" lon="16.900013"><ele>345</ele></trkpt>
   <trkpt lat="50.010272" lon="16.899383"><ele>345</ele></trkpt>
   <trkpt lat="50.010118" lon="16.899148"><ele>345</ele></trkpt>
   <trkpt lat="50.009922" lon="16.898932"><ele>345</ele></trkpt>
   <trkpt lat="50.009797" lon="16.898843"><ele>344.75</ele></trkpt>
   <trkpt lat="50.009554" lon="16.898754"><ele>344.75</ele></trkpt>
   <trkpt lat="50.009346" lon="16.898711"><ele>344.75</ele></trkpt>
   <trkpt lat="50.008847" lon="16.898684"><ele>344</ele></trkpt>
   <trkpt lat="50.008439" lon="16.898727"><ele>344</ele></trkpt>
   <trkpt lat="50.008346" lon="16.898722"><ele>344</ele></trkpt>
   <trkpt lat="50.00822" lon="16.898691"><ele>344</ele></trkpt>
   <trkpt lat="50.007683" lon="16.898379"><ele>344</ele></trkpt>
   <trkpt lat="50.007582" lon="16.898333"><ele>343.75</ele></trkpt>
   <trkpt lat="50.007477" lon="16.898311"><ele>343.75</ele></trkpt>
   <trkpt lat="50.006894" lon="16.898266"><ele>343</ele></trkpt>
   <trkpt lat="50.006776" lon="16.898212"><ele>343</ele></trkpt>
   <trkpt lat="50.006413" lon="16.897984"><ele>342.75</ele></trkpt>
   <trkpt lat="50.00627" lon="16.897917"><ele>342.5</ele></trkpt>
   <trkpt lat="50.006137" lon="16.897875"><ele>342.75</ele></trkpt>
   <trkpt lat="50.006032" lon="16.897874"><ele>342.75</ele></trkpt>
   <trkpt lat="50.005732" lon="16.897936"><ele>342.25</ele></trkpt>
   <trkpt lat="50.00564" lon="16.897967"><ele>342</ele></trkpt>
   <trkpt lat="50.004958" lon="16.898233"><ele>341.75</ele></trkpt>
   <trkpt lat="50.004899" lon="16.898263"><ele>341.75</ele></trkpt>
   <trkpt lat="50.004802" lon="16.898336"><ele>342</ele></trkpt>
   <trkpt lat="50.004766" lon="16.898386"><ele>342</ele></trkpt>
   <trkpt lat="50.004746" lon="16.898443"><ele>342</ele></trkpt>
   <trkpt lat="50.004733" lon="16.898483"><ele>342</ele></trkpt>
   <trkpt lat="50.004697" lon="16.898468"><ele>341.75</ele></trkpt>
   <trkpt lat="50.004328" lon="16.898377"><ele>341</ele></trkpt>
   <trkpt lat="50.004156" lon="16.898365"><ele>341</ele></trkpt>
   <trkpt lat="50.003904" lon="16.898391"><ele>341</ele></trkpt>
   <trkpt lat="50.003601" lon="16.89857"><ele>341</ele></trkpt>
   <trkpt lat="50.003435" lon="16.898648"><ele>341</ele></trkpt>
   <trkpt lat="50.003262" lon="16.898644"><ele>341</ele></trkpt>
   <trkpt lat="50.003015" lon="16.898606"><ele>340.75</ele></trkpt>
   <trkpt lat="50.002572" lon="16.898432"><ele>340.75</ele></trkpt>
   <trkpt lat="50.002568" lon="16.898262"><ele>340.5</ele></trkpt>
   <trkpt lat="50.002585" lon="16.89808"><ele>340.25</ele></trkpt>
   <trkpt lat="50.002598" lon="16.897938"><ele>340.5</ele></trkpt>
   <trkpt lat="50.002462" lon="16.897779"><ele>340.75</ele></trkpt>
   <trkpt lat="50.00191" lon="16.897474"><ele>340</ele></trkpt>
   <trkpt lat="50.000841" lon="16.896737"><ele>339</ele></trkpt>
   <trkpt lat="50.000493" lon="16.896702"><ele>339.5</ele></trkpt>
   <trkpt lat="50.00011" lon="16.896517"><ele>339</ele></trkpt>
   <trkpt lat="49.999668" lon="16.896029"><ele>338.5</ele></trkpt>
   <trkpt lat="49.998913" lon="16.89532"><ele>338</ele></trkpt>
   <trkpt lat="49.998524" lon="16.895032"><ele>338.5</ele></trkpt>
   <trkpt lat="49.998446" lon="16.894924"><ele>338</ele></trkpt>
   <trkpt lat="49.998399" lon="16.894837"><ele>337.75</ele></trkpt>
   <trkpt lat="49.998229" lon="16.894499"><ele>337.5</ele></trkpt>
   <trkpt lat="49.998211" lon="16.894439"><ele>337.5</ele></trkpt>
   <trkpt lat="49.998165" lon="16.894289"><ele>337.25</ele></trkpt>
   <trkpt lat="49.998078" lon="16.89434"><ele>337</ele></trkpt>
   <trkpt lat="49.997998" lon="16.894346"><ele>337</ele></trkpt>
   <trkpt lat="49.997792" lon="16.894321"><ele>337</ele></trkpt>
   <trkpt lat="49.997434" lon="16.894242"><ele>337</ele></trkpt>
   <trkpt lat="49.996651" lon="16.894058"><ele>336.75</ele></trkpt>
   <trkpt lat="49.996233" lon="16.893958"><ele>336.75</ele></trkpt>
   <trkpt lat="49.996044" lon="16.893929"><ele>336.75</ele></trkpt>
   <trkpt lat="49.995828" lon="16.893847"><ele>336.75</ele></trkpt>
   <trkpt lat="49.995632" lon="16.893773"><ele>336</ele></trkpt>
   <trkpt lat="49.99556" lon="16.893745"><ele>336</ele></trkpt>
   <trkpt lat="49.994382" lon="16.893289"><ele>335.5</ele></trkpt>
   <trkpt lat="49.993486" lon="16.892936"><ele>334.5</ele></trkpt>
   <trkpt lat="49.993193" lon="16.892857"><ele>334.5</ele></trkpt>
   <trkpt lat="49.991946" lon="16.892345"><ele>335</ele></trkpt>
   <trkpt lat="49.99144" lon="16.892151"><ele>335</ele></trkpt>
   <trkpt lat="49.989253" lon="16.891328"><ele>333.75</ele></trkpt>
   <trkpt lat="49.988794" lon="16.891148"><ele>333.25</ele></trkpt>
   <trkpt lat="49.988632" lon="16.891074"><ele>333.5</ele></trkpt>
   <trkpt lat="49.988566" lon="16.891026"><ele>333.25</ele></trkpt>
   <trkpt lat="49.988476" lon="16.89096"><ele>333.25</ele></trkpt>
   <trkpt lat="49.988285" lon="16.890761"><ele>334</ele></trkpt>
   <trkpt lat="49.988214" lon="16.890666"><ele>334</ele></trkpt>
   <trkpt lat="49.988054" lon="16.89045"><ele>333.75</ele></trkpt>
   <trkpt lat="49.987511" lon="16.889787"><ele>335</ele></trkpt>
   <trkpt lat="49.98714" lon="16.889425"><ele>335</ele></trkpt>
   <trkpt lat="49.986924" lon="16.889262"><ele>335</ele></trkpt>
   <trkpt lat="49.986594" lon="16.889036"><ele>334.5</ele></trkpt>
   <trkpt lat="49.986428" lon="16.888956"><ele>334</ele></trkpt>
   <trkpt lat="49.986252" lon="16.888913"><ele>334</ele></trkpt>
   <trkpt lat="49.985902" lon="16.888915"><ele>333.25</ele></trkpt>
   <trkpt lat="49.985633" lon="16.888903"><ele>333</ele></trkpt>
   <trkpt lat="49.985376" lon="16.88885"><ele>333</ele></trkpt>
   <trkpt lat="49.985296" lon="16.888816"><ele>333</ele></trkpt>
   <trkpt lat="49.985091" lon="16.888728"><ele>333</ele></trkpt>
   <trkpt lat="49.984557" lon="16.888415"><ele>332.5</ele></trkpt>
   <trkpt lat="49.984404" lon="16.888459"><ele>332.25</ele></trkpt>
   <trkpt lat="49.983952" lon="16.888162"><ele>331</ele></trkpt>
   <trkpt lat="49.983875" lon="16.888118"><ele>330</ele></trkpt>
   <trkpt lat="49.983753" lon="16.888049"><ele>330</ele></trkpt>
   <trkpt lat="49.983688" lon="16.888066"><ele>330</ele></trkpt>
   <trkpt lat="49.983646" lon="16.888038"><ele>330</ele></trkpt>
   <trkpt lat="49.98361" lon="16.888015"><ele>330</ele></trkpt>
   <trkpt lat="49.983572" lon="16.887943"><ele>330</ele></trkpt>
   <trkpt lat="49.983339" lon="16.887805"><ele>330</ele></trkpt>
   <trkpt lat="49.983278" lon="16.887826"><ele>330.25</ele></trkpt>
   <trkpt lat="49.98325" lon="16.887808"><ele>330.25</ele></trkpt>
   <trkpt lat="49.983196" lon="16.887774"><ele>330.25</ele></trkpt>
   <trkpt lat="49.983164" lon="16.887706"><ele>330.25</ele></trkpt>
   <trkpt lat="49.982537" lon="16.887314"><ele>329.5</ele></trkpt>
   <trkpt lat="49.982466" lon="16.887245"><ele>329.75</ele></trkpt>
   <trkpt lat="49.982393" lon="16.887126"><ele>329.5</ele></trkpt>
   <trkpt lat="49.982341" lon="16.887017"><ele>329.25</ele></trkpt>
   <trkpt lat="49.982117" lon="16.886491"><ele>329.5</ele></trkpt>
   <trkpt lat="49.982048" lon="16.886393"><ele>329.25</ele></trkpt>
   <trkpt lat="49.981965" lon="16.88637"><ele>329</ele></trkpt>
   <trkpt lat="49.981929" lon="16.886374"><ele>329</ele></trkpt>
   <trkpt lat="49.981892" lon="16.886396"><ele>329</ele></trkpt>
   <trkpt lat="49.981827" lon="16.886454"><ele>329</ele></trkpt>
   <trkpt lat="49.981632" lon="16.886655"><ele>328.75</ele></trkpt>
   <trkpt lat="49.981601" lon="16.88659"><ele>329</ele></trkpt>
   <trkpt lat="49.981493" lon="16.886322"><ele>329</ele></trkpt>
   <trkpt lat="49.981417" lon="16.88608"><ele>329.75</ele></trkpt>
   <trkpt lat="49.981323" lon="16.885827"><ele>328.75</ele></trkpt>
   <trkpt lat="49.981201" lon="16.885427"><ele>328.75</ele></trkpt>
   <trkpt lat="49.981193" lon="16.885139"><ele>329</ele></trkpt>
   <trkpt lat="49.981171" lon="16.884954"><ele>328.5</ele></trkpt>
   <trkpt lat="49.981151" lon="16.884838"><ele>328.25</ele></trkpt>
   <trkpt lat="49.981113" lon="16.884718"><ele>327.75</ele></trkpt>
   <trkpt lat="49.98099" lon="16.884517"><ele>327.5</ele></trkpt>
   <trkpt lat="49.980837" lon="16.884313"><ele>327.75</ele></trkpt>
   <trkpt lat="49.980769" lon="16.884195"><ele>327.75</ele></trkpt>
   <trkpt lat="49.980505" lon="16.883599"><ele>327</ele></trkpt>
   <trkpt lat="49.980311" lon="16.883119"><ele>327.75</ele></trkpt>
   <trkpt lat="49.980217" lon="16.882851"><ele>327</ele></trkpt>
   <trkpt lat="49.979703" lon="16.880909"><ele>326</ele></trkpt>
   <trkpt lat="49.979481" lon="16.880104"><ele>326.25</ele></trkpt>
   <trkpt lat="49.979371" lon="16.879747"><ele>326</ele></trkpt>
   <trkpt lat="49.979313" lon="16.879588"><ele>326</ele></trkpt>
   <trkpt lat="49.979261" lon="16.87947"><ele>326</ele></trkpt>
   <trkpt lat="49.979057" lon="16.879093"><ele>326</ele></trkpt>
   <trkpt lat="49.978898" lon="16.878884"><ele>326</ele></trkpt>
   <trkpt lat="49.978786" lon="16.878684"><ele>326</ele></trkpt>
   <trkpt lat="49.978766" lon="16.878565"><ele>326</ele></trkpt>
   <trkpt lat="49.978781" lon="16.878472"><ele>326</ele></trkpt>
   <trkpt lat="49.978806" lon="16.878388"><ele>326</ele></trkpt>
   <trkpt lat="49.978941" lon="16.878064"><ele>325</ele></trkpt>
   <trkpt lat="49.978983" lon="16.877961"><ele>325</ele></trkpt>
   <trkpt lat="49.978939" lon="16.877909"><ele>325</ele></trkpt>
   <trkpt lat="49.978793" lon="16.877771"><ele>325</ele></trkpt>
   <trkpt lat="49.978477" lon="16.877496"><ele>325</ele></trkpt>
   <trkpt lat="49.978182" lon="16.877099"><ele>325</ele></trkpt>
   <trkpt lat="49.978114" lon="16.87702"><ele>325</ele></trkpt>
   <trkpt lat="49.978046" lon="16.876961"><ele>325</ele></trkpt>
   <trkpt lat="49.977914" lon="16.876879"><ele>325</ele></trkpt>
   <trkpt lat="49.977682" lon="16.876785"><ele>324.75</ele></trkpt>
   <trkpt lat="49.977578" lon="16.876719"><ele>324.25</ele></trkpt>
   <trkpt lat="49.97746" lon="16.876578"><ele>324.25</ele></trkpt>
   <trkpt lat="49.977402" lon="16.876458"><ele>324.5</ele></trkpt>
   <trkpt lat="49.977361" lon="16.876323"><ele>324.25</ele></trkpt>
   <trkpt lat="49.977345" lon="16.876214"><ele>324.25</ele></trkpt>
   <trkpt lat="49.977324" lon="16.876028"><ele>324.5</ele></trkpt>
   <trkpt lat="49.9773" lon="16.875876"><ele>324.75</ele></trkpt>
   <trkpt lat="49.977196" lon="16.875577"><ele>324.75</ele></trkpt>
   <trkpt lat="49.977106" lon="16.875546"><ele>324.5</ele></trkpt>
   <trkpt lat="49.976988" lon="16.875327"><ele>324.75</ele></trkpt>
   <trkpt lat="49.976878" lon="16.875225"><ele>324.75</ele></trkpt>
   <trkpt lat="49.976759" lon="16.875209"><ele>324.75</ele></trkpt>
   <trkpt lat="49.976206" lon="16.874982"><ele>324.75</ele></trkpt>
   <trkpt lat="49.976137" lon="16.874943"><ele>324.75</ele></trkpt>
   <trkpt lat="49.976043" lon="16.874875"><ele>324.5</ele></trkpt>
   <trkpt lat="49.97587" lon="16.874699"><ele>324</ele></trkpt>
   <trkpt lat="49.975815" lon="16.874639"><ele>324</ele></trkpt>
   <trkpt lat="49.97578" lon="16.874568"><ele>324</ele></trkpt>
   <trkpt lat="49.975761" lon="16.874457"><ele>324</ele></trkpt>
   <trkpt lat="49.975745" lon="16.87422"><ele>324</ele></trkpt>
   <trkpt lat="49.97573" lon="16.874158"><ele>324</ele></trkpt>
   <trkpt lat="49.975707" lon="16.874112"><ele>324</ele></trkpt>
   <trkpt lat="49.975658" lon="16.874081"><ele>324</ele></trkpt>
   <trkpt lat="49.975596" lon="16.874078"><ele>324</ele></trkpt>
   <trkpt lat="49.975437" lon="16.874134"><ele>324</ele></trkpt>
   <trkpt lat="49.97512" lon="16.874304"><ele>324</ele></trkpt>
   <trkpt lat="49.974989" lon="16.874361"><ele>323.75</ele></trkpt>
   <trkpt lat="49.974859" lon="16.874387"><ele>323.75</ele></trkpt>
   <trkpt lat="49.974572" lon="16.874375"><ele>323.25</ele></trkpt>
   <trkpt lat="49.974466" lon="16.874277"><ele>323</ele></trkpt>
   <trkpt lat="49.973503" lon="16.873579"><ele>322</ele></trkpt>
   <trkpt lat="49.973526" lon="16.873503"><ele>322</ele></trkpt>
   <trkpt lat="49.972794" lon="16.872996"><ele>322</ele></trkpt>
   <trkpt lat="49.972588" lon="16.872834"><ele>322</ele></trkpt>
   <trkpt lat="49.971677" lon="16.87218"><ele>321</ele></trkpt>
   <trkpt lat="49.971431" lon="16.872036"><ele>321</ele></trkpt>
   <trkpt lat="49.970679" lon="16.871789"><ele>321</ele></trkpt>
   <trkpt lat="49.97049" lon="16.871746"><ele>321</ele></trkpt>
   <trkpt lat="49.970334" lon="16.871741"><ele>321</ele></trkpt>
   <trkpt lat="49.97017" lon="16.871854"><ele>320.75</ele></trkpt>
   <trkpt lat="49.970057" lon="16.872034"><ele>320.75</ele></trkpt>
   <trkpt lat="49.969941" lon="16.872366"><ele>320.75</ele></trkpt>
   <trkpt lat="49.969882" lon="16.872547"><ele>320.5</ele></trkpt>
   <trkpt lat="49.969705" lon="16.8729"><ele>320.25</ele></trkpt>
   <trkpt lat="49.969604" lon="16.873039"><ele>320.5</ele></trkpt>
   <trkpt lat="49.96958" lon="16.873072"><ele>320.5</ele></trkpt>
   <trkpt lat="49.969395" lon="16.873331"><ele>320.75</ele></trkpt>
   <trkpt lat="49.969151" lon="16.873669"><ele>321.5</ele></trkpt>
   <trkpt lat="49.969102" lon="16.873737"><ele>321.25</ele></trkpt>
   <trkpt lat="49.96905" lon="16.87381"><ele>321.25</ele></trkpt>
   <trkpt lat="49.968661" lon="16.874315"><ele>322.25</ele></trkpt>
   <trkpt lat="49.968398" lon="16.874715"><ele>322.5</ele></trkpt>
   <trkpt lat="49.968359" lon="16.874782"><ele>322.75</ele></trkpt>
   <trkpt lat="49.96831" lon="16.874856"><ele>322.75</ele></trkpt>
   <trkpt lat="49.968053" lon="16.875277"><ele>322.75</ele></trkpt>
   <trkpt lat="49.967938" lon="16.875439"><ele>322.25</ele></trkpt>
   <trkpt lat="49.967797" lon="16.87557"><ele>322.75</ele></trkpt>
   <trkpt lat="49.967664" lon="16.875641"><ele>322.5</ele></trkpt>
   <trkpt lat="49.967502" lon="16.875682"><ele>322.25</ele></trkpt>
   <trkpt lat="49.967041" lon="16.875851"><ele>325.5</ele></trkpt>
   <trkpt lat="49.966883" lon="16.875946"><ele>326.25</ele></trkpt>
   <trkpt lat="49.966864" lon="16.87578"><ele>326</ele></trkpt>
   <trkpt lat="49.966851" lon="16.875273"><ele>323.25</ele></trkpt>
   <trkpt lat="49.966892" lon="16.874691"><ele>322.75</ele></trkpt>
   <trkpt lat="49.966905" lon="16.874361"><ele>323</ele></trkpt>
   <trkpt lat="49.966902" lon="16.874012"><ele>322.75</ele></trkpt>
   <trkpt lat="49.966889" lon="16.873675"><ele>322.5</ele></trkpt>
   <trkpt lat="49.966825" lon="16.872906"><ele>323.75</ele></trkpt>
   <trkpt lat="49.96681" lon="16.872827"><ele>324.25</ele></trkpt>
   <trkpt lat="49.966789" lon="16.872776"><ele>324.75</ele></trkpt>
   <trkpt lat="49.966762" lon="16.872717"><ele>325</ele></trkpt>
   <trkpt lat="49.96674" lon="16.872635"><ele>325</ele></trkpt>
   <trkpt lat="49.966727" lon="16.87252"><ele>324.25</ele></trkpt>
   <trkpt lat="49.966707" lon="16.872445"><ele>323.5</ele></trkpt>
   <trkpt lat="49.966682" lon="16.87238"><ele>323</ele></trkpt>
   <trkpt lat="49.966579" lon="16.872238"><ele>323.75</ele></trkpt>
   <trkpt lat="49.966414" lon="16.872038"><ele>323.25</ele></trkpt>
   <trkpt lat="49.966284" lon="16.871907"><ele>322.75</ele></trkpt>
   <trkpt lat="49.966149" lon="16.871791"><ele>322.75</ele></trkpt>
   <trkpt lat="49.965904" lon="16.871624"><ele>321.25</ele></trkpt>
   <trkpt lat="49.965809" lon="16.871569"><ele>321.25</ele></trkpt>
   <trkpt lat="49.965728" lon="16.871537"><ele>321.25</ele></trkpt>
   <trkpt lat="49.965474" lon="16.871514"><ele>321.25</ele></trkpt>
   <trkpt lat="49.965279" lon="16.871463"><ele>320.25</ele></trkpt>
   <trkpt lat="49.964759" lon="16.871242"><ele>318</ele></trkpt>
   <trkpt lat="49.964625" lon="16.871171"><ele>318</ele></trkpt>
   <trkpt lat="49.963982" lon="16.870716"><ele>317.25</ele></trkpt>
   <trkpt lat="49.963629" lon="16.87042"><ele>317.5</ele></trkpt>
   <trkpt lat="49.963143" lon="16.869886"><ele>318.5</ele></trkpt>
   <trkpt lat="49.96274" lon="16.869484"><ele>319.25</ele></trkpt>
   <trkpt lat="49.962645" lon="16.869263"><ele>320.5</ele></trkpt>
   <trkpt lat="49.962527" lon="16.869027"><ele>319</ele></trkpt>
   <trkpt lat="49.962328" lon="16.868806"><ele>318.25</ele></trkpt>
   <trkpt lat="49.962107" lon="16.868685"><ele>318</ele></trkpt>
   <trkpt lat="49.961737" lon="16.86846"><ele>319</ele></trkpt>
   <trkpt lat="49.961403" lon="16.868272"><ele>319</ele></trkpt>
   <trkpt lat="49.960934" lon="16.868195"><ele>321</ele></trkpt>
   <trkpt lat="49.960488" lon="16.868294"><ele>317</ele></trkpt>
   <trkpt lat="49.960207" lon="16.868572"><ele>316</ele></trkpt>
   <trkpt lat="49.959938" lon="16.869"><ele>316</ele></trkpt>
   <trkpt lat="49.959833" lon="16.86909"><ele>315.75</ele></trkpt>
   <trkpt lat="49.959312" lon="16.869331"><ele>315.5</ele></trkpt>
   <trkpt lat="49.95913" lon="16.869427"><ele>315.75</ele></trkpt>
   <trkpt lat="49.958549" lon="16.86962"><ele>316.5</ele></trkpt>
   <trkpt lat="49.958099" lon="16.869745"><ele>315</ele></trkpt>
   <trkpt lat="49.957794" lon="16.869865"><ele>316.5</ele></trkpt>
   <trkpt lat="49.957464" lon="16.869957"><ele>314.75</ele></trkpt>
   <trkpt lat="49.957311" lon="16.870059"><ele>315.75</ele></trkpt>
   <trkpt lat="49.957153" lon="16.870208"><ele>315.25</ele></trkpt>
   <trkpt lat="49.956942" lon="16.870391"><ele>314.25</ele></trkpt>
   <trkpt lat="49.956819" lon="16.870541"><ele>314.25</ele></trkpt>
   <trkpt lat="49.95672" lon="16.8707"><ele>314.75</ele></trkpt>
   <trkpt lat="49.956636" lon="16.870899"><ele>313.25</ele></trkpt>
   <trkpt lat="49.956541" lon="16.871088"><ele>314</ele></trkpt>
   <trkpt lat="49.956426" lon="16.871294"><ele>314</ele></trkpt>
   <trkpt lat="49.956142" lon="16.871721"><ele>313.5</ele></trkpt>
   <trkpt lat="49.955973" lon="16.872042"><ele>313</ele></trkpt>
   <trkpt lat="49.955779" lon="16.87269"><ele>314.75</ele></trkpt>
   <trkpt lat="49.955725" lon="16.873063"><ele>314.75</ele></trkpt>
   <trkpt lat="49.955587" lon="16.873544"><ele>313.5</ele></trkpt>
   <trkpt lat="49.95548" lon="16.873781"><ele>315.75</ele></trkpt>
   <trkpt lat="49.954746" lon="16.874453"><ele>311.25</ele></trkpt>
   <trkpt lat="49.954455" lon="16.874605"><ele>310.5</ele></trkpt>
   <trkpt lat="49.95393" lon="16.874725"><ele>310</ele></trkpt>
   <trkpt lat="49.95365" lon="16.874872"><ele>310</ele></trkpt>
   <trkpt lat="49.953483" lon="16.875211"><ele>309</ele></trkpt>
   <trkpt lat="49.95316" lon="16.875939"><ele>309</ele></trkpt>
   <trkpt lat="49.952986" lon="16.876227"><ele>309.25</ele></trkpt>
   <trkpt lat="49.952963" lon="16.876275"><ele>309.25</ele></trkpt>
   <trkpt lat="49.952766" lon="16.876892"><ele>309</ele></trkpt>
   <trkpt lat="49.952688" lon="16.877158"><ele>309</ele></trkpt>
   <trkpt lat="49.952642" lon="16.87729"><ele>309</ele></trkpt>
   <trkpt lat="49.952603" lon="16.877367"><ele>309</ele></trkpt>
   <trkpt lat="49.95258" lon="16.877399"><ele>309</ele></trkpt>
   <trkpt lat="49.952548" lon="16.877425"><ele>309</ele></trkpt>
   <trkpt lat="49.952573" lon="16.877631"><ele>309</ele></trkpt>
   <trkpt lat="49.952571" lon="16.877767"><ele>309</ele></trkpt>
   <trkpt lat="49.952461" lon="16.878538"><ele>309</ele></trkpt>
   <trkpt lat="49.952402" lon="16.878917"><ele>309</ele></trkpt>
   <trkpt lat="49.952387" lon="16.87912"><ele>309</ele></trkpt>
   <trkpt lat="49.952388" lon="16.879206"><ele>309</ele></trkpt>
   <trkpt lat="49.952419" lon="16.879581"><ele>309.25</ele></trkpt>
   <trkpt lat="49.952445" lon="16.879799"><ele>309.75</ele></trkpt>
   <trkpt lat="49.95247" lon="16.879951"><ele>309.75</ele></trkpt>
   <trkpt lat="49.952519" lon="16.880166"><ele>310</ele></trkpt>
   <trkpt lat="49.952565" lon="16.88029"><ele>310</ele></trkpt>
   <trkpt lat="49.952689" lon="16.880521"><ele>310.5</ele></trkpt>
   <trkpt lat="49.952915" lon="16.88096"><ele>311.5</ele></trkpt>
   <trkpt lat="49.953182" lon="16.881522"><ele>313</ele></trkpt>
   <trkpt lat="49.953325" lon="16.88185"><ele>313.75</ele></trkpt>
   <trkpt lat="49.953508" lon="16.882267"><ele>316.25</ele></trkpt>
   <trkpt lat="49.95359" lon="16.882471"><ele>317</ele></trkpt>
   <trkpt lat="49.953599" lon="16.882527"><ele>317</ele></trkpt>
   <trkpt lat="49.953593" lon="16.882576"><ele>317.25</ele></trkpt>
   <trkpt lat="49.953583" lon="16.882598"><ele>317.5</ele></trkpt>
   <trkpt lat="49.953563" lon="16.882619"><ele>317.75</ele></trkpt>
   <trkpt lat="49.953512" lon="16.882632"><ele>318.5</ele></trkpt>
   <trkpt lat="49.953489" lon="16.882627"><ele>318.75</ele></trkpt>
   <trkpt lat="49.953247" lon="16.882501"><ele>319.75</ele></trkpt>
   <trkpt lat="49.953161" lon="16.882474"><ele>320.5</ele></trkpt>
   <trkpt lat="49.952727" lon="16.882415"><ele>324.25</ele></trkpt>
   <trkpt lat="49.952527" lon="16.882404"><ele>325</ele></trkpt>
   <trkpt lat="49.952365" lon="16.882408"><ele>325.5</ele></trkpt>
   <trkpt lat="49.952189" lon="16.882437"><ele>325.75</ele></trkpt>
   <trkpt lat="49.952148" lon="16.882462"><ele>325.75</ele></trkpt>
   <trkpt lat="49.952113" lon="16.882498"><ele>326</ele></trkpt>
   <trkpt lat="49.952087" lon="16.882538"><ele>326.25</ele></trkpt>
   <trkpt lat="49.952051" lon="16.882642"><ele>327.5</ele></trkpt>
   <trkpt lat="49.952045" lon="16.882703"><ele>328.5</ele></trkpt>
   <trkpt lat="49.952047" lon="16.882765"><ele>329.25</ele></trkpt>
   <trkpt lat="49.95206" lon="16.882832"><ele>330</ele></trkpt>
   <trkpt lat="49.952105" lon="16.882925"><ele>330.75</ele></trkpt>
   <trkpt lat="49.952142" lon="16.882961"><ele>330.75</ele></trkpt>
   <trkpt lat="49.952189" lon="16.882995"><ele>330.75</ele></trkpt>
   <trkpt lat="49.952256" lon="16.883023"><ele>330.75</ele></trkpt>
   <trkpt lat="49.952548" lon="16.883118"><ele>332.5</ele></trkpt>
   <trkpt lat="49.952622" lon="16.883157"><ele>332.75</ele></trkpt>
   <trkpt lat="49.952696" lon="16.88321"><ele>333</ele></trkpt>
   <trkpt lat="49.953081" lon="16.883559"><ele>334.25</ele></trkpt>
   <trkpt lat="49.953288" lon="16.883788"><ele>335</ele></trkpt>
   <trkpt lat="49.95339" lon="16.883937"><ele>335.75</ele></trkpt>
   <trkpt lat="49.953486" lon="16.884083"><ele>336.5</ele></trkpt>
   <trkpt lat="49.953552" lon="16.884204"><ele>341.75</ele></trkpt>
   <trkpt lat="49.954059" lon="16.885138"><ele>341.75</ele></trkpt>
   <trkpt lat="49.954116" lon="16.885248"><ele>342</ele></trkpt>
   <trkpt lat="49.95425" lon="16.885551"><ele>343.5</ele></trkpt>
   <trkpt lat="49.954604" lon="16.886635"><ele>347.5</ele></trkpt>
   <trkpt lat="49.954661" lon="16.886836"><ele>348.5</ele></trkpt>
   <trkpt lat="49.954694" lon="16.886958"><ele>349.25</ele></trkpt>
   <trkpt lat="49.954718" lon="16.887086"><ele>349.5</ele></trkpt>
   <trkpt lat="49.954752" lon="16.887344"><ele>350</ele></trkpt>
   <trkpt lat="49.954762" lon="16.887653"><ele>351.25</ele></trkpt>
   <trkpt lat="49.954754" lon="16.887877"><ele>352.5</ele></trkpt>
   <trkpt lat="49.954721" lon="16.888321"><ele>355</ele></trkpt>
   <trkpt lat="49.954498" lon="16.890689"><ele>361.25</ele></trkpt>
   <trkpt lat="49.954457" lon="16.891232"><ele>363</ele></trkpt>
   <trkpt lat="49.954402" lon="16.891842"><ele>364.75</ele></trkpt>
   <trkpt lat="49.954341" lon="16.892203"><ele>365.5</ele></trkpt>
   <trkpt lat="49.954288" lon="16.892401"><ele>366.75</ele></trkpt>
   <trkpt lat="49.954212" lon="16.892636"><ele>367.25</ele></trkpt>
   <trkpt lat="49.954062" lon="16.893049"><ele>367.75</ele></trkpt>
   <trkpt lat="49.953703" lon="16.893991"><ele>370.75</ele></trkpt>
   <trkpt lat="49.953343" lon="16.895489"><ele>374</ele></trkpt>
   <trkpt lat="49.953169" lon="16.897045"><ele>375.75</ele></trkpt>
   <trkpt lat="49.952925" lon="16.898566"><ele>372.25</ele></trkpt>
   <trkpt lat="49.952774" lon="16.899101"><ele>370.25</ele></trkpt>
   <trkpt lat="49.952135" lon="16.900604"><ele>363</ele></trkpt>
   <trkpt lat="49.951369" lon="16.902335"><ele>360</ele></trkpt>
   <trkpt lat="49.950753" lon="16.903345"><ele>353.5</ele></trkpt>
   <trkpt lat="49.950196" lon="16.904309"><ele>346.5</ele></trkpt>
   <trkpt lat="49.949035" lon="16.906751"><ele>330.25</ele></trkpt>
   <trkpt lat="49.948706" lon="16.907444"><ele>326.25</ele></trkpt>
   <trkpt lat="49.948409" lon="16.908158"><ele>323</ele></trkpt>
   <trkpt lat="49.948098" lon="16.909076"><ele>319.25</ele></trkpt>
   <trkpt lat="49.947833" lon="16.910019"><ele>316</ele></trkpt>
   <trkpt lat="49.947621" lon="16.910873"><ele>311.75</ele></trkpt>
   <trkpt lat="49.94713" lon="16.912845"><ele>308.5</ele></trkpt>
   <trkpt lat="49.947006" lon="16.913318"><ele>308</ele></trkpt>
   <trkpt lat="49.946877" lon="16.91373"><ele>307.75</ele></trkpt>
   <trkpt lat="49.946861" lon="16.91378"><ele>307.5</ele></trkpt>
   <trkpt lat="49.94683" lon="16.913876"><ele>307.5</ele></trkpt>
   <trkpt lat="49.946801" lon="16.913956"><ele>307.75</ele></trkpt>
   <trkpt lat="49.94672" lon="16.91417"><ele>308.25</ele></trkpt>
   <trkpt lat="49.946556" lon="16.914509"><ele>308.25</ele></trkpt>
   <trkpt lat="49.946137" lon="16.915339"><ele>308.25</ele></trkpt>
   <trkpt lat="49.944786" lon="16.917819"><ele>310.25</ele></trkpt>
   <trkpt lat="49.944478" lon="16.918432"><ele>310.5</ele></trkpt>
   <trkpt lat="49.944388" lon="16.918731"><ele>310.75</ele></trkpt>
   <trkpt lat="49.94433" lon="16.919066"><ele>311.25</ele></trkpt>
   <trkpt lat="49.94429" lon="16.919625"><ele>313</ele></trkpt>
   <trkpt lat="49.944373" lon="16.920502"><ele>314.25</ele></trkpt>
   <trkpt lat="49.94447" lon="16.921369"><ele>315</ele></trkpt>
   <trkpt lat="49.944486" lon="16.921488"><ele>315.5</ele></trkpt>
   <trkpt lat="49.944559" lon="16.922064"><ele>315.75</ele></trkpt>
   <trkpt lat="49.944657" lon="16.923084"><ele>312</ele></trkpt>
   <trkpt lat="49.944662" lon="16.923181"><ele>311.75</ele></trkpt>
   <trkpt lat="49.944669" lon="16.923316"><ele>311.25</ele></trkpt>
   <trkpt lat="49.944676" lon="16.92424"><ele>310.5</ele></trkpt>
   <trkpt lat="49.944686" lon="16.924517"><ele>309.75</ele></trkpt>
   <trkpt lat="49.944682" lon="16.924576"><ele>309.75</ele></trkpt>
   <trkpt lat="49.94467" lon="16.924632"><ele>309.75</ele></trkpt>
   <trkpt lat="49.944647" lon="16.924682"><ele>309.75</ele></trkpt>
   <trkpt lat="49.944618" lon="16.924716"><ele>309.5</ele></trkpt>
   <trkpt lat="49.94441" lon="16.924825"><ele>309</ele></trkpt>
   <trkpt lat="49.944351" lon="16.924868"><ele>308.75</ele></trkpt>
   <trkpt lat="49.944131" lon="16.925065"><ele>306.75</ele></trkpt>
   <trkpt lat="49.944016" lon="16.925164"><ele>306.5</ele></trkpt>
   <trkpt lat="49.943861" lon="16.925263"><ele>306</ele></trkpt>
   <trkpt lat="49.943624" lon="16.925391"><ele>306</ele></trkpt>
   <trkpt lat="49.943412" lon="16.925494"><ele>305.25</ele></trkpt>
   <trkpt lat="49.943172" lon="16.925607"><ele>305</ele></trkpt>
   <trkpt lat="49.943047" lon="16.925658"><ele>304.75</ele></trkpt>
   <trkpt lat="49.942934" lon="16.925691"><ele>304.5</ele></trkpt>
   <trkpt lat="49.942844" lon="16.925734"><ele>304</ele></trkpt>
   <trkpt lat="49.942561" lon="16.9259"><ele>303</ele></trkpt>
   <trkpt lat="49.942055" lon="16.926187"><ele>301.75</ele></trkpt>
   <trkpt lat="49.941913" lon="16.926289"><ele>302</ele></trkpt>
   <trkpt lat="49.941825" lon="16.926365"><ele>302</ele></trkpt>
   <trkpt lat="49.941747" lon="16.926453"><ele>301.75</ele></trkpt>
   <trkpt lat="49.941556" lon="16.926681"><ele>300.75</ele></trkpt>
   <trkpt lat="49.941194" lon="16.927138"><ele>300.25</ele></trkpt>
   <trkpt lat="49.940943" lon="16.927456"><ele>300</ele></trkpt>
   <trkpt lat="49.940886" lon="16.927513"><ele>300</ele></trkpt>
   <trkpt lat="49.940832" lon="16.927546"><ele>300</ele></trkpt>
   <trkpt lat="49.940877" lon="16.927863"><ele>300.75</ele></trkpt>
   <trkpt lat="49.940932" lon="16.928085"><ele>301</ele></trkpt>
   <trkpt lat="49.940933" lon="16.92809"><ele>302</ele></trkpt>
   <trkpt lat="49.940932" lon="16.928085"><ele>301</ele></trkpt>
   <trkpt lat="49.940877" lon="16.927863"><ele>300.75</ele></trkpt>
   <trkpt lat="49.940751" lon="16.927931"><ele>300.75</ele></trkpt>
   <trkpt lat="49.940357" lon="16.928143"><ele>300.5</ele></trkpt>
   <trkpt lat="49.940268" lon="16.928192"><ele>300.25</ele></trkpt>
   <trkpt lat="49.939958" lon="16.928367"><ele>300</ele></trkpt>
   <trkpt lat="49.939785" lon="16.928448"><ele>300.25</ele></trkpt>
   <trkpt lat="49.939626" lon="16.928496"><ele>300.25</ele></trkpt>
   <trkpt lat="49.939532" lon="16.928502"><ele>300</ele></trkpt>
   <trkpt lat="49.939454" lon="16.928496"><ele>300</ele></trkpt>
   <trkpt lat="49.93866" lon="16.928341"><ele>298</ele></trkpt>
   <trkpt lat="49.938573" lon="16.928329"><ele>297.75</ele></trkpt>
   <trkpt lat="49.938436" lon="16.928331"><ele>297.25</ele></trkpt>
   <trkpt lat="49.938306" lon="16.92836"><ele>297</ele></trkpt>
   <trkpt lat="49.938218" lon="16.928395"><ele>297</ele></trkpt>
   <trkpt lat="49.937762" lon="16.928628"><ele>296.75</ele></trkpt>
   <trkpt lat="49.937661" lon="16.928678"><ele>296.5</ele></trkpt>
   <trkpt lat="49.937508" lon="16.928758"><ele>296.5</ele></trkpt>
   <trkpt lat="49.937385" lon="16.928821"><ele>296.5</ele></trkpt>
   <trkpt lat="49.937041" lon="16.929003"><ele>295.75</ele></trkpt>
   <trkpt lat="49.936461" lon="16.929303"><ele>296</ele></trkpt>
   <trkpt lat="49.93627" lon="16.929397"><ele>296</ele></trkpt>
   <trkpt lat="49.93608" lon="16.929478"><ele>296</ele></trkpt>
   <trkpt lat="49.935849" lon="16.929532"><ele>296</ele></trkpt>
   <trkpt lat="49.935302" lon="16.929615"><ele>295.5</ele></trkpt>
   <trkpt lat="49.935217" lon="16.929612"><ele>295.5</ele></trkpt>
   <trkpt lat="49.935132" lon="16.929588"><ele>295.75</ele></trkpt>
   <trkpt lat="49.935118" lon="16.929657"><ele>295.75</ele></trkpt>
   <trkpt lat="49.935075" lon="16.929718"><ele>295.75</ele></trkpt>
   <trkpt lat="49.934983" lon="16.929787"><ele>295.75</ele></trkpt>
   <trkpt lat="49.934889" lon="16.929833"><ele>295.75</ele></trkpt>
   <trkpt lat="49.934726" lon="16.929895"><ele>295.5</ele></trkpt>
   <trkpt lat="49.934492" lon="16.929957"><ele>295</ele></trkpt>
   <trkpt lat="49.93389" lon="16.930033"><ele>294</ele></trkpt>
   <trkpt lat="49.933278" lon="16.930091"><ele>293</ele></trkpt>
   <trkpt lat="49.932665" lon="16.93014"><ele>292.75</ele></trkpt>
   <trkpt lat="49.932256" lon="16.930168"><ele>292.5</ele></trkpt>
   <trkpt lat="49.932058" lon="16.930195"><ele>292.25</ele></trkpt>
   <trkpt lat="49.931944" lon="16.930217"><ele>291.75</ele></trkpt>
   <trkpt lat="49.931836" lon="16.93025"><ele>291.75</ele></trkpt>
   <trkpt lat="49.931718" lon="16.930304"><ele>292</ele></trkpt>
   <trkpt lat="49.931592" lon="16.930384"><ele>292.25</ele></trkpt>
   <trkpt lat="49.931408" lon="16.930518"><ele>291</ele></trkpt>
   <trkpt lat="49.930916" lon="16.930897"><ele>290.75</ele></trkpt>
   <trkpt lat="49.930756" lon="16.930997"><ele>290.75</ele></trkpt>
   <trkpt lat="49.930331" lon="16.93114"><ele>290.5</ele></trkpt>
   <trkpt lat="49.929953" lon="16.93125"><ele>291.25</ele></trkpt>
   <trkpt lat="49.929721" lon="16.931339"><ele>291.25</ele></trkpt>
   <trkpt lat="49.929479" lon="16.931454"><ele>291.5</ele></trkpt>
   <trkpt lat="49.929218" lon="16.931609"><ele>290.5</ele></trkpt>
   <trkpt lat="49.92889" lon="16.931824"><ele>290.5</ele></trkpt>
   <trkpt lat="49.928651" lon="16.931959"><ele>290.5</ele></trkpt>
   <trkpt lat="49.928503" lon="16.932018"><ele>290.75</ele></trkpt>
   <trkpt lat="49.928392" lon="16.932049"><ele>291</ele></trkpt>
   <trkpt lat="49.928258" lon="16.932076"><ele>291.25</ele></trkpt>
   <trkpt lat="49.927918" lon="16.93212"><ele>290.75</ele></trkpt>
   <trkpt lat="49.927772" lon="16.932159"><ele>289.75</ele></trkpt>
   <trkpt lat="49.927638" lon="16.932214"><ele>289.75</ele></trkpt>
   <trkpt lat="49.927414" lon="16.93233"><ele>290.5</ele></trkpt>
   <trkpt lat="49.925407" lon="16.933287"><ele>289</ele></trkpt>
   <trkpt lat="49.925236" lon="16.933413"><ele>289.5</ele></trkpt>
   <trkpt lat="49.925127" lon="16.933515"><ele>289.75</ele></trkpt>
   <trkpt lat="49.924948" lon="16.933732"><ele>289</ele></trkpt>
   <trkpt lat="49.924673" lon="16.934143"><ele>288.5</ele></trkpt>
   <trkpt lat="49.924522" lon="16.934405"><ele>290.75</ele></trkpt>
   <trkpt lat="49.924434" lon="16.934594"><ele>289.25</ele></trkpt>
   <trkpt lat="49.924203" lon="16.935261"><ele>290</ele></trkpt>
   <trkpt lat="49.924146" lon="16.93537"><ele>289.75</ele></trkpt>
   <trkpt lat="49.924082" lon="16.93546"><ele>289.5</ele></trkpt>
   <trkpt lat="49.923937" lon="16.935671"><ele>289.5</ele></trkpt>
   <trkpt lat="49.923785" lon="16.935878"><ele>289.5</ele></trkpt>
   <trkpt lat="49.923695" lon="16.935988"><ele>289.25</ele></trkpt>
   <trkpt lat="49.923587" lon="16.936102"><ele>289</ele></trkpt>
   <trkpt lat="49.923449" lon="16.936206"><ele>289</ele></trkpt>
   <trkpt lat="49.923411" lon="16.936226"><ele>289</ele></trkpt>
   <trkpt lat="49.923336" lon="16.936252"><ele>289</ele></trkpt>
   <trkpt lat="49.92326" lon="16.936264"><ele>288.5</ele></trkpt>
   <trkpt lat="49.923182" lon="16.936262"><ele>288.25</ele></trkpt>
   <trkpt lat="49.923166" lon="16.936538"><ele>288.5</ele></trkpt>
   <trkpt lat="49.923158" lon="16.936678"><ele>289</ele></trkpt>
   <trkpt lat="49.923156" lon="16.936958"><ele>289</ele></trkpt>
   <trkpt lat="49.923173" lon="16.937237"><ele>289</ele></trkpt>
   <trkpt lat="49.923222" lon="16.937599"><ele>289</ele></trkpt>
   <trkpt lat="49.923258" lon="16.937776"><ele>289</ele></trkpt>
   <trkpt lat="49.923301" lon="16.937949"><ele>289</ele></trkpt>
   <trkpt lat="49.923351" lon="16.938116"><ele>289</ele></trkpt>
   <trkpt lat="49.923449" lon="16.938376"><ele>289</ele></trkpt>
   <trkpt lat="49.92314" lon="16.938768"><ele>288.25</ele></trkpt>
   <trkpt lat="49.923098" lon="16.938813"><ele>288</ele></trkpt>
   <trkpt lat="49.923024" lon="16.938857"><ele>288</ele></trkpt>
   <trkpt lat="49.922982" lon="16.938863"><ele>288</ele></trkpt>
   <trkpt lat="49.922941" lon="16.938855"><ele>288</ele></trkpt>
   <trkpt lat="49.9229" lon="16.938835"><ele>288</ele></trkpt>
   <trkpt lat="49.922864" lon="16.938802"><ele>288</ele></trkpt>
   <trkpt lat="49.922832" lon="16.938758"><ele>288</ele></trkpt>
   <trkpt lat="49.922427" lon="16.938011"><ele>288</ele></trkpt>
   <trkpt lat="49.922368" lon="16.937934"><ele>288</ele></trkpt>
   <trkpt lat="49.922332" lon="16.937907"><ele>288</ele></trkpt>
   <trkpt lat="49.922294" lon="16.937891"><ele>288</ele></trkpt>
   <trkpt lat="49.922217" lon="16.937895"><ele>288</ele></trkpt>
   <trkpt lat="49.92218" lon="16.937913"><ele>288</ele></trkpt>
   <trkpt lat="49.922147" lon="16.937942"><ele>288</ele></trkpt>
   <trkpt lat="49.922085" lon="16.938027"><ele>288</ele></trkpt>
   <trkpt lat="49.921392" lon="16.93922"><ele>287.75</ele></trkpt>
   <trkpt lat="49.92131" lon="16.93936"><ele>287.75</ele></trkpt>
   <trkpt lat="49.921194" lon="16.939574"><ele>288</ele></trkpt>
   <trkpt lat="49.921063" lon="16.939794"><ele>288</ele></trkpt>
   <trkpt lat="49.921027" lon="16.939833"><ele>288</ele></trkpt>
   <trkpt lat="49.920986" lon="16.93986"><ele>288</ele></trkpt>
   <trkpt lat="49.920944" lon="16.939873"><ele>288</ele></trkpt>
   <trkpt lat="49.920901" lon="16.939874"><ele>288</ele></trkpt>
   <trkpt lat="49.920859" lon="16.939862"><ele>288</ele></trkpt>
   <trkpt lat="49.920841" lon="16.939981"><ele>288</ele></trkpt>
   <trkpt lat="49.920815" lon="16.940097"><ele>288</ele></trkpt>
   <trkpt lat="49.920782" lon="16.940209"><ele>288</ele></trkpt>
   <trkpt lat="49.920743" lon="16.940316"><ele>288</ele></trkpt>
   <trkpt lat="49.920665" lon="16.940477"><ele>288.25</ele></trkpt>
   <trkpt lat="49.920585" lon="16.940618"><ele>288.5</ele></trkpt>
   <trkpt lat="49.92054" lon="16.940688"><ele>288.25</ele></trkpt>
   <trkpt lat="49.920162" lon="16.94135"><ele>288.25</ele></trkpt>
   <trkpt lat="49.920082" lon="16.941452"><ele>288.5</ele></trkpt>
   <trkpt lat="49.920044" lon="16.941487"><ele>288.5</ele></trkpt>
   <trkpt lat="49.919961" lon="16.94154"><ele>288.25</ele></trkpt>
   <trkpt lat="49.919637" lon="16.941708"><ele>288.25</ele></trkpt>
   <trkpt lat="49.919358" lon="16.941866"><ele>289</ele></trkpt>
   <trkpt lat="49.919301" lon="16.941906"><ele>289</ele></trkpt>
   <trkpt lat="49.919217" lon="16.941982"><ele>288.75</ele></trkpt>
   <trkpt lat="49.919097" lon="16.942117"><ele>288.75</ele></trkpt>
   <trkpt lat="49.918947" lon="16.942295"><ele>289</ele></trkpt>
   <trkpt lat="49.918862" lon="16.942401"><ele>289.5</ele></trkpt>
   <trkpt lat="49.918643" lon="16.942662"><ele>289</ele></trkpt>
   <trkpt lat="49.918354" lon="16.94306"><ele>289</ele></trkpt>
   <trkpt lat="49.918146" lon="16.943341"><ele>290</ele></trkpt>
   <trkpt lat="49.918087" lon="16.943238"><ele>289.5</ele></trkpt>
   <trkpt lat="49.918041" lon="16.943178"><ele>289.25</ele></trkpt>
   <trkpt lat="49.91772" lon="16.942876"><ele>289</ele></trkpt>
   <trkpt lat="49.91732" lon="16.942496"><ele>288.5</ele></trkpt>
   <trkpt lat="49.91718" lon="16.942365"><ele>289</ele></trkpt>
   <trkpt lat="49.916996" lon="16.942191"><ele>289</ele></trkpt>
   <trkpt lat="49.916886" lon="16.942087"><ele>289</ele></trkpt>
   <trkpt lat="49.916799" lon="16.942004"><ele>289</ele></trkpt>
   <trkpt lat="49.91668" lon="16.941911"><ele>288.75</ele></trkpt>
   <trkpt lat="49.916576" lon="16.941857"><ele>289</ele></trkpt>
   <trkpt lat="49.91594" lon="16.941731"><ele>288</ele></trkpt>
   <trkpt lat="49.915753" lon="16.941685"><ele>288</ele></trkpt>
   <trkpt lat="49.915709" lon="16.941666"><ele>287.75</ele></trkpt>
   <trkpt lat="49.915667" lon="16.941637"><ele>287.75</ele></trkpt>
   <trkpt lat="49.915618" lon="16.941588"><ele>287.75</ele></trkpt>
   <trkpt lat="49.915572" lon="16.941512"><ele>287.75</ele></trkpt>
   <trkpt lat="49.915546" lon="16.941421"><ele>287.75</ele></trkpt>
   <trkpt lat="49.915542" lon="16.941371"><ele>287.75</ele></trkpt>
   <trkpt lat="49.915537" lon="16.941286"><ele>287.75</ele></trkpt>
   <trkpt lat="49.915541" lon="16.94107"><ele>287.75</ele></trkpt>
   <trkpt lat="49.915564" lon="16.940825"><ele>287.75</ele></trkpt>
   <trkpt lat="49.915602" lon="16.940603"><ele>287.75</ele></trkpt>
   <trkpt lat="49.91565" lon="16.940417"><ele>287.25</ele></trkpt>
   <trkpt lat="49.915678" lon="16.940335"><ele>287</ele></trkpt>
   <trkpt lat="49.915711" lon="16.940256"><ele>287</ele></trkpt>
   <trkpt lat="49.915894" lon="16.93991"><ele>287.5</ele></trkpt>
   <trkpt lat="49.915988" lon="16.939701"><ele>287.5</ele></trkpt>
   <trkpt lat="49.916012" lon="16.93962"><ele>287.25</ele></trkpt>
   <trkpt lat="49.916018" lon="16.93954"><ele>287</ele></trkpt>
   <trkpt lat="49.916014" lon="16.939507"><ele>287</ele></trkpt>
   <trkpt lat="49.915985" lon="16.939378"><ele>287</ele></trkpt>
   <trkpt lat="49.915951" lon="16.939269"><ele>287</ele></trkpt>
   <trkpt lat="49.91525" lon="16.937454"><ele>287.25</ele></trkpt>
   <trkpt lat="49.915113" lon="16.937108"><ele>286.25</ele></trkpt>
   <trkpt lat="49.914835" lon="16.936443"><ele>286</ele></trkpt>
   <trkpt lat="49.914726" lon="16.936209"><ele>285.75</ele></trkpt>
   <trkpt lat="49.914639" lon="16.936044"><ele>286</ele></trkpt>
   <trkpt lat="49.914603" lon="16.935977"><ele>286</ele></trkpt>
   <trkpt lat="49.914538" lon="16.935856"><ele>286</ele></trkpt>
   <trkpt lat="49.914373" lon="16.935602"><ele>285.25</ele></trkpt>
   <trkpt lat="49.913134" lon="16.933961"><ele>285</ele></trkpt>
   <trkpt lat="49.912747" lon="16.933439"><ele>284</ele></trkpt>
   <trkpt lat="49.912535" lon="16.933123"><ele>284.5</ele></trkpt>
   <trkpt lat="49.912473" lon="16.932995"><ele>284.5</ele></trkpt>
   <trkpt lat="49.912434" lon="16.932859"><ele>284</ele></trkpt>
   <trkpt lat="49.912296" lon="16.932916"><ele>284</ele></trkpt>
   <trkpt lat="49.912196" lon="16.932919"><ele>283.75</ele></trkpt>
   <trkpt lat="49.912044" lon="16.93289"><ele>283.5</ele></trkpt>
   <trkpt lat="49.911706" lon="16.932807"><ele>283.75</ele></trkpt>
   <trkpt lat="49.911553" lon="16.932784"><ele>284</ele></trkpt>
   <trkpt lat="49.911544" lon="16.932701"><ele>283.5</ele></trkpt>
   <trkpt lat="49.911511" lon="16.932624"><ele>283.25</ele></trkpt>
   <trkpt lat="49.910544" lon="16.931595"><ele>282</ele></trkpt>
   <trkpt lat="49.910446" lon="16.931508"><ele>282</ele></trkpt>
   <trkpt lat="49.909123" lon="16.930428"><ele>281.75</ele></trkpt>
   <trkpt lat="49.909084" lon="16.930411"><ele>281.75</ele></trkpt>
   <trkpt lat="49.909028" lon="16.930405"><ele>281.5</ele></trkpt>
   <trkpt lat="49.908537" lon="16.930389"><ele>281.25</ele></trkpt>
   <trkpt lat="49.908191" lon="16.930354"><ele>281.5</ele></trkpt>
   <trkpt lat="49.908107" lon="16.930334"><ele>281.75</ele></trkpt>
   <trkpt lat="49.906624" lon="16.929756"><ele>281</ele></trkpt>
   <trkpt lat="49.906476" lon="16.929721"><ele>280.75</ele></trkpt>
   <trkpt lat="49.906428" lon="16.929714"><ele>280.75</ele></trkpt>
   <trkpt lat="49.906358" lon="16.929704"><ele>280.75</ele></trkpt>
   <trkpt lat="49.906026" lon="16.929646"><ele>280.5</ele></trkpt>
   <trkpt lat="49.90564" lon="16.929553"><ele>280.75</ele></trkpt>
   <trkpt lat="49.905561" lon="16.929522"><ele>280.75</ele></trkpt>
   <trkpt lat="49.90495" lon="16.929124"><ele>280.75</ele></trkpt>
   <trkpt lat="49.904838" lon="16.92903"><ele>280.75</ele></trkpt>
   <trkpt lat="49.90427" lon="16.92848"><ele>280.5</ele></trkpt>
   <trkpt lat="49.904234" lon="16.928454"><ele>280.25</ele></trkpt>
   <trkpt lat="49.904198" lon="16.928434"><ele>280.25</ele></trkpt>
   <trkpt lat="49.904162" lon="16.928426"><ele>280.25</ele></trkpt>
   <trkpt lat="49.904055" lon="16.928418"><ele>280.25</ele></trkpt>
   <trkpt lat="49.903899" lon="16.928423"><ele>280.5</ele></trkpt>
   <trkpt lat="49.903824" lon="16.928438"><ele>280.25</ele></trkpt>
   <trkpt lat="49.90382" lon="16.928361"><ele>280.5</ele></trkpt>
   <trkpt lat="49.903835" lon="16.928145"><ele>280.25</ele></trkpt>
   <trkpt lat="49.903875" lon="16.927719"><ele>280.75</ele></trkpt>
   <trkpt lat="49.903889" lon="16.927611"><ele>281</ele></trkpt>
   <trkpt lat="49.903973" lon="16.927194"><ele>281</ele></trkpt>
   <trkpt lat="49.904104" lon="16.926674"><ele>281</ele></trkpt>
   <trkpt lat="49.904068" lon="16.926646"><ele>281</ele></trkpt>
   <trkpt lat="49.904021" lon="16.926616"><ele>281</ele></trkpt>
   <trkpt lat="49.903984" lon="16.926596"><ele>281</ele></trkpt>
   <trkpt lat="49.903822" lon="16.926567"><ele>281.25</ele></trkpt>
   <trkpt lat="49.903667" lon="16.926576"><ele>281</ele></trkpt>
   <trkpt lat="49.902988" lon="16.926783"><ele>280</ele></trkpt>
   <trkpt lat="49.901911" lon="16.92718"><ele>280.75</ele></trkpt>
   <trkpt lat="49.90158" lon="16.927334"><ele>281.25</ele></trkpt>
   <trkpt lat="49.901453" lon="16.927372"><ele>280.75</ele></trkpt>
   <trkpt lat="49.901407" lon="16.927375"><ele>280.5</ele></trkpt>
   <trkpt lat="49.901361" lon="16.927373"><ele>280.5</ele></trkpt>
   <trkpt lat="49.901291" lon="16.927346"><ele>280.5</ele></trkpt>
   <trkpt lat="49.901233" lon="16.92728"><ele>280.5</ele></trkpt>
   <trkpt lat="49.901208" lon="16.927218"><ele>280.5</ele></trkpt>
   <trkpt lat="49.901178" lon="16.927069"><ele>280.75</ele></trkpt>
   <trkpt lat="49.901171" lon="16.926977"><ele>280.75</ele></trkpt>
   <trkpt lat="49.901162" lon="16.926632"><ele>280.5</ele></trkpt>
   <trkpt lat="49.901136" lon="16.926493"><ele>280.25</ele></trkpt>
   <trkpt lat="49.900983" lon="16.92678"><ele>281</ele></trkpt>
   <trkpt lat="49.900665" lon="16.927309"><ele>280.5</ele></trkpt>
   <trkpt lat="49.900605" lon="16.927398"><ele>280.5</ele></trkpt>
   <trkpt lat="49.900516" lon="16.92751"><ele>280.5</ele></trkpt>
   <trkpt lat="49.900415" lon="16.927604"><ele>280</ele></trkpt>
   <trkpt lat="49.900267" lon="16.927693"><ele>280</ele></trkpt>
   <trkpt lat="49.900169" lon="16.927732"><ele>280</ele></trkpt>
   <trkpt lat="49.900074" lon="16.927757"><ele>280</ele></trkpt>
   <trkpt lat="49.899944" lon="16.927775"><ele>279.75</ele></trkpt>
   <trkpt lat="49.899742" lon="16.927799"><ele>280</ele></trkpt>
   <trkpt lat="49.899527" lon="16.927845"><ele>279</ele></trkpt>
   <trkpt lat="49.899298" lon="16.927941"><ele>279.75</ele></trkpt>
   <trkpt lat="49.899167" lon="16.928011"><ele>280.5</ele></trkpt>
   <trkpt lat="49.899061" lon="16.928083"><ele>279.75</ele></trkpt>
   <trkpt lat="49.898978" lon="16.92815"><ele>279.5</ele></trkpt>
   <trkpt lat="49.89877" lon="16.928346"><ele>279.75</ele></trkpt>
   <trkpt lat="49.898602" lon="16.92843"><ele>279</ele></trkpt>
   <trkpt lat="49.898418" lon="16.928474"><ele>279</ele></trkpt>
   <trkpt lat="49.898132" lon="16.928516"><ele>279.25</ele></trkpt>
   <trkpt lat="49.897834" lon="16.928532"><ele>279.5</ele></trkpt>
   <trkpt lat="49.897728" lon="16.928516"><ele>279.5</ele></trkpt>
   <trkpt lat="49.897631" lon="16.928489"><ele>279.75</ele></trkpt>
   <trkpt lat="49.897418" lon="16.928409"><ele>280</ele></trkpt>
   <trkpt lat="49.897295" lon="16.928374"><ele>280</ele></trkpt>
   <trkpt lat="49.897067" lon="16.928361"><ele>280.5</ele></trkpt>
   <trkpt lat="49.896995" lon="16.928329"><ele>280.75</ele></trkpt>
   <trkpt lat="49.896953" lon="16.928305"><ele>280.75</ele></trkpt>
   <trkpt lat="49.896689" lon="16.928102"><ele>280.25</ele></trkpt>
   <trkpt lat="49.896481" lon="16.927979"><ele>279.75</ele></trkpt>
   <trkpt lat="49.896253" lon="16.927863"><ele>279.25</ele></trkpt>
   <trkpt lat="49.896137" lon="16.927826"><ele>279.5</ele></trkpt>
   <trkpt lat="49.895746" lon="16.927778"><ele>279.75</ele></trkpt>
   <trkpt lat="49.895624" lon="16.927738"><ele>279.5</ele></trkpt>
   <trkpt lat="49.895487" lon="16.927685"><ele>279</ele></trkpt>
   <trkpt lat="49.89515" lon="16.927554"><ele>279</ele></trkpt>
   <trkpt lat="49.89499" lon="16.927502"><ele>279.75</ele></trkpt>
   <trkpt lat="49.894852" lon="16.927487"><ele>279.75</ele></trkpt>
   <trkpt lat="49.894694" lon="16.927512"><ele>279.5</ele></trkpt>
   <trkpt lat="49.894539" lon="16.927579"><ele>278.75</ele></trkpt>
   <trkpt lat="49.894153" lon="16.927795"><ele>278.75</ele></trkpt>
   <trkpt lat="49.893998" lon="16.927867"><ele>278.25</ele></trkpt>
   <trkpt lat="49.893777" lon="16.927939"><ele>278.5</ele></trkpt>
   <trkpt lat="49.893544" lon="16.927983"><ele>278.5</ele></trkpt>
   <trkpt lat="49.892491" lon="16.928042"><ele>279.75</ele></trkpt>
   <trkpt lat="49.892199" lon="16.92805"><ele>279.75</ele></trkpt>
   <trkpt lat="49.891983" lon="16.928022"><ele>279.5</ele></trkpt>
   <trkpt lat="49.891898" lon="16.927989"><ele>279</ele></trkpt>
   <trkpt lat="49.891824" lon="16.927944"><ele>278.5</ele></trkpt>
   <trkpt lat="49.891778" lon="16.927905"><ele>278.25</ele></trkpt>
   <trkpt lat="49.891729" lon="16.927847"><ele>278.5</ele></trkpt>
   <trkpt lat="49.891678" lon="16.927762"><ele>278.75</ele></trkpt>
   <trkpt lat="49.891382" lon="16.92715"><ele>278.5</ele></trkpt>
   <trkpt lat="49.891022" lon="16.926485"><ele>278</ele></trkpt>
   <trkpt lat="49.890651" lon="16.925895"><ele>278.75</ele></trkpt>
   <trkpt lat="49.890529" lon="16.925631"><ele>279.5</ele></trkpt>
   <trkpt lat="49.89048" lon="16.925478"><ele>278.75</ele></trkpt>
   <trkpt lat="49.890443" lon="16.925345"><ele>278.25</ele></trkpt>
   <trkpt lat="49.890417" lon="16.925154"><ele>278</ele></trkpt>
   <trkpt lat="49.890143" lon="16.922618"><ele>278</ele></trkpt>
   <trkpt lat="49.890003" lon="16.921073"><ele>279.75</ele></trkpt>
   <trkpt lat="49.890015" lon="16.921001"><ele>279.75</ele></trkpt>
   <trkpt lat="49.889978" lon="16.920912"><ele>279.5</ele></trkpt>
   <trkpt lat="49.889968" lon="16.92086"><ele>279.5</ele></trkpt>
   <trkpt lat="49.889911" lon="16.920256"><ele>278.25</ele></trkpt>
   <trkpt lat="49.889896" lon="16.920172"><ele>278.25</ele></trkpt>
   <trkpt lat="49.889861" lon="16.92007"><ele>277.75</ele></trkpt>
   <trkpt lat="49.889825" lon="16.920002"><ele>277.5</ele></trkpt>
   <trkpt lat="49.889777" lon="16.920049"><ele>277.25</ele></trkpt>
   <trkpt lat="49.889735" lon="16.920067"><ele>277</ele></trkpt>
   <trkpt lat="49.889179" lon="16.920255"><ele>277</ele></trkpt>
   <trkpt lat="49.888812" lon="16.92039"><ele>277</ele></trkpt>
   <trkpt lat="49.888241" lon="16.920661"><ele>276.5</ele></trkpt>
   <trkpt lat="49.887711" lon="16.920958"><ele>276</ele></trkpt>
   <trkpt lat="49.887678" lon="16.920976"><ele>276</ele></trkpt>
   <trkpt lat="49.887741" lon="16.921507"><ele>277</ele></trkpt>
   <trkpt lat="49.887755" lon="16.921787"><ele>277</ele></trkpt>
   <trkpt lat="49.88775" lon="16.922047"><ele>277.25</ele></trkpt>
   <trkpt lat="49.887707" lon="16.922564"><ele>277.5</ele></trkpt>
   <trkpt lat="49.887671" lon="16.922926"><ele>276</ele></trkpt>
   <trkpt lat="49.887603" lon="16.923568"><ele>276.75</ele></trkpt>
   <trkpt lat="49.88759" lon="16.923691"><ele>276.75</ele></trkpt>
   <trkpt lat="49.887176" lon="16.927597"><ele>275.75</ele></trkpt>
   <trkpt lat="49.886691" lon="16.932023"><ele>276.5</ele></trkpt>
   <trkpt lat="49.886681" lon="16.932152"><ele>276</ele></trkpt>
   <trkpt lat="49.886433" lon="16.932163"><ele>276</ele></trkpt>
   <trkpt lat="49.886344" lon="16.932176"><ele>276</ele></trkpt>
   <trkpt lat="49.88624" lon="16.932198"><ele>276</ele></trkpt>
   <trkpt lat="49.886032" lon="16.932281"><ele>275.75</ele></trkpt>
   <trkpt lat="49.885854" lon="16.93239"><ele>275.75</ele></trkpt>
   <trkpt lat="49.885696" lon="16.932521"><ele>275.75</ele></trkpt>
   <trkpt lat="49.885563" lon="16.932674"><ele>275.75</ele></trkpt>
   <trkpt lat="49.885498" lon="16.932773"><ele>276</ele></trkpt>
   <trkpt lat="49.885359" lon="16.933041"><ele>275.5</ele></trkpt>
   <trkpt lat="49.885249" lon="16.933294"><ele>276</ele></trkpt>
   <trkpt lat="49.885171" lon="16.933525"><ele>275.5</ele></trkpt>
   <trkpt lat="49.885114" lon="16.933761"><ele>275.5</ele></trkpt>
   <trkpt lat="49.885079" lon="16.934"><ele>275.5</ele></trkpt>
   <trkpt lat="49.885055" lon="16.934263"><ele>275.75</ele></trkpt>
   <trkpt lat="49.885041" lon="16.93468"><ele>275.75</ele></trkpt>
   <trkpt lat="49.885049" lon="16.934968"><ele>276.5</ele></trkpt>
   <trkpt lat="49.884985" lon="16.934985"><ele>276.75</ele></trkpt>
   <trkpt lat="49.884937" lon="16.935009"><ele>276.5</ele></trkpt>
   <trkpt lat="49.884859" lon="16.935065"><ele>275.75</ele></trkpt>
   <trkpt lat="49.884797" lon="16.935139"><ele>275.75</ele></trkpt>
   <trkpt lat="49.884774" lon="16.935189"><ele>275.75</ele></trkpt>
   <trkpt lat="49.884723" lon="16.935338"><ele>276</ele></trkpt>
   <trkpt lat="49.884691" lon="16.935474"><ele>275.75</ele></trkpt>
   <trkpt lat="49.884657" lon="16.935787"><ele>275.75</ele></trkpt>
   <trkpt lat="49.884629" lon="16.935929"><ele>276</ele></trkpt>
   <trkpt lat="49.884571" lon="16.936055"><ele>276</ele></trkpt>
   <trkpt lat="49.884501" lon="16.936167"><ele>276</ele></trkpt>
   <trkpt lat="49.884434" lon="16.936254"><ele>275.75</ele></trkpt>
   <trkpt lat="49.884322" lon="16.936351"><ele>275.75</ele></trkpt>
   <trkpt lat="49.884131" lon="16.936489"><ele>275.75</ele></trkpt>
   <trkpt lat="49.883924" lon="16.936635"><ele>275.75</ele></trkpt>
   <trkpt lat="49.883855" lon="16.936672"><ele>275.75</ele></trkpt>
   <trkpt lat="49.883719" lon="16.936728"><ele>275.25</ele></trkpt>
   <trkpt lat="49.88322" lon="16.936902"><ele>275</ele></trkpt>
   <trkpt lat="49.882918" lon="16.937003"><ele>274</ele></trkpt>
   <trkpt lat="49.882221" lon="16.937213"><ele>274</ele></trkpt>
   <trkpt lat="49.882125" lon="16.937259"><ele>274</ele></trkpt>
   <trkpt lat="49.882061" lon="16.937312"><ele>274</ele></trkpt>
   <trkpt lat="49.882041" lon="16.937346"><ele>274.25</ele></trkpt>
   <trkpt lat="49.882028" lon="16.937385"><ele>274.25</ele></trkpt>
   <trkpt lat="49.881928" lon="16.937937"><ele>274.75</ele></trkpt>
   <trkpt lat="49.881803" lon="16.938663"><ele>275</ele></trkpt>
   <trkpt lat="49.881624" lon="16.938457"><ele>275</ele></trkpt>
   <trkpt lat="49.881592" lon="16.938446"><ele>275</ele></trkpt>
   <trkpt lat="49.881527" lon="16.93848"><ele>275</ele></trkpt>
   <trkpt lat="49.881472" lon="16.938513"><ele>275</ele></trkpt>
   <trkpt lat="49.881423" lon="16.938517"><ele>275</ele></trkpt>
   <trkpt lat="49.881382" lon="16.938496"><ele>275</ele></trkpt>
   <trkpt lat="49.881328" lon="16.938419"><ele>275</ele></trkpt>
   <trkpt lat="49.88129" lon="16.93838"><ele>275</ele></trkpt>
   <trkpt lat="49.88124" lon="16.938357"><ele>275</ele></trkpt>
   <trkpt lat="49.88116" lon="16.938349"><ele>275</ele></trkpt>
   <trkpt lat="49.881008" lon="16.938372"><ele>275</ele></trkpt>
   <trkpt lat="49.880398" lon="16.938529"><ele>274.25</ele></trkpt>
   <trkpt lat="49.880296" lon="16.938534"><ele>274.5</ele></trkpt>
   <trkpt lat="49.880255" lon="16.938526"><ele>274.5</ele></trkpt>
   <trkpt lat="49.880202" lon="16.938502"><ele>274.5</ele></trkpt>
   <trkpt lat="49.880108" lon="16.938426"><ele>274.5</ele></trkpt>
   <trkpt lat="49.880011" lon="16.938297"><ele>274.75</ele></trkpt>
   <trkpt lat="49.879517" lon="16.937491"><ele>273.5</ele></trkpt>
   <trkpt lat="49.879415" lon="16.937374"><ele>273.5</ele></trkpt>
   <trkpt lat="49.879198" lon="16.937175"><ele>273.75</ele></trkpt>
   <trkpt lat="49.878513" lon="16.936588"><ele>273.25</ele></trkpt>
   <trkpt lat="49.878401" lon="16.936502"><ele>273</ele></trkpt>
   <trkpt lat="49.878346" lon="16.936475"><ele>273</ele></trkpt>
   <trkpt lat="49.878263" lon="16.936467"><ele>273</ele></trkpt>
   <trkpt lat="49.878156" lon="16.936485"><ele>273</ele></trkpt>
   <trkpt lat="49.877983" lon="16.936549"><ele>273.5</ele></trkpt>
   <trkpt lat="49.8778" lon="16.936652"><ele>273.75</ele></trkpt>
   <trkpt lat="49.877715" lon="16.936723"><ele>273.75</ele></trkpt>
   <trkpt lat="49.877642" lon="16.936797"><ele>273.75</ele></trkpt>
   <trkpt lat="49.877834" lon="16.937118"><ele>273.75</ele></trkpt>
   <trkpt lat="49.877807" lon="16.937147"><ele>273.75</ele></trkpt>
   <trkpt lat="49.877758" lon="16.937172"><ele>273.75</ele></trkpt>
   <trkpt lat="49.877282" lon="16.937302"><ele>274</ele></trkpt>
   <trkpt lat="49.877229" lon="16.93731"><ele>274.25</ele></trkpt>
   <trkpt lat="49.877112" lon="16.937305"><ele>273.75</ele></trkpt>
   <trkpt lat="49.877056" lon="16.937298"><ele>273.5</ele></trkpt>
   <trkpt lat="49.876966" lon="16.937272"><ele>273</ele></trkpt>
   <trkpt lat="49.876882" lon="16.937234"><ele>273</ele></trkpt>
   <trkpt lat="49.876535" lon="16.936994"><ele>273</ele></trkpt>
   <trkpt lat="49.876445" lon="16.936939"><ele>273</ele></trkpt>
   <trkpt lat="49.876331" lon="16.936895"><ele>273</ele></trkpt>
   <trkpt lat="49.875997" lon="16.936884"><ele>273</ele></trkpt>
   <trkpt lat="49.875313" lon="16.936909"><ele>273</ele></trkpt>
   <trkpt lat="49.875103" lon="16.936927"><ele>272.75</ele></trkpt>
   <trkpt lat="49.875018" lon="16.936954"><ele>272.75</ele></trkpt>
   <trkpt lat="49.874908" lon="16.937003"><ele>272.5</ele></trkpt>
   <trkpt lat="49.874744" lon="16.937063"><ele>272</ele></trkpt>
   <trkpt lat="49.874598" lon="16.937094"><ele>272</ele></trkpt>
   <trkpt lat="49.874467" lon="16.9371"><ele>272.5</ele></trkpt>
   <trkpt lat="49.874343" lon="16.93709"><ele>272.5</ele></trkpt>
   <trkpt lat="49.874238" lon="16.937073"><ele>272.25</ele></trkpt>
   <trkpt lat="49.874058" lon="16.937024"><ele>272.25</ele></trkpt>
   <trkpt lat="49.873549" lon="16.936858"><ele>272</ele></trkpt>
   <trkpt lat="49.873438" lon="16.936843"><ele>272</ele></trkpt>
   <trkpt lat="49.873342" lon="16.936857"><ele>272</ele></trkpt>
   <trkpt lat="49.872961" lon="16.936969"><ele>272.25</ele></trkpt>
   <trkpt lat="49.872647" lon="16.937027"><ele>272.25</ele></trkpt>
   <trkpt lat="49.872606" lon="16.937028"><ele>272.25</ele></trkpt>
   <trkpt lat="49.87256" lon="16.937025"><ele>272</ele></trkpt>
   <trkpt lat="49.872491" lon="16.937003"><ele>272</ele></trkpt>
   <trkpt lat="49.872473" lon="16.936994"><ele>272</ele></trkpt>
   <trkpt lat="49.872436" lon="16.936952"><ele>272</ele></trkpt>
   <trkpt lat="49.872416" lon="16.936925"><ele>272</ele></trkpt>
   <trkpt lat="49.872379" lon="16.936847"><ele>272</ele></trkpt>
   <trkpt lat="49.872334" lon="16.93675"><ele>272.25</ele></trkpt>
   <trkpt lat="49.8723" lon="16.9367"><ele>272.5</ele></trkpt>
   <trkpt lat="49.872217" lon="16.936619"><ele>272.75</ele></trkpt>
   <trkpt lat="49.872124" lon="16.936549"><ele>272.25</ele></trkpt>
   <trkpt lat="49.872079" lon="16.936489"><ele>272</ele></trkpt>
   <trkpt lat="49.872053" lon="16.936422"><ele>272</ele></trkpt>
   <trkpt lat="49.872021" lon="16.936264"><ele>271.5</ele></trkpt>
   <trkpt lat="49.872002" lon="16.936201"><ele>271.25</ele></trkpt>
   <trkpt lat="49.871959" lon="16.936146"><ele>271</ele></trkpt>
   <trkpt lat="49.871867" lon="16.936078"><ele>271</ele></trkpt>
   <trkpt lat="49.871649" lon="16.936027"><ele>271</ele></trkpt>
   <trkpt lat="49.871553" lon="16.935995"><ele>271</ele></trkpt>
   <trkpt lat="49.871412" lon="16.935923"><ele>271</ele></trkpt>
   <trkpt lat="49.871264" lon="16.935816"><ele>271</ele></trkpt>
   <trkpt lat="49.870976" lon="16.935592"><ele>271</ele></trkpt>
   <trkpt lat="49.870946" lon="16.935578"><ele>271</ele></trkpt>
   <trkpt lat="49.87088" lon="16.935559"><ele>271</ele></trkpt>
   <trkpt lat="49.870685" lon="16.935559"><ele>271</ele></trkpt>
   <trkpt lat="49.87059" lon="16.935532"><ele>271</ele></trkpt>
   <trkpt lat="49.870411" lon="16.935408"><ele>271</ele></trkpt>
   <trkpt lat="49.870388" lon="16.935371"><ele>271</ele></trkpt>
   <trkpt lat="49.870372" lon="16.935301"><ele>271</ele></trkpt>
   <trkpt lat="49.870347" lon="16.935123"><ele>271</ele></trkpt>
   <trkpt lat="49.870322" lon="16.935012"><ele>271</ele></trkpt>
   <trkpt lat="49.870219" lon="16.934765"><ele>271</ele></trkpt>
   <trkpt lat="49.869853" lon="16.933772"><ele>271</ele></trkpt>
   <trkpt lat="49.86959" lon="16.933069"><ele>271</ele></trkpt>
   <trkpt lat="49.86952" lon="16.932922"><ele>271</ele></trkpt>
   <trkpt lat="49.869454" lon="16.932976"><ele>271</ele></trkpt>
   <trkpt lat="49.868938" lon="16.933292"><ele>271</ele></trkpt>
   <trkpt lat="49.868781" lon="16.933388"><ele>271</ele></trkpt>
   <trkpt lat="49.86851" lon="16.933557"><ele>270.75</ele></trkpt>
   <trkpt lat="49.868111" lon="16.933866"><ele>270.75</ele></trkpt>
   <trkpt lat="49.867943" lon="16.934007"><ele>270.5</ele></trkpt>
   <trkpt lat="49.867918" lon="16.934027"><ele>270.5</ele></trkpt>
   <trkpt lat="49.866037" lon="16.935474"><ele>270</ele></trkpt>
   <trkpt lat="49.865733" lon="16.935725"><ele>269.75</ele></trkpt>
   <trkpt lat="49.865593" lon="16.935872"><ele>269.75</ele></trkpt>
   <trkpt lat="49.865363" lon="16.936175"><ele>269</ele></trkpt>
   <trkpt lat="49.862513" lon="16.940317"><ele>269.75</ele></trkpt>
   <trkpt lat="49.862472" lon="16.940376"><ele>269.75</ele></trkpt>
   <trkpt lat="49.862151" lon="16.940843"><ele>269.5</ele></trkpt>
   <trkpt lat="49.860993" lon="16.942891"><ele>270.5</ele></trkpt>
   <trkpt lat="49.860887" lon="16.94308"><ele>270.75</ele></trkpt>
   <trkpt lat="49.860833" lon="16.943178"><ele>271</ele></trkpt>
   <trkpt lat="49.860809" lon="16.94322"><ele>271</ele></trkpt>
   <trkpt lat="49.860703" lon="16.9434"><ele>271</ele></trkpt>
   <trkpt lat="49.86051" lon="16.943635"><ele>272</ele></trkpt>
   <trkpt lat="49.860385" lon="16.94374"><ele>272</ele></trkpt>
   <trkpt lat="49.860244" lon="16.943844"><ele>271.5</ele></trkpt>
   <trkpt lat="49.85998" lon="16.944"><ele>272</ele></trkpt>
   <trkpt lat="49.859846" lon="16.944056"><ele>272.25</ele></trkpt>
   <trkpt lat="49.858687" lon="16.944437"><ele>271.25</ele></trkpt>
   <trkpt lat="49.858179" lon="16.944587"><ele>270.5</ele></trkpt>
   <trkpt lat="49.85764" lon="16.944771"><ele>269.5</ele></trkpt>
   <trkpt lat="49.857198" lon="16.94492"><ele>269.75</ele></trkpt>
   <trkpt lat="49.857148" lon="16.944933"><ele>269.5</ele></trkpt>
   <trkpt lat="49.85692" lon="16.944988"><ele>268.75</ele></trkpt>
   <trkpt lat="49.856715" lon="16.944989"><ele>268.75</ele></trkpt>
   <trkpt lat="49.856595" lon="16.944975"><ele>269</ele></trkpt>
   <trkpt lat="49.856496" lon="16.944945"><ele>269.25</ele></trkpt>
   <trkpt lat="49.85624" lon="16.944841"><ele>269.75</ele></trkpt>
   <trkpt lat="49.856026" lon="16.944724"><ele>269.5</ele></trkpt>
   <trkpt lat="49.855925" lon="16.94465"><ele>269.5</ele></trkpt>
   <trkpt lat="49.855838" lon="16.944569"><ele>269.25</ele></trkpt>
   <trkpt lat="49.855737" lon="16.94446"><ele>269.75</ele></trkpt>
   <trkpt lat="49.855647" lon="16.944346"><ele>270</ele></trkpt>
   <trkpt lat="49.855246" lon="16.943814"><ele>268.75</ele></trkpt>
   <trkpt lat="49.855161" lon="16.943716"><ele>268.75</ele></trkpt>
   <trkpt lat="49.855088" lon="16.943651"><ele>268.75</ele></trkpt>
   <trkpt lat="49.855011" lon="16.943596"><ele>268.75</ele></trkpt>
   <trkpt lat="49.854939" lon="16.943559"><ele>269</ele></trkpt>
   <trkpt lat="49.85473" lon="16.943512"><ele>269.5</ele></trkpt>
   <trkpt lat="49.854215" lon="16.943452"><ele>270.25</ele></trkpt>
   <trkpt lat="49.853793" lon="16.943412"><ele>270.25</ele></trkpt>
   <trkpt lat="49.85248" lon="16.943312"><ele>267.75</ele></trkpt>
   <trkpt lat="49.852399" lon="16.943315"><ele>267.75</ele></trkpt>
   <trkpt lat="49.852248" lon="16.943349"><ele>268</ele></trkpt>
   <trkpt lat="49.852173" lon="16.943379"><ele>267.75</ele></trkpt>
   <trkpt lat="49.852102" lon="16.943424"><ele>267.5</ele></trkpt>
   <trkpt lat="49.851803" lon="16.94371"><ele>266.5</ele></trkpt>
   <trkpt lat="49.849319" lon="16.946289"><ele>266.75</ele></trkpt>
   <trkpt lat="49.84857" lon="16.94704"><ele>267</ele></trkpt>
   <trkpt lat="49.848525" lon="16.947085"><ele>267</ele></trkpt>
   <trkpt lat="49.848363" lon="16.947249"><ele>267</ele></trkpt>
   <trkpt lat="49.847491" lon="16.948173"><ele>267.25</ele></trkpt>
   <trkpt lat="49.846993" lon="16.948808"><ele>268.75</ele></trkpt>
   <trkpt lat="49.845319" lon="16.951011"><ele>276</ele></trkpt>
   <trkpt lat="49.845269" lon="16.951066"><ele>276</ele></trkpt>
   <trkpt lat="49.845142" lon="16.951204"><ele>277</ele></trkpt>
   <trkpt lat="49.84504" lon="16.951301"><ele>277.75</ele></trkpt>
   <trkpt lat="49.844843" lon="16.951462"><ele>278.5</ele></trkpt>
   <trkpt lat="49.844812" lon="16.951484"><ele>278.75</ele></trkpt>
   <trkpt lat="49.844736" lon="16.951538"><ele>278.75</ele></trkpt>
   <trkpt lat="49.844692" lon="16.951567"><ele>278.75</ele></trkpt>
   <trkpt lat="49.844643" lon="16.951599"><ele>278.75</ele></trkpt>
   <trkpt lat="49.844093" lon="16.951899"><ele>278.75</ele></trkpt>
   <trkpt lat="49.844017" lon="16.951925"><ele>278.75</ele></trkpt>
   <trkpt lat="49.842961" lon="16.95227"><ele>278.75</ele></trkpt>
   <trkpt lat="49.842297" lon="16.952476"><ele>277.75</ele></trkpt>
   <trkpt lat="49.841569" lon="16.952731"><ele>276</ele></trkpt>
   <trkpt lat="49.841093" lon="16.952955"><ele>275</ele></trkpt>
   <trkpt lat="49.840301" lon="16.953351"><ele>272.25</ele></trkpt>
   <trkpt lat="49.83996" lon="16.953494"><ele>272</ele></trkpt>
   <trkpt lat="49.839746" lon="16.953568"><ele>271.75</ele></trkpt>
   <trkpt lat="49.836367" lon="16.954533"><ele>272</ele></trkpt>
   <trkpt lat="49.836248" lon="16.954566"><ele>271.75</ele></trkpt>
   <trkpt lat="49.835859" lon="16.954679"><ele>272.5</ele></trkpt>
   <trkpt lat="49.835729" lon="16.954726"><ele>272.25</ele></trkpt>
   <trkpt lat="49.835611" lon="16.954784"><ele>271.5</ele></trkpt>
   <trkpt lat="49.835428" lon="16.954924"><ele>271.75</ele></trkpt>
   <trkpt lat="49.834409" lon="16.955848"><ele>271.75</ele></trkpt>
   <trkpt lat="49.83374" lon="16.956534"><ele>271</ele></trkpt>
   <trkpt lat="49.832739" lon="16.957768"><ele>271</ele></trkpt>
   <trkpt lat="49.830976" lon="16.959878"><ele>274</ele></trkpt>
   <trkpt lat="49.830271" lon="16.960721"><ele>274.5</ele></trkpt>
   <trkpt lat="49.829814" lon="16.961245"><ele>274</ele></trkpt>
   <trkpt lat="49.829748" lon="16.961321"><ele>273.75</ele></trkpt>
   <trkpt lat="49.829523" lon="16.961464"><ele>273.5</ele></trkpt>
   <trkpt lat="49.829094" lon="16.961736"><ele>273</ele></trkpt>
   <trkpt lat="49.828871" lon="16.961852"><ele>272.75</ele></trkpt>
   <trkpt lat="49.828793" lon="16.961895"><ele>272.5</ele></trkpt>
   <trkpt lat="49.828678" lon="16.96194"><ele>272</ele></trkpt>
   <trkpt lat="49.828498" lon="16.961988"><ele>272</ele></trkpt>
   <trkpt lat="49.828254" lon="16.962032"><ele>271.5</ele></trkpt>
   <trkpt lat="49.828199" lon="16.962055"><ele>271.5</ele></trkpt>
   <trkpt lat="49.828108" lon="16.962128"><ele>271</ele></trkpt>
   <trkpt lat="49.828061" lon="16.962212"><ele>271</ele></trkpt>
   <trkpt lat="49.828042" lon="16.96226"><ele>271</ele></trkpt>
   <trkpt lat="49.828023" lon="16.962333"><ele>271</ele></trkpt>
   <trkpt lat="49.828011" lon="16.962411"><ele>271.25</ele></trkpt>
   <trkpt lat="49.828017" lon="16.962844"><ele>272</ele></trkpt>
   <trkpt lat="49.828034" lon="16.963423"><ele>273.25</ele></trkpt>
   <trkpt lat="49.828028" lon="16.963622"><ele>273.75</ele></trkpt>
   <trkpt lat="49.828017" lon="16.963744"><ele>273.75</ele></trkpt>
   <trkpt lat="49.828004" lon="16.963837"><ele>273.75</ele></trkpt>
   <trkpt lat="49.827982" lon="16.963926"><ele>274</ele></trkpt>
   <trkpt lat="49.827952" lon="16.964009"><ele>274.25</ele></trkpt>
   <trkpt lat="49.827917" lon="16.964081"><ele>274.5</ele></trkpt>
   <trkpt lat="49.827876" lon="16.964146"><ele>274.75</ele></trkpt>
   <trkpt lat="49.827797" lon="16.96423"><ele>275</ele></trkpt>
   <trkpt lat="49.827711" lon="16.96428"><ele>274.75</ele></trkpt>
   <trkpt lat="49.827646" lon="16.964304"><ele>274.75</ele></trkpt>
   <trkpt lat="49.827484" lon="16.96434"><ele>275.25</ele></trkpt>
   <trkpt lat="49.82741" lon="16.964356"><ele>275.75</ele></trkpt>
   <trkpt lat="49.827227" lon="16.964417"><ele>276.75</ele></trkpt>
   <trkpt lat="49.826985" lon="16.96452"><ele>277.25</ele></trkpt>
   <trkpt lat="49.826845" lon="16.964616"><ele>277.25</ele></trkpt>
   <trkpt lat="49.826775" lon="16.96468"><ele>277.75</ele></trkpt>
   <trkpt lat="49.826645" lon="16.964832"><ele>278</ele></trkpt>
   <trkpt lat="49.826576" lon="16.964936"><ele>278</ele></trkpt>
   <trkpt lat="49.826514" lon="16.96505"><ele>277.75</ele></trkpt>
   <trkpt lat="49.826385" lon="16.965339"><ele>278</ele></trkpt>
   <trkpt lat="49.826063" lon="16.965997"><ele>278.5</ele></trkpt>
   <trkpt lat="49.825727" lon="16.966651"><ele>278.75</ele></trkpt>
   <trkpt lat="49.825232" lon="16.967614"><ele>279.5</ele></trkpt>
   <trkpt lat="49.824939" lon="16.968181"><ele>279</ele></trkpt>
   <trkpt lat="49.824593" lon="16.968747"><ele>280.75</ele></trkpt>
   <trkpt lat="49.824343" lon="16.969094"><ele>283</ele></trkpt>
   <trkpt lat="49.822517" lon="16.971743"><ele>295.5</ele></trkpt>
   <trkpt lat="49.822269" lon="16.971997"><ele>297.25</ele></trkpt>
   <trkpt lat="49.821823" lon="16.972349"><ele>299.75</ele></trkpt>
   <trkpt lat="49.821566" lon="16.972635"><ele>301.25</ele></trkpt>
   <trkpt lat="49.821362" lon="16.972885"><ele>302.5</ele></trkpt>
   <trkpt lat="49.821298" lon="16.972973"><ele>302.75</ele></trkpt>
   <trkpt lat="49.82127" lon="16.973023"><ele>302.75</ele></trkpt>
   <trkpt lat="49.821216" lon="16.973147"><ele>303.5</ele></trkpt>
   <trkpt lat="49.821162" lon="16.973346"><ele>304.5</ele></trkpt>
   <trkpt lat="49.82111" lon="16.973623"><ele>306</ele></trkpt>
   <trkpt lat="49.820759" lon="16.975707"><ele>313.25</ele></trkpt>
   <trkpt lat="49.820739" lon="16.975928"><ele>314.25</ele></trkpt>
   <trkpt lat="49.820632" lon="16.979278"><ele>323.5</ele></trkpt>
   <trkpt lat="49.820603" lon="16.979819"><ele>324.5</ele></trkpt>
   <trkpt lat="49.82056" lon="16.980106"><ele>325</ele></trkpt>
   <trkpt lat="49.82046" lon="16.980494"><ele>324.25</ele></trkpt>
   <trkpt lat="49.820262" lon="16.981199"><ele>322.75</ele></trkpt>
   <trkpt lat="49.820083" lon="16.982032"><ele>319.5</ele></trkpt>
   <trkpt lat="49.819812" lon="16.983376"><ele>315.5</ele></trkpt>
   <trkpt lat="49.819783" lon="16.983682"><ele>315</ele></trkpt>
   <trkpt lat="49.819777" lon="16.983869"><ele>314.25</ele></trkpt>
   <trkpt lat="49.819802" lon="16.984304"><ele>314.5</ele></trkpt>
   <trkpt lat="49.819796" lon="16.984516"><ele>314.25</ele></trkpt>
   <trkpt lat="49.81976" lon="16.984811"><ele>313.25</ele></trkpt>
   <trkpt lat="49.819598" lon="16.985408"><ele>313</ele></trkpt>
   <trkpt lat="49.819436" lon="16.985965"><ele>311.75</ele></trkpt>
   <trkpt lat="49.819193" lon="16.986687"><ele>311.25</ele></trkpt>
   <trkpt lat="49.819027" lon="16.987076"><ele>311.25</ele></trkpt>
   <trkpt lat="49.818792" lon="16.987571"><ele>310.75</ele></trkpt>
   <trkpt lat="49.81825" lon="16.988624"><ele>309.5</ele></trkpt>
   <trkpt lat="49.817986" lon="16.9891"><ele>309.25</ele></trkpt>
   <trkpt lat="49.817773" lon="16.989551"><ele>307.75</ele></trkpt>
   <trkpt lat="49.817639" lon="16.989888"><ele>308</ele></trkpt>
   <trkpt lat="49.817554" lon="16.990169"><ele>306.75</ele></trkpt>
   <trkpt lat="49.817459" lon="16.990523"><ele>305</ele></trkpt>
   <trkpt lat="49.817324" lon="16.990888"><ele>304.75</ele></trkpt>
   <trkpt lat="49.817013" lon="16.991596"><ele>300.75</ele></trkpt>
   <trkpt lat="49.816374" lon="16.993003"><ele>296.5</ele></trkpt>
   <trkpt lat="49.815738" lon="16.994283"><ele>295.5</ele></trkpt>
   <trkpt lat="49.815602" lon="16.994605"><ele>294.25</ele></trkpt>
   <trkpt lat="49.815459" lon="16.994915"><ele>294.25</ele></trkpt>
   <trkpt lat="49.815146" lon="16.995441"><ele>292.5</ele></trkpt>
   <trkpt lat="49.814693" lon="16.996085"><ele>288.75</ele></trkpt>
   <trkpt lat="49.814586" lon="16.996221"><ele>288</ele></trkpt>
   <trkpt lat="49.814518" lon="16.996272"><ele>287.5</ele></trkpt>
   <trkpt lat="49.814422" lon="16.99632"><ele>286.75</ele></trkpt>
   <trkpt lat="49.81397" lon="16.996377"><ele>284.25</ele></trkpt>
   <trkpt lat="49.813733" lon="16.99643"><ele>283</ele></trkpt>
   <trkpt lat="49.812973" lon="16.996722"><ele>281.75</ele></trkpt>
   <trkpt lat="49.812706" lon="16.996857"><ele>281.25</ele></trkpt>
   <trkpt lat="49.812484" lon="16.997005"><ele>280.5</ele></trkpt>
   <trkpt lat="49.812265" lon="16.997128"><ele>279.75</ele></trkpt>
   <trkpt lat="49.812076" lon="16.997175"><ele>280</ele></trkpt>
   <trkpt lat="49.811906" lon="16.997187"><ele>280.25</ele></trkpt>
   <trkpt lat="49.811643" lon="16.997125"><ele>280.25</ele></trkpt>
   <trkpt lat="49.811479" lon="16.997098"><ele>280.5</ele></trkpt>
   <trkpt lat="49.811402" lon="16.997094"><ele>280.75</ele></trkpt>
   <trkpt lat="49.81134" lon="16.997116"><ele>280.75</ele></trkpt>
   <trkpt lat="49.810121" lon="16.997817"><ele>277</ele></trkpt>
   <trkpt lat="49.809799" lon="16.997948"><ele>275.75</ele></trkpt>
   <trkpt lat="49.809445" lon="16.998047"><ele>275</ele></trkpt>
   <trkpt lat="49.809021" lon="16.998153"><ele>274.75</ele></trkpt>
   <trkpt lat="49.808783" lon="16.998213"><ele>274</ele></trkpt>
   <trkpt lat="49.808607" lon="16.99827"><ele>273.25</ele></trkpt>
   <trkpt lat="49.808495" lon="16.998339"><ele>273.25</ele></trkpt>
   <trkpt lat="49.808401" lon="16.998451"><ele>273.75</ele></trkpt>
   <trkpt lat="49.808321" lon="16.998597"><ele>273.75</ele></trkpt>
   <trkpt lat="49.808125" lon="16.999393"><ele>273.75</ele></trkpt>
   <trkpt lat="49.808097" lon="16.999558"><ele>273.75</ele></trkpt>
   <trkpt lat="49.808077" lon="16.999679"><ele>273.75</ele></trkpt>
   <trkpt lat="49.808043" lon="16.999883"><ele>273.75</ele></trkpt>
   <trkpt lat="49.807987" lon="17.000267"><ele>273.75</ele></trkpt>
   <trkpt lat="49.807936" lon="17.000529"><ele>274.25</ele></trkpt>
   <trkpt lat="49.80785" lon="17.000751"><ele>274.75</ele></trkpt>
   <trkpt lat="49.807752" lon="17.00093"><ele>275</ele></trkpt>
   <trkpt lat="49.807609" lon="17.001121"><ele>274.75</ele></trkpt>
   <trkpt lat="49.807375" lon="17.001362"><ele>275.75</ele></trkpt>
   <trkpt lat="49.806499" lon="17.00184"><ele>275.25</ele></trkpt>
   <trkpt lat="49.806178" lon="17.001987"><ele>275</ele></trkpt>
   <trkpt lat="49.805812" lon="17.002233"><ele>277.25</ele></trkpt>
   <trkpt lat="49.805488" lon="17.002539"><ele>280.5</ele></trkpt>
   <trkpt lat="49.804991" lon="17.003282"><ele>287.5</ele></trkpt>
   <trkpt lat="49.804559" lon="17.004053"><ele>293.75</ele></trkpt>
   <trkpt lat="49.804157" lon="17.004754"><ele>296.25</ele></trkpt>
   <trkpt lat="49.803707" lon="17.005563"><ele>301.25</ele></trkpt>
   <trkpt lat="49.803268" lon="17.006323"><ele>303.5</ele></trkpt>
   <trkpt lat="49.803236" lon="17.006396"><ele>303.5</ele></trkpt>
   <trkpt lat="49.802779" lon="17.007035"><ele>302</ele></trkpt>
   <trkpt lat="49.802043" lon="17.008086"><ele>298.75</ele></trkpt>
   <trkpt lat="49.801658" lon="17.008618"><ele>295</ele></trkpt>
   <trkpt lat="49.801511" lon="17.008822"><ele>295.75</ele></trkpt>
   <trkpt lat="49.800973" lon="17.009475"><ele>291.5</ele></trkpt>
   <trkpt lat="49.800411" lon="17.010238"><ele>287.5</ele></trkpt>
   <trkpt lat="49.800286" lon="17.010368"><ele>286.5</ele></trkpt>
   <trkpt lat="49.8002" lon="17.01041"><ele>286</ele></trkpt>
   <trkpt lat="49.799965" lon="17.010436"><ele>285.25</ele></trkpt>
   <trkpt lat="49.799677" lon="17.010459"><ele>284</ele></trkpt>
   <trkpt lat="49.799444" lon="17.010478"><ele>283.5</ele></trkpt>
   <trkpt lat="49.799049" lon="17.010509"><ele>283.25</ele></trkpt>
   <trkpt lat="49.798991" lon="17.010514"><ele>283.25</ele></trkpt>
   <trkpt lat="49.798885" lon="17.010589"><ele>282.75</ele></trkpt>
   <trkpt lat="49.798899" lon="17.010719"><ele>282.25</ele></trkpt>
   <trkpt lat="49.798918" lon="17.011217"><ele>281</ele></trkpt>
   <trkpt lat="49.798924" lon="17.011311"><ele>281.25</ele></trkpt>
   <trkpt lat="49.798976" lon="17.012056"><ele>280.75</ele></trkpt>
   <trkpt lat="49.798997" lon="17.012329"><ele>280</ele></trkpt>
   <trkpt lat="49.799032" lon="17.012526"><ele>280.5</ele></trkpt>
   <trkpt lat="49.79904" lon="17.012675"><ele>280.5</ele></trkpt>
   <trkpt lat="49.79902" lon="17.012817"><ele>280.75</ele></trkpt>
   <trkpt lat="49.798941" lon="17.012986"><ele>282</ele></trkpt>
   <trkpt lat="49.7987" lon="17.013297"><ele>285</ele></trkpt>
   <trkpt lat="49.798554" lon="17.013559"><ele>288.25</ele></trkpt>
   <trkpt lat="49.798401" lon="17.01385"><ele>291.25</ele></trkpt>
   <trkpt lat="49.798064" lon="17.01454"><ele>297.75</ele></trkpt>
   <trkpt lat="49.797898" lon="17.014934"><ele>303.25</ele></trkpt>
   <trkpt lat="49.797748" lon="17.01552"><ele>306</ele></trkpt>
   <trkpt lat="49.797709" lon="17.015678"><ele>307.5</ele></trkpt>
   <trkpt lat="49.797753" lon="17.015686"><ele>307</ele></trkpt>
   <trkpt lat="49.797799" lon="17.015661"><ele>307</ele></trkpt>
   <trkpt lat="49.798028" lon="17.015133"><ele>307</ele></trkpt>
   <trkpt lat="49.79809" lon="17.01501"><ele>306.75</ele></trkpt>
   <trkpt lat="49.798306" lon="17.014585"><ele>306.5</ele></trkpt>
   <trkpt lat="49.798341" lon="17.014582"><ele>307.5</ele></trkpt>
   <trkpt lat="49.798306" lon="17.014585"><ele>306.5</ele></trkpt>
   <trkpt lat="49.79809" lon="17.01501"><ele>306.75</ele></trkpt>
   <trkpt lat="49.798028" lon="17.015133"><ele>307</ele></trkpt>
   <trkpt lat="49.797799" lon="17.015661"><ele>307</ele></trkpt>
   <trkpt lat="49.797753" lon="17.015686"><ele>307</ele></trkpt>
   <trkpt lat="49.797709" lon="17.015678"><ele>307.5</ele></trkpt>
   <trkpt lat="49.797631" lon="17.015953"><ele>309.5</ele></trkpt>
   <trkpt lat="49.797372" lon="17.01664"><ele>312.25</ele></trkpt>
   <trkpt lat="49.797236" lon="17.017119"><ele>313.5</ele></trkpt>
   <trkpt lat="49.79715" lon="17.017475"><ele>313.5</ele></trkpt>
   <trkpt lat="49.796315" lon="17.021154"><ele>313</ele></trkpt>
   <trkpt lat="49.795607" lon="17.024222"><ele>321</ele></trkpt>
   <trkpt lat="49.795475" lon="17.024178"><ele>321.25</ele></trkpt>
   <trkpt lat="49.793525" lon="17.023689"><ele>325.5</ele></trkpt>
   <trkpt lat="49.792076" lon="17.023292"><ele>325.75</ele></trkpt>
   <trkpt lat="49.791988" lon="17.023282"><ele>325.75</ele></trkpt>
   <trkpt lat="49.791825" lon="17.023295"><ele>325.25</ele></trkpt>
   <trkpt lat="49.791496" lon="17.023402"><ele>325</ele></trkpt>
   <trkpt lat="49.789467" lon="17.02417"><ele>327</ele></trkpt>
   <trkpt lat="49.789024" lon="17.024325"><ele>327</ele></trkpt>
   <trkpt lat="49.788504" lon="17.024543"><ele>326.25</ele></trkpt>
   <trkpt lat="49.788268" lon="17.024653"><ele>325</ele></trkpt>
   <trkpt lat="49.785674" lon="17.025947"><ele>314.25</ele></trkpt>
   <trkpt lat="49.785348" lon="17.026121"><ele>314</ele></trkpt>
   <trkpt lat="49.78498" lon="17.026338"><ele>312.75</ele></trkpt>
   <trkpt lat="49.784721" lon="17.026472"><ele>312.75</ele></trkpt>
   <trkpt lat="49.784597" lon="17.026503"><ele>312.5</ele></trkpt>
   <trkpt lat="49.784541" lon="17.026507"><ele>312.25</ele></trkpt>
   <trkpt lat="49.784376" lon="17.026477"><ele>311.75</ele></trkpt>
   <trkpt lat="49.784184" lon="17.026418"><ele>311</ele></trkpt>
   <trkpt lat="49.784096" lon="17.0264"><ele>310.75</ele></trkpt>
   <trkpt lat="49.783916" lon="17.026388"><ele>310</ele></trkpt>
   <trkpt lat="49.783743" lon="17.026421"><ele>309</ele></trkpt>
   <trkpt lat="49.783616" lon="17.026467"><ele>308</ele></trkpt>
   <trkpt lat="49.783141" lon="17.026654"><ele>304.5</ele></trkpt>
   <trkpt lat="49.782455" lon="17.026942"><ele>299.25</ele></trkpt>
   <trkpt lat="49.782175" lon="17.026962"><ele>295.75</ele></trkpt>
   <trkpt lat="49.781986" lon="17.026898"><ele>294</ele></trkpt>
   <trkpt lat="49.781802" lon="17.026763"><ele>291.75</ele></trkpt>
   <trkpt lat="49.781684" lon="17.026613"><ele>290</ele></trkpt>
   <trkpt lat="49.781569" lon="17.02645"><ele>288.75</ele></trkpt>
   <trkpt lat="49.781339" lon="17.026061"><ele>285.5</ele></trkpt>
   <trkpt lat="49.7811" lon="17.025733"><ele>284.75</ele></trkpt>
   <trkpt lat="49.780921" lon="17.025611"><ele>284.5</ele></trkpt>
   <trkpt lat="49.780837" lon="17.025612"><ele>284.5</ele></trkpt>
   <trkpt lat="49.780737" lon="17.025644"><ele>284.5</ele></trkpt>
   <trkpt lat="49.780643" lon="17.025706"><ele>284.5</ele></trkpt>
   <trkpt lat="49.779882" lon="17.026446"><ele>284</ele></trkpt>
   <trkpt lat="49.779502" lon="17.026986"><ele>283.25</ele></trkpt>
   <trkpt lat="49.779382" lon="17.027139"><ele>282.75</ele></trkpt>
   <trkpt lat="49.779228" lon="17.027225"><ele>283.5</ele></trkpt>
   <trkpt lat="49.778566" lon="17.027552"><ele>283.25</ele></trkpt>
   <trkpt lat="49.778211" lon="17.027732"><ele>281.5</ele></trkpt>
   <trkpt lat="49.777812" lon="17.028027"><ele>278.5</ele></trkpt>
   <trkpt lat="49.777319" lon="17.028463"><ele>276.25</ele></trkpt>
   <trkpt lat="49.776578" lon="17.029456"><ele>272</ele></trkpt>
   <trkpt lat="49.776291" lon="17.029864"><ele>271</ele></trkpt>
   <trkpt lat="49.776195" lon="17.029972"><ele>270.25</ele></trkpt>
   <trkpt lat="49.775714" lon="17.030297"><ele>268.75</ele></trkpt>
   <trkpt lat="49.775338" lon="17.030621"><ele>267.75</ele></trkpt>
   <trkpt lat="49.775022" lon="17.031011"><ele>267.25</ele></trkpt>
   <trkpt lat="49.774628" lon="17.031594"><ele>265.5</ele></trkpt>
   <trkpt lat="49.774243" lon="17.03213"><ele>264.5</ele></trkpt>
   <trkpt lat="49.773568" lon="17.032962"><ele>262.5</ele></trkpt>
   <trkpt lat="49.773142" lon="17.033398"><ele>260.25</ele></trkpt>
   <trkpt lat="49.77271" lon="17.033786"><ele>259.75</ele></trkpt>
   <trkpt lat="49.771381" lon="17.034696"><ele>255.75</ele></trkpt>
   <trkpt lat="49.770967" lon="17.034906"><ele>254.5</ele></trkpt>
   <trkpt lat="49.770888" lon="17.034935"><ele>254.25</ele></trkpt>
   <trkpt lat="49.770796" lon="17.034946"><ele>254</ele></trkpt>
   <trkpt lat="49.770616" lon="17.03493"><ele>253.25</ele></trkpt>
   <trkpt lat="49.770303" lon="17.034788"><ele>253</ele></trkpt>
   <trkpt lat="49.76998" lon="17.034671"><ele>252</ele></trkpt>
   <trkpt lat="49.769596" lon="17.034635"><ele>252</ele></trkpt>
   <trkpt lat="49.769316" lon="17.034818"><ele>252</ele></trkpt>
   <trkpt lat="49.76903" lon="17.035171"><ele>252</ele></trkpt>
   <trkpt lat="49.768969" lon="17.035225"><ele>252</ele></trkpt>
   <trkpt lat="49.768833" lon="17.035285"><ele>251.75</ele></trkpt>
   <trkpt lat="49.768737" lon="17.035347"><ele>251.75</ele></trkpt>
   <trkpt lat="49.768021" lon="17.035095"><ele>253</ele></trkpt>
   <trkpt lat="49.767696" lon="17.034921"><ele>253</ele></trkpt>
   <trkpt lat="49.76761" lon="17.034826"><ele>253</ele></trkpt>
   <trkpt lat="49.7673" lon="17.034606"><ele>253</ele></trkpt>
   <trkpt lat="49.766883" lon="17.034388"><ele>252.25</ele></trkpt>
   <trkpt lat="49.766591" lon="17.034321"><ele>252.25</ele></trkpt>
   <trkpt lat="49.766297" lon="17.034358"><ele>251.5</ele></trkpt>
   <trkpt lat="49.765102" lon="17.034592"><ele>249</ele></trkpt>
   <trkpt lat="49.764068" lon="17.034807"><ele>247.5</ele></trkpt>
   <trkpt lat="49.762751" lon="17.035046"><ele>245.75</ele></trkpt>
   <trkpt lat="49.76152" lon="17.035293"><ele>243.75</ele></trkpt>
   <trkpt lat="49.761103" lon="17.035367"><ele>242.75</ele></trkpt>
   <trkpt lat="49.759706" lon="17.035681"><ele>242</ele></trkpt>
   <trkpt lat="49.757689" lon="17.036057"><ele>241.75</ele></trkpt>
   <trkpt lat="49.754362" lon="17.036695"><ele>241.5</ele></trkpt>
   <trkpt lat="49.749236" lon="17.037761"><ele>246</ele></trkpt>
   <trkpt lat="49.748264" lon="17.038006"><ele>246</ele></trkpt>
   <trkpt lat="49.744622" lon="17.040646"><ele>249.5</ele></trkpt>
   <trkpt lat="49.744063" lon="17.041049"><ele>250.25</ele></trkpt>
   <trkpt lat="49.743724" lon="17.041306"><ele>251.5</ele></trkpt>
   <trkpt lat="49.743665" lon="17.041368"><ele>251.75</ele></trkpt>
   <trkpt lat="49.743612" lon="17.041408"><ele>251.75</ele></trkpt>
   <trkpt lat="49.743569" lon="17.041415"><ele>252</ele></trkpt>
   <trkpt lat="49.743487" lon="17.041396"><ele>252</ele></trkpt>
   <trkpt lat="49.743453" lon="17.041374"><ele>252</ele></trkpt>
   <trkpt lat="49.743405" lon="17.041344"><ele>252</ele></trkpt>
   <trkpt lat="49.743345" lon="17.041339"><ele>252</ele></trkpt>
   <trkpt lat="49.743281" lon="17.041369"><ele>252</ele></trkpt>
   <trkpt lat="49.743054" lon="17.041647"><ele>252</ele></trkpt>
   <trkpt lat="49.742902" lon="17.04178"><ele>252</ele></trkpt>
   <trkpt lat="49.741736" lon="17.042589"><ele>251.75</ele></trkpt>
   <trkpt lat="49.740835" lon="17.043194"><ele>249</ele></trkpt>
   <trkpt lat="49.739387" lon="17.044187"><ele>246</ele></trkpt>
   <trkpt lat="49.738809" lon="17.044457"><ele>245.75</ele></trkpt>
   <trkpt lat="49.737525" lon="17.04472"><ele>245</ele></trkpt>
   <trkpt lat="49.737444" lon="17.044758"><ele>244.75</ele></trkpt>
   <trkpt lat="49.737245" lon="17.044918"><ele>244.75</ele></trkpt>
   <trkpt lat="49.735756" lon="17.046222"><ele>244</ele></trkpt>
   <trkpt lat="49.734663" lon="17.047246"><ele>243.5</ele></trkpt>
   <trkpt lat="49.732332" lon="17.049359"><ele>243</ele></trkpt>
   <trkpt lat="49.73068" lon="17.050905"><ele>242.25</ele></trkpt>
   <trkpt lat="49.730495" lon="17.051095"><ele>241.75</ele></trkpt>
   <trkpt lat="49.730374" lon="17.051299"><ele>241.25</ele></trkpt>
   <trkpt lat="49.730264" lon="17.051581"><ele>241</ele></trkpt>
   <trkpt lat="49.730195" lon="17.051849"><ele>240.75</ele></trkpt>
   <trkpt lat="49.729981" lon="17.052832"><ele>240.75</ele></trkpt>
   <trkpt lat="49.729706" lon="17.054273"><ele>241</ele></trkpt>
   <trkpt lat="49.729683" lon="17.054385"><ele>241.25</ele></trkpt>
   <trkpt lat="49.729534" lon="17.055173"><ele>242</ele></trkpt>
   <trkpt lat="49.729525" lon="17.05522"><ele>242</ele></trkpt>
   <trkpt lat="49.729229" lon="17.056794"><ele>240.75</ele></trkpt>
   <trkpt lat="49.729137" lon="17.057129"><ele>241</ele></trkpt>
   <trkpt lat="49.728892" lon="17.057762"><ele>240.75</ele></trkpt>
   <trkpt lat="49.728558" lon="17.058504"><ele>241.5</ele></trkpt>
   <trkpt lat="49.727629" lon="17.060685"><ele>240</ele></trkpt>
   <trkpt lat="49.726831" lon="17.062501"><ele>240.5</ele></trkpt>
   <trkpt lat="49.726066" lon="17.064305"><ele>237.75</ele></trkpt>
   <trkpt lat="49.724377" lon="17.06823"><ele>236</ele></trkpt>
   <trkpt lat="49.724354" lon="17.068283"><ele>236</ele></trkpt>
   <trkpt lat="49.724015" lon="17.069054"><ele>236.25</ele></trkpt>
   <trkpt lat="49.723455" lon="17.070363"><ele>236</ele></trkpt>
   <trkpt lat="49.723238" lon="17.070901"><ele>235.5</ele></trkpt>
   <trkpt lat="49.723" lon="17.071526"><ele>235.75</ele></trkpt>
   <trkpt lat="49.722739" lon="17.072354"><ele>234.75</ele></trkpt>
   <trkpt lat="49.722658" lon="17.072744"><ele>235</ele></trkpt>
   <trkpt lat="49.722497" lon="17.073865"><ele>234.75</ele></trkpt>
   <trkpt lat="49.722359" lon="17.074688"><ele>234</ele></trkpt>
   <trkpt lat="49.722328" lon="17.074801"><ele>233.75</ele></trkpt>
   <trkpt lat="49.722285" lon="17.074959"><ele>233.25</ele></trkpt>
   <trkpt lat="49.72226" lon="17.075031"><ele>233</ele></trkpt>
   <trkpt lat="49.722215" lon="17.075166"><ele>233.5</ele></trkpt>
   <trkpt lat="49.722139" lon="17.075332"><ele>233.75</ele></trkpt>
   <trkpt lat="49.72201" lon="17.075577"><ele>233</ele></trkpt>
   <trkpt lat="49.721773" lon="17.075937"><ele>233</ele></trkpt>
   <trkpt lat="49.721725" lon="17.076008"><ele>233</ele></trkpt>
   <trkpt lat="49.721428" lon="17.076423"><ele>233.75</ele></trkpt>
   <trkpt lat="49.721363" lon="17.076515"><ele>233.75</ele></trkpt>
   <trkpt lat="49.721282" lon="17.076634"><ele>233.25</ele></trkpt>
   <trkpt lat="49.720655" lon="17.077477"><ele>232.75</ele></trkpt>
   <trkpt lat="49.720489" lon="17.077764"><ele>233</ele></trkpt>
   <trkpt lat="49.720386" lon="17.078089"><ele>233.25</ele></trkpt>
   <trkpt lat="49.720207" lon="17.078739"><ele>233</ele></trkpt>
   <trkpt lat="49.720116" lon="17.079095"><ele>233</ele></trkpt>
   <trkpt lat="49.720032" lon="17.079422"><ele>233</ele></trkpt>
   <trkpt lat="49.71999" lon="17.079588"><ele>232.75</ele></trkpt>
   <trkpt lat="49.71998" lon="17.079713"><ele>232.75</ele></trkpt>
   <trkpt lat="49.719985" lon="17.079842"><ele>232.75</ele></trkpt>
   <trkpt lat="49.719896" lon="17.079901"><ele>232.75</ele></trkpt>
   <trkpt lat="49.719827" lon="17.08"><ele>233</ele></trkpt>
   <trkpt lat="49.719806" lon="17.080029"><ele>233</ele></trkpt>
   <trkpt lat="49.719447" lon="17.080855"><ele>233</ele></trkpt>
   <trkpt lat="49.719392" lon="17.081079"><ele>232.75</ele></trkpt>
   <trkpt lat="49.719588" lon="17.08153"><ele>233</ele></trkpt>
   <trkpt lat="49.71962" lon="17.081606"><ele>233</ele></trkpt>
   <trkpt lat="49.719626" lon="17.081662"><ele>233</ele></trkpt>
   <trkpt lat="49.71962" lon="17.08171"><ele>233</ele></trkpt>
   <trkpt lat="49.719576" lon="17.08183"><ele>233.5</ele></trkpt>
   <trkpt lat="49.719075" lon="17.08289"><ele>234</ele></trkpt>
   <trkpt lat="49.71881" lon="17.083433"><ele>234</ele></trkpt>
   <trkpt lat="49.718338" lon="17.083109"><ele>233.75</ele></trkpt>
   <trkpt lat="49.718161" lon="17.08301"><ele>233.25</ele></trkpt>
   <trkpt lat="49.717811" lon="17.082721"><ele>232.5</ele></trkpt>
   <trkpt lat="49.717771" lon="17.082687"><ele>232.25</ele></trkpt>
   <trkpt lat="49.717737" lon="17.082653"><ele>232</ele></trkpt>
   <trkpt lat="49.717619" lon="17.082665"><ele>231.75</ele></trkpt>
   <trkpt lat="49.717258" lon="17.082845"><ele>232</ele></trkpt>
   <trkpt lat="49.716806" lon="17.08302"><ele>232</ele></trkpt>
   <trkpt lat="49.716682" lon="17.083039"><ele>232</ele></trkpt>
   <trkpt lat="49.716685" lon="17.083146"><ele>232</ele></trkpt>
   <trkpt lat="49.716635" lon="17.083128"><ele>232</ele></trkpt>
   <trkpt lat="49.716333" lon="17.083091"><ele>232</ele></trkpt>
   <trkpt lat="49.715518" lon="17.083022"><ele>232</ele></trkpt>
   <trkpt lat="49.713764" lon="17.082681"><ele>232</ele></trkpt>
   <trkpt lat="49.713236" lon="17.082442"><ele>232</ele></trkpt>
   <trkpt lat="49.712729" lon="17.082189"><ele>231.75</ele></trkpt>
   <trkpt lat="49.712553" lon="17.082131"><ele>231.75</ele></trkpt>
   <trkpt lat="49.712159" lon="17.08198"><ele>231.5</ele></trkpt>
   <trkpt lat="49.712117" lon="17.081919"><ele>231.5</ele></trkpt>
   <trkpt lat="49.712094" lon="17.081905"><ele>231.25</ele></trkpt>
   <trkpt lat="49.712063" lon="17.081877"><ele>231.25</ele></trkpt>
   <trkpt lat="49.712045" lon="17.081845"><ele>231.25</ele></trkpt>
   <trkpt lat="49.712043" lon="17.081805"><ele>231</ele></trkpt>
   <trkpt lat="49.712047" lon="17.081768"><ele>231.25</ele></trkpt>
   <trkpt lat="49.712089" lon="17.08162"><ele>231.5</ele></trkpt>
   <trkpt lat="49.712218" lon="17.081218"><ele>231.25</ele></trkpt>
   <trkpt lat="49.712234" lon="17.081144"><ele>231</ele></trkpt>
   <trkpt lat="49.712235" lon="17.08108"><ele>231</ele></trkpt>
   <trkpt lat="49.712213" lon="17.081007"><ele>231</ele></trkpt>
   <trkpt lat="49.712175" lon="17.080967"><ele>231</ele></trkpt>
   <trkpt lat="49.712102" lon="17.080944"><ele>231</ele></trkpt>
   <trkpt lat="49.711225" lon="17.080733"><ele>231.25</ele></trkpt>
   <trkpt lat="49.711207" lon="17.080727"><ele>231.25</ele></trkpt>
   <trkpt lat="49.710227" lon="17.080453"><ele>232</ele></trkpt>
   <trkpt lat="49.710085" lon="17.08037"><ele>232</ele></trkpt>
   <trkpt lat="49.708826" lon="17.080041"><ele>232</ele></trkpt>
   <trkpt lat="49.708076" lon="17.079848"><ele>232.25</ele></trkpt>
   <trkpt lat="49.707557" lon="17.07974"><ele>232.75</ele></trkpt>
   <trkpt lat="49.707442" lon="17.079736"><ele>232.75</ele></trkpt>
   <trkpt lat="49.707398" lon="17.079722"><ele>232.5</ele></trkpt>
   <trkpt lat="49.707324" lon="17.079696"><ele>232.25</ele></trkpt>
   <trkpt lat="49.707178" lon="17.079427"><ele>232</ele></trkpt>
   <trkpt lat="49.70713" lon="17.079331"><ele>232.25</ele></trkpt>
   <trkpt lat="49.706993" lon="17.079027"><ele>232</ele></trkpt>
   <trkpt lat="49.706866" lon="17.078816"><ele>232.25</ele></trkpt>
   <trkpt lat="49.706634" lon="17.078402"><ele>232</ele></trkpt>
   <trkpt lat="49.705922" lon="17.077071"><ele>233</ele></trkpt>
   <trkpt lat="49.70584" lon="17.076915"><ele>233</ele></trkpt>
   <trkpt lat="49.705827" lon="17.076823"><ele>233</ele></trkpt>
   <trkpt lat="49.705753" lon="17.076315"><ele>233.75</ele></trkpt>
   <trkpt lat="49.705742" lon="17.076226"><ele>233.5</ele></trkpt>
   <trkpt lat="49.70543" lon="17.076309"><ele>232.25</ele></trkpt>
   <trkpt lat="49.705407" lon="17.076314"><ele>232</ele></trkpt>
   <trkpt lat="49.704903" lon="17.076529"><ele>233.25</ele></trkpt>
   <trkpt lat="49.704894" lon="17.076533"><ele>233.25</ele></trkpt>
   <trkpt lat="49.704536" lon="17.07664"><ele>234</ele></trkpt>
   <trkpt lat="49.704467" lon="17.076647"><ele>234</ele></trkpt>
   <trkpt lat="49.704374" lon="17.076648"><ele>234</ele></trkpt>
   <trkpt lat="49.7038" lon="17.076484"><ele>234</ele></trkpt>
   <trkpt lat="49.70344" lon="17.076392"><ele>234</ele></trkpt>
   <trkpt lat="49.703405" lon="17.076385"><ele>233.75</ele></trkpt>
   <trkpt lat="49.703342" lon="17.076367"><ele>233.75</ele></trkpt>
   <trkpt lat="49.703204" lon="17.076323"><ele>233.75</ele></trkpt>
   <trkpt lat="49.703051" lon="17.076275"><ele>234</ele></trkpt>
   <trkpt lat="49.702989" lon="17.076258"><ele>234</ele></trkpt>
   <trkpt lat="49.702865" lon="17.076226"><ele>234.5</ele></trkpt>
   <trkpt lat="49.702458" lon="17.07608"><ele>235</ele></trkpt>
   <trkpt lat="49.702364" lon="17.076043"><ele>235.25</ele></trkpt>
   <trkpt lat="49.70174" lon="17.075796"><ele>234.25</ele></trkpt>
   <trkpt lat="49.701684" lon="17.075771"><ele>234</ele></trkpt>
   <trkpt lat="49.701657" lon="17.075758"><ele>234</ele></trkpt>
   <trkpt lat="49.70122" lon="17.075584"><ele>234.5</ele></trkpt>
   <trkpt lat="49.701211" lon="17.075645"><ele>234.25</ele></trkpt>
   <trkpt lat="49.701156" lon="17.076017"><ele>234</ele></trkpt>
   <trkpt lat="49.701302" lon="17.076085"><ele>234</ele></trkpt>
   <trkpt lat="49.701292" lon="17.076192"><ele>234</ele></trkpt>
   <trkpt lat="49.701288" lon="17.076226"><ele>234</ele></trkpt>
   <trkpt lat="49.701244" lon="17.07667"><ele>234</ele></trkpt>
   <trkpt lat="49.701259" lon="17.0773"><ele>233.75</ele></trkpt>
   <trkpt lat="49.70125" lon="17.077689"><ele>233.5</ele></trkpt>
   <trkpt lat="49.701253" lon="17.077755"><ele>233.25</ele></trkpt>
   <trkpt lat="49.701317" lon="17.078217"><ele>233</ele></trkpt>
   <trkpt lat="49.701308" lon="17.07857"><ele>233</ele></trkpt>
   <trkpt lat="49.701302" lon="17.078781"><ele>233</ele></trkpt>
   <trkpt lat="49.701276" lon="17.078789"><ele>233</ele></trkpt>
   <trkpt lat="49.701257" lon="17.078817"><ele>233</ele></trkpt>
   <trkpt lat="49.701251" lon="17.078856"><ele>233</ele></trkpt>
   <trkpt lat="49.701259" lon="17.078894"><ele>232.75</ele></trkpt>
   <trkpt lat="49.701276" lon="17.078917"><ele>232.75</ele></trkpt>
   <trkpt lat="49.701298" lon="17.078925"><ele>232.75</ele></trkpt>
   <trkpt lat="49.7013" lon="17.07931"><ele>232.5</ele></trkpt>
   <trkpt lat="49.70131" lon="17.079582"><ele>232.75</ele></trkpt>
   <trkpt lat="49.701316" lon="17.079874"><ele>232.75</ele></trkpt>
   <trkpt lat="49.701322" lon="17.080138"><ele>232.75</ele></trkpt>
   <trkpt lat="49.701325" lon="17.080345"><ele>232.75</ele></trkpt>
   <trkpt lat="49.701302" lon="17.08035"><ele>232.75</ele></trkpt>
   <trkpt lat="49.701277" lon="17.080386"><ele>232.75</ele></trkpt>
   <trkpt lat="49.701274" lon="17.080437"><ele>232.75</ele></trkpt>
   <trkpt lat="49.701293" lon="17.08048"><ele>232.5</ele></trkpt>
   <trkpt lat="49.701326" lon="17.080493"><ele>232.75</ele></trkpt>
   <trkpt lat="49.701355" lon="17.081354"><ele>232</ele></trkpt>
   <trkpt lat="49.701355" lon="17.081383"><ele>232</ele></trkpt>
   <trkpt lat="49.701367" lon="17.081851"><ele>232</ele></trkpt>
   <trkpt lat="49.701386" lon="17.082366"><ele>232.5</ele></trkpt>
   <trkpt lat="49.70139" lon="17.082503"><ele>232.75</ele></trkpt>
   <trkpt lat="49.701422" lon="17.083668"><ele>232</ele></trkpt>
   <trkpt lat="49.701424" lon="17.083745"><ele>232</ele></trkpt>
   <trkpt lat="49.701425" lon="17.083767"><ele>232</ele></trkpt>
   <trkpt lat="49.701435" lon="17.084183"><ele>232</ele></trkpt>
   <trkpt lat="49.701446" lon="17.08463"><ele>232</ele></trkpt>
   <trkpt lat="49.701453" lon="17.084973"><ele>232</ele></trkpt>
   <trkpt lat="49.701401" lon="17.085004"><ele>232</ele></trkpt>
   <trkpt lat="49.701348" lon="17.085048"><ele>232</ele></trkpt>
   <trkpt lat="49.700838" lon="17.085508"><ele>232</ele></trkpt>
   <trkpt lat="49.700217" lon="17.086077"><ele>232</ele></trkpt>
   <trkpt lat="49.700186" lon="17.086104"><ele>232</ele></trkpt>
   <trkpt lat="49.69956" lon="17.086679"><ele>232</ele></trkpt>
   <trkpt lat="49.699424" lon="17.086809"><ele>231.75</ele></trkpt>
   <trkpt lat="49.699243" lon="17.087001"><ele>231.25</ele></trkpt>
   <trkpt lat="49.699168" lon="17.087047"><ele>231</ele></trkpt>
   <trkpt lat="49.699101" lon="17.087077"><ele>231</ele></trkpt>
   <trkpt lat="49.699011" lon="17.087123"><ele>231.5</ele></trkpt>
   <trkpt lat="49.698975" lon="17.087161"><ele>231.5</ele></trkpt>
   <trkpt lat="49.698942" lon="17.08721"><ele>231.75</ele></trkpt>
   <trkpt lat="49.698883" lon="17.087348"><ele>231.5</ele></trkpt>
   <trkpt lat="49.69876" lon="17.087699"><ele>231</ele></trkpt>
   <trkpt lat="49.698486" lon="17.088457"><ele>231</ele></trkpt>
   <trkpt lat="49.698095" lon="17.089459"><ele>231</ele></trkpt>
   <trkpt lat="49.698041" lon="17.089617"><ele>231</ele></trkpt>
   <trkpt lat="49.698007" lon="17.089735"><ele>231</ele></trkpt>
   <trkpt lat="49.697389" lon="17.092307"><ele>231</ele></trkpt>
   <trkpt lat="49.697344" lon="17.092442"><ele>231</ele></trkpt>
   <trkpt lat="49.697307" lon="17.092512"><ele>231</ele></trkpt>
   <trkpt lat="49.697276" lon="17.092557"><ele>231</ele></trkpt>
   <trkpt lat="49.697229" lon="17.0926"><ele>231</ele></trkpt>
   <trkpt lat="49.696006" lon="17.093315"><ele>230.75</ele></trkpt>
   <trkpt lat="49.693169" lon="17.09499"><ele>230.75</ele></trkpt>
   <trkpt lat="49.69261" lon="17.095309"><ele>231</ele></trkpt>
   <trkpt lat="49.692223" lon="17.09551"><ele>231</ele></trkpt>
   <trkpt lat="49.691311" lon="17.096036"><ele>231</ele></trkpt>
   <trkpt lat="49.691254" lon="17.096067"><ele>231</ele></trkpt>
   <trkpt lat="49.691192" lon="17.096093"><ele>231</ele></trkpt>
   <trkpt lat="49.69118" lon="17.096153"><ele>230.75</ele></trkpt>
   <trkpt lat="49.691173" lon="17.096253"><ele>230.5</ele></trkpt>
   <trkpt lat="49.691162" lon="17.096573"><ele>230</ele></trkpt>
   <trkpt lat="49.691148" lon="17.096769"><ele>230</ele></trkpt>
   <trkpt lat="49.691127" lon="17.096972"><ele>230</ele></trkpt>
   <trkpt lat="49.691077" lon="17.097284"><ele>231</ele></trkpt>
   <trkpt lat="49.69107" lon="17.097352"><ele>231</ele></trkpt>
   <trkpt lat="49.69107" lon="17.097439"><ele>231</ele></trkpt>
   <trkpt lat="49.691102" lon="17.097613"><ele>231</ele></trkpt>
   <trkpt lat="49.691175" lon="17.097818"><ele>231</ele></trkpt>
   <trkpt lat="49.692228" lon="17.100536"><ele>230</ele></trkpt>
   <trkpt lat="49.692264" lon="17.100627"><ele>230</ele></trkpt>
   <trkpt lat="49.692375" lon="17.100916"><ele>230</ele></trkpt>
   <trkpt lat="49.692422" lon="17.101057"><ele>230</ele></trkpt>
   <trkpt lat="49.692359" lon="17.101215"><ele>230.5</ele></trkpt>
   <trkpt lat="49.692184" lon="17.101534"><ele>230</ele></trkpt>
   <trkpt lat="49.692095" lon="17.101725"><ele>230</ele></trkpt>
   <trkpt lat="49.692067" lon="17.101837"><ele>230</ele></trkpt>
   <trkpt lat="49.692017" lon="17.102087"><ele>230</ele></trkpt>
   <trkpt lat="49.691985" lon="17.102303"><ele>230</ele></trkpt>
   <trkpt lat="49.691927" lon="17.102657"><ele>230</ele></trkpt>
   <trkpt lat="49.691874" lon="17.103074"><ele>229.75</ele></trkpt>
   <trkpt lat="49.691686" lon="17.104149"><ele>230</ele></trkpt>
   <trkpt lat="49.691553" lon="17.104953"><ele>230</ele></trkpt>
   <trkpt lat="49.691268" lon="17.106635"><ele>229</ele></trkpt>
   <trkpt lat="49.691003" lon="17.108266"><ele>229</ele></trkpt>
   <trkpt lat="49.690902" lon="17.108827"><ele>229</ele></trkpt>
   <trkpt lat="49.690317" lon="17.112355"><ele>229</ele></trkpt>
   <trkpt lat="49.690257" lon="17.112648"><ele>229</ele></trkpt>
   <trkpt lat="49.690199" lon="17.112873"><ele>229</ele></trkpt>
   <trkpt lat="49.690139" lon="17.113077"><ele>229.25</ele></trkpt>
   <trkpt lat="49.689993" lon="17.113529"><ele>229.25</ele></trkpt>
   <trkpt lat="49.689762" lon="17.114196"><ele>229</ele></trkpt>
   <trkpt lat="49.689431" lon="17.115378"><ele>229</ele></trkpt>
   <trkpt lat="49.689367" lon="17.115634"><ele>229</ele></trkpt>
   <trkpt lat="49.689344" lon="17.11581"><ele>229</ele></trkpt>
   <trkpt lat="49.689347" lon="17.115969"><ele>229</ele></trkpt>
   <trkpt lat="49.689376" lon="17.116154"><ele>229</ele></trkpt>
   <trkpt lat="49.689434" lon="17.116416"><ele>229</ele></trkpt>
   <trkpt lat="49.689502" lon="17.116649"><ele>229</ele></trkpt>
   <trkpt lat="49.689528" lon="17.116797"><ele>229</ele></trkpt>
   <trkpt lat="49.689532" lon="17.11693"><ele>229</ele></trkpt>
   <trkpt lat="49.689356" lon="17.118625"><ele>229</ele></trkpt>
   <trkpt lat="49.689264" lon="17.119446"><ele>228.25</ele></trkpt>
   <trkpt lat="49.689247" lon="17.119661"><ele>228</ele></trkpt>
   <trkpt lat="49.689207" lon="17.120603"><ele>228</ele></trkpt>
   <trkpt lat="49.689207" lon="17.121126"><ele>228.75</ele></trkpt>
   <trkpt lat="49.689197" lon="17.121534"><ele>228.75</ele></trkpt>
   <trkpt lat="49.689039" lon="17.121544"><ele>229</ele></trkpt>
   <trkpt lat="49.688927" lon="17.12156"><ele>229</ele></trkpt>
   <trkpt lat="49.688847" lon="17.121598"><ele>228.75</ele></trkpt>
   <trkpt lat="49.688442" lon="17.121993"><ele>228</ele></trkpt>
   <trkpt lat="49.687658" lon="17.122622"><ele>228</ele></trkpt>
   <trkpt lat="49.687578" lon="17.122662"><ele>228</ele></trkpt>
   <trkpt lat="49.687503" lon="17.122683"><ele>228</ele></trkpt>
   <trkpt lat="49.687348" lon="17.122697"><ele>228</ele></trkpt>
   <trkpt lat="49.686668" lon="17.122656"><ele>228</ele></trkpt>
   <trkpt lat="49.686162" lon="17.122712"><ele>228</ele></trkpt>
   <trkpt lat="49.68602" lon="17.123144"><ele>228</ele></trkpt>
   <trkpt lat="49.685396" lon="17.126279"><ele>227</ele></trkpt>
   <trkpt lat="49.685212" lon="17.127328"><ele>227</ele></trkpt>
   <trkpt lat="49.684269" lon="17.132752"><ele>227</ele></trkpt>
   <trkpt lat="49.68416" lon="17.133383"><ele>226.75</ele></trkpt>
   <trkpt lat="49.683891" lon="17.134863"><ele>226</ele></trkpt>
   <trkpt lat="49.683479" lon="17.137223"><ele>226</ele></trkpt>
   <trkpt lat="49.682651" lon="17.141801"><ele>226</ele></trkpt>
   <trkpt lat="49.682591" lon="17.14213"><ele>226</ele></trkpt>
   <trkpt lat="49.682115" lon="17.144872"><ele>226</ele></trkpt>
   <trkpt lat="49.681948" lon="17.145802"><ele>225.75</ele></trkpt>
   <trkpt lat="49.681656" lon="17.147371"><ele>226</ele></trkpt>
   <trkpt lat="49.681621" lon="17.147498"><ele>226.75</ele></trkpt>
   <trkpt lat="49.681589" lon="17.147575"><ele>226.5</ele></trkpt>
   <trkpt lat="49.681049" lon="17.147171"><ele>226.25</ele></trkpt>
   <trkpt lat="49.680865" lon="17.147024"><ele>226.25</ele></trkpt>
   <trkpt lat="49.680654" lon="17.14684"><ele>226</ele></trkpt>
   <trkpt lat="49.680426" lon="17.146627"><ele>225.75</ele></trkpt>
   <trkpt lat="49.679826" lon="17.146018"><ele>225.75</ele></trkpt>
   <trkpt lat="49.679736" lon="17.145929"><ele>226.25</ele></trkpt>
   <trkpt lat="49.67954" lon="17.145722"><ele>226.25</ele></trkpt>
   <trkpt lat="49.679374" lon="17.145576"><ele>226.5</ele></trkpt>
   <trkpt lat="49.679208" lon="17.145449"><ele>226</ele></trkpt>
   <trkpt lat="49.679035" lon="17.145334"><ele>226.25</ele></trkpt>
   <trkpt lat="49.678842" lon="17.145248"><ele>226.5</ele></trkpt>
   <trkpt lat="49.678662" lon="17.145195"><ele>225.5</ele></trkpt>
   <trkpt lat="49.678513" lon="17.145154"><ele>225.5</ele></trkpt>
   <trkpt lat="49.678425" lon="17.145142"><ele>225.75</ele></trkpt>
   <trkpt lat="49.678223" lon="17.145136"><ele>225.75</ele></trkpt>
   <trkpt lat="49.678231" lon="17.145254"><ele>225.5</ele></trkpt>
   <trkpt lat="49.678393" lon="17.146154"><ele>225</ele></trkpt>
   <trkpt lat="49.678429" lon="17.146223"><ele>225</ele></trkpt>
   <trkpt lat="49.678529" lon="17.146363"><ele>225.5</ele></trkpt>
   <trkpt lat="49.678574" lon="17.146448"><ele>225.75</ele></trkpt>
   <trkpt lat="49.678605" lon="17.146532"><ele>225.75</ele></trkpt>
   <trkpt lat="49.67863" lon="17.146644"><ele>225.75</ele></trkpt>
   <trkpt lat="49.678662" lon="17.146867"><ele>225.75</ele></trkpt>
   <trkpt lat="49.678661" lon="17.146993"><ele>225.75</ele></trkpt>
   <trkpt lat="49.678652" lon="17.147096"><ele>225.75</ele></trkpt>
   <trkpt lat="49.678614" lon="17.147301"><ele>225.5</ele></trkpt>
   <trkpt lat="49.678579" lon="17.147422"><ele>225</ele></trkpt>
   <trkpt lat="49.678544" lon="17.147507"><ele>225</ele></trkpt>
   <trkpt lat="49.6784" lon="17.147789"><ele>225</ele></trkpt>
   <trkpt lat="49.678294" lon="17.14801"><ele>225</ele></trkpt>
   <trkpt lat="49.678236" lon="17.148184"><ele>225</ele></trkpt>
   <trkpt lat="49.678129" lon="17.148346"><ele>225</ele></trkpt>
   <trkpt lat="49.677058" lon="17.149914"><ele>225</ele></trkpt>
   <trkpt lat="49.676508" lon="17.150682"><ele>224.75</ele></trkpt>
   <trkpt lat="49.676421" lon="17.150824"><ele>224.75</ele></trkpt>
   <trkpt lat="49.676359" lon="17.150934"><ele>225</ele></trkpt>
   <trkpt lat="49.676266" lon="17.151172"><ele>225</ele></trkpt>
   <trkpt lat="49.676223" lon="17.151321"><ele>225.25</ele></trkpt>
   <trkpt lat="49.676184" lon="17.151496"><ele>225</ele></trkpt>
   <trkpt lat="49.676176" lon="17.151565"><ele>224.75</ele></trkpt>
   <trkpt lat="49.676165" lon="17.151865"><ele>224.75</ele></trkpt>
   <trkpt lat="49.676181" lon="17.152402"><ele>225</ele></trkpt>
   <trkpt lat="49.676227" lon="17.153268"><ele>225</ele></trkpt>
   <trkpt lat="49.676252" lon="17.153954"><ele>224.25</ele></trkpt>
   <trkpt lat="49.676248" lon="17.154166"><ele>224.5</ele></trkpt>
   <trkpt lat="49.676235" lon="17.154341"><ele>224.75</ele></trkpt>
   <trkpt lat="49.676208" lon="17.154557"><ele>225</ele></trkpt>
   <trkpt lat="49.676175" lon="17.154749"><ele>224.75</ele></trkpt>
   <trkpt lat="49.676127" lon="17.154957"><ele>224.75</ele></trkpt>
   <trkpt lat="49.676029" lon="17.155274"><ele>224.75</ele></trkpt>
   <trkpt lat="49.675907" lon="17.155601"><ele>224.75</ele></trkpt>
   <trkpt lat="49.675504" lon="17.156609"><ele>224.75</ele></trkpt>
   <trkpt lat="49.675358" lon="17.156993"><ele>224</ele></trkpt>
   <trkpt lat="49.675286" lon="17.157207"><ele>224.75</ele></trkpt>
   <trkpt lat="49.675247" lon="17.157353"><ele>224.75</ele></trkpt>
   <trkpt lat="49.675172" lon="17.157707"><ele>224</ele></trkpt>
   <trkpt lat="49.675154" lon="17.157822"><ele>224</ele></trkpt>
   <trkpt lat="49.67512" lon="17.158185"><ele>224</ele></trkpt>
   <trkpt lat="49.675123" lon="17.158579"><ele>224</ele></trkpt>
   <trkpt lat="49.675265" lon="17.161392"><ele>224.75</ele></trkpt>
   <trkpt lat="49.675326" lon="17.162491"><ele>223</ele></trkpt>
   <trkpt lat="49.675325" lon="17.162883"><ele>224</ele></trkpt>
   <trkpt lat="49.675282" lon="17.163371"><ele>224</ele></trkpt>
   <trkpt lat="49.675241" lon="17.163637"><ele>224</ele></trkpt>
   <trkpt lat="49.67517" lon="17.163915"><ele>224</ele></trkpt>
   <trkpt lat="49.674699" lon="17.165285"><ele>223.75</ele></trkpt>
   <trkpt lat="49.674458" lon="17.166056"><ele>223.75</ele></trkpt>
   <trkpt lat="49.674424" lon="17.166187"><ele>223.75</ele></trkpt>
   <trkpt lat="49.674405" lon="17.166298"><ele>223.75</ele></trkpt>
   <trkpt lat="49.674392" lon="17.166424"><ele>223.75</ele></trkpt>
   <trkpt lat="49.674216" lon="17.168509"><ele>223</ele></trkpt>
   <trkpt lat="49.674154" lon="17.169408"><ele>223.75</ele></trkpt>
   <trkpt lat="49.674148" lon="17.1695"><ele>223.75</ele></trkpt>
   <trkpt lat="49.674066" lon="17.170676"><ele>223</ele></trkpt>
   <trkpt lat="49.674007" lon="17.170976"><ele>223</ele></trkpt>
   <trkpt lat="49.67396" lon="17.171124"><ele>223</ele></trkpt>
   <trkpt lat="49.673894" lon="17.171292"><ele>222.75</ele></trkpt>
   <trkpt lat="49.673626" lon="17.171837"><ele>223</ele></trkpt>
   <trkpt lat="49.673539" lon="17.172201"><ele>223.5</ele></trkpt>
   <trkpt lat="49.673499" lon="17.172393"><ele>223.5</ele></trkpt>
   <trkpt lat="49.673471" lon="17.172519"><ele>223.25</ele></trkpt>
   <trkpt lat="49.673404" lon="17.172767"><ele>223</ele></trkpt>
   <trkpt lat="49.673248" lon="17.172695"><ele>223</ele></trkpt>
   <trkpt lat="49.673171" lon="17.172685"><ele>223</ele></trkpt>
   <trkpt lat="49.673109" lon="17.172691"><ele>223.25</ele></trkpt>
   <trkpt lat="49.673028" lon="17.172723"><ele>223</ele></trkpt>
   <trkpt lat="49.672922" lon="17.17278"><ele>222.75</ele></trkpt>
   <trkpt lat="49.672869" lon="17.172824"><ele>222.75</ele></trkpt>
   <trkpt lat="49.672431" lon="17.17338"><ele>223</ele></trkpt>
   <trkpt lat="49.671552" lon="17.174296"><ele>223</ele></trkpt>
   <trkpt lat="49.671407" lon="17.174441"><ele>223</ele></trkpt>
   <trkpt lat="49.671278" lon="17.174549"><ele>222.5</ele></trkpt>
   <trkpt lat="49.67123" lon="17.174577"><ele>222.25</ele></trkpt>
   <trkpt lat="49.671172" lon="17.174598"><ele>222</ele></trkpt>
   <trkpt lat="49.671084" lon="17.174601"><ele>222</ele></trkpt>
   <trkpt lat="49.670944" lon="17.17459"><ele>222.25</ele></trkpt>
   <trkpt lat="49.670793" lon="17.174579"><ele>222.25</ele></trkpt>
   <trkpt lat="49.670646" lon="17.174568"><ele>222.25</ele></trkpt>
   <trkpt lat="49.670507" lon="17.1745"><ele>222.25</ele></trkpt>
   <trkpt lat="49.670304" lon="17.174318"><ele>222.75</ele></trkpt>
   <trkpt lat="49.670234" lon="17.17423"><ele>223</ele></trkpt>
   <trkpt lat="49.6701" lon="17.17401"><ele>223</ele></trkpt>
   <trkpt lat="49.669958" lon="17.173842"><ele>222.75</ele></trkpt>
   <trkpt lat="49.669792" lon="17.173718"><ele>222.25</ele></trkpt>
   <trkpt lat="49.669574" lon="17.173591"><ele>222</ele></trkpt>
   <trkpt lat="49.669449" lon="17.173531"><ele>222</ele></trkpt>
   <trkpt lat="49.669323" lon="17.173453"><ele>222</ele></trkpt>
   <trkpt lat="49.66907" lon="17.173246"><ele>222</ele></trkpt>
   <trkpt lat="49.669044" lon="17.173324"><ele>222</ele></trkpt>
   <trkpt lat="49.668966" lon="17.173597"><ele>222</ele></trkpt>
   <trkpt lat="49.668797" lon="17.174642"><ele>222</ele></trkpt>
   <trkpt lat="49.668779" lon="17.174734"><ele>222</ele></trkpt>
   <trkpt lat="49.668534" lon="17.175892"><ele>222</ele></trkpt>
   <trkpt lat="49.668477" lon="17.176129"><ele>222</ele></trkpt>
   <trkpt lat="49.668106" lon="17.177367"><ele>222</ele></trkpt>
   <trkpt lat="49.668057" lon="17.177471"><ele>222</ele></trkpt>
   <trkpt lat="49.667986" lon="17.177584"><ele>222</ele></trkpt>
   <trkpt lat="49.66794" lon="17.177624"><ele>222</ele></trkpt>
   <trkpt lat="49.667863" lon="17.177675"><ele>222</ele></trkpt>
   <trkpt lat="49.667748" lon="17.177711"><ele>222</ele></trkpt>
   <trkpt lat="49.666497" lon="17.177905"><ele>221.5</ele></trkpt>
   <trkpt lat="49.66523" lon="17.178133"><ele>221.5</ele></trkpt>
   <trkpt lat="49.664772" lon="17.178182"><ele>221.5</ele></trkpt>
   <trkpt lat="49.66422" lon="17.178291"><ele>220.75</ele></trkpt>
   <trkpt lat="49.664125" lon="17.178332"><ele>221</ele></trkpt>
   <trkpt lat="49.66408" lon="17.178362"><ele>221</ele></trkpt>
   <trkpt lat="49.664054" lon="17.178388"><ele>221</ele></trkpt>
   <trkpt lat="49.664016" lon="17.178459"><ele>221</ele></trkpt>
   <trkpt lat="49.663967" lon="17.178631"><ele>221</ele></trkpt>
   <trkpt lat="49.663925" lon="17.178906"><ele>221</ele></trkpt>
   <trkpt lat="49.663914" lon="17.179033"><ele>221</ele></trkpt>
   <trkpt lat="49.663908" lon="17.179141"><ele>221</ele></trkpt>
   <trkpt lat="49.66391" lon="17.17929"><ele>221</ele></trkpt>
   <trkpt lat="49.663919" lon="17.179592"><ele>221</ele></trkpt>
   <trkpt lat="49.663919" lon="17.17996"><ele>221</ele></trkpt>
   <trkpt lat="49.663892" lon="17.180609"><ele>221</ele></trkpt>
   <trkpt lat="49.66389" lon="17.180746"><ele>221</ele></trkpt>
   <trkpt lat="49.663894" lon="17.180897"><ele>221</ele></trkpt>
   <trkpt lat="49.663911" lon="17.181053"><ele>221</ele></trkpt>
   <trkpt lat="49.663926" lon="17.181118"><ele>221</ele></trkpt>
   <trkpt lat="49.66392" lon="17.181249"><ele>221</ele></trkpt>
   <trkpt lat="49.663904" lon="17.181316"><ele>221</ele></trkpt>
   <trkpt lat="49.663878" lon="17.181385"><ele>221</ele></trkpt>
   <trkpt lat="49.663645" lon="17.18178"><ele>220.75</ele></trkpt>
   <trkpt lat="49.663105" lon="17.182664"><ele>221</ele></trkpt>
   <trkpt lat="49.662096" lon="17.184342"><ele>220.5</ele></trkpt>
   <trkpt lat="49.660662" lon="17.186988"><ele>220.75</ele></trkpt>
   <trkpt lat="49.660616" lon="17.187088"><ele>220.75</ele></trkpt>
   <trkpt lat="49.660506" lon="17.187364"><ele>220.75</ele></trkpt>
   <trkpt lat="49.66045" lon="17.187544"><ele>220.5</ele></trkpt>
   <trkpt lat="49.660402" lon="17.187751"><ele>220.5</ele></trkpt>
   <trkpt lat="49.660181" lon="17.188943"><ele>220.5</ele></trkpt>
   <trkpt lat="49.659834" lon="17.191009"><ele>219.75</ele></trkpt>
   <trkpt lat="49.6597" lon="17.191669"><ele>220</ele></trkpt>
   <trkpt lat="49.659667" lon="17.191779"><ele>220</ele></trkpt>
   <trkpt lat="49.659623" lon="17.191861"><ele>220</ele></trkpt>
   <trkpt lat="49.659568" lon="17.191912"><ele>220</ele></trkpt>
   <trkpt lat="49.659514" lon="17.191933"><ele>220</ele></trkpt>
   <trkpt lat="49.659459" lon="17.191931"><ele>220</ele></trkpt>
   <trkpt lat="49.659338" lon="17.191882"><ele>220</ele></trkpt>
   <trkpt lat="49.658856" lon="17.191616"><ele>220</ele></trkpt>
   <trkpt lat="49.658478" lon="17.191433"><ele>220</ele></trkpt>
   <trkpt lat="49.658235" lon="17.191355"><ele>220</ele></trkpt>
   <trkpt lat="49.658193" lon="17.191351"><ele>220</ele></trkpt>
   <trkpt lat="49.657988" lon="17.191415"><ele>220</ele></trkpt>
   <trkpt lat="49.657847" lon="17.19151"><ele>220.25</ele></trkpt>
   <trkpt lat="49.657744" lon="17.191551"><ele>220.5</ele></trkpt>
   <trkpt lat="49.657455" lon="17.191626"><ele>220.5</ele></trkpt>
   <trkpt lat="49.656824" lon="17.191738"><ele>220.5</ele></trkpt>
   <trkpt lat="49.65669" lon="17.19177"><ele>220.5</ele></trkpt>
   <trkpt lat="49.656454" lon="17.191862"><ele>220</ele></trkpt>
   <trkpt lat="49.656301" lon="17.191957"><ele>220.25</ele></trkpt>
   <trkpt lat="49.656243" lon="17.19196"><ele>220.5</ele></trkpt>
   <trkpt lat="49.656141" lon="17.191898"><ele>220.5</ele></trkpt>
   <trkpt lat="49.656081" lon="17.191858"><ele>220.5</ele></trkpt>
   <trkpt lat="49.655974" lon="17.19179"><ele>220</ele></trkpt>
   <trkpt lat="49.655921" lon="17.191771"><ele>220</ele></trkpt>
   <trkpt lat="49.655876" lon="17.191766"><ele>220</ele></trkpt>
   <trkpt lat="49.655835" lon="17.191774"><ele>220</ele></trkpt>
   <trkpt lat="49.655798" lon="17.191801"><ele>220</ele></trkpt>
   <trkpt lat="49.655564" lon="17.192039"><ele>220.25</ele></trkpt>
   <trkpt lat="49.655064" lon="17.192544"><ele>220.25</ele></trkpt>
   <trkpt lat="49.654524" lon="17.193017"><ele>220</ele></trkpt>
   <trkpt lat="49.654018" lon="17.193372"><ele>219.5</ele></trkpt>
   <trkpt lat="49.653442" lon="17.193706"><ele>220.25</ele></trkpt>
   <trkpt lat="49.652994" lon="17.193925"><ele>220</ele></trkpt>
   <trkpt lat="49.652714" lon="17.194025"><ele>220</ele></trkpt>
   <trkpt lat="49.652181" lon="17.194183"><ele>219.75</ele></trkpt>
   <trkpt lat="49.651964" lon="17.194261"><ele>219.75</ele></trkpt>
   <trkpt lat="49.65179" lon="17.194339"><ele>219.75</ele></trkpt>
   <trkpt lat="49.65019" lon="17.195253"><ele>220</ele></trkpt>
   <trkpt lat="49.648203" lon="17.196355"><ele>219.5</ele></trkpt>
   <trkpt lat="49.647883" lon="17.19656"><ele>218.75</ele></trkpt>
   <trkpt lat="49.647742" lon="17.196638"><ele>219.75</ele></trkpt>
   <trkpt lat="49.64757" lon="17.196716"><ele>219.75</ele></trkpt>
   <trkpt lat="49.647413" lon="17.196773"><ele>219.5</ele></trkpt>
   <trkpt lat="49.647246" lon="17.196816"><ele>219</ele></trkpt>
   <trkpt lat="49.646465" lon="17.196942"><ele>220.75</ele></trkpt>
   <trkpt lat="49.644921" lon="17.197084"><ele>219.5</ele></trkpt>
   <trkpt lat="49.644743" lon="17.197109"><ele>219.5</ele></trkpt>
   <trkpt lat="49.644397" lon="17.197184"><ele>220.5</ele></trkpt>
   <trkpt lat="49.643878" lon="17.197282"><ele>219.75</ele></trkpt>
   <trkpt lat="49.643831" lon="17.197288"><ele>220</ele></trkpt>
   <trkpt lat="49.643811" lon="17.197291"><ele>220</ele></trkpt>
   <trkpt lat="49.643769" lon="17.197296"><ele>220.25</ele></trkpt>
   <trkpt lat="49.643706" lon="17.197303"><ele>220.5</ele></trkpt>
   <trkpt lat="49.643506" lon="17.197316"><ele>221.25</ele></trkpt>
   <trkpt lat="49.643353" lon="17.197284"><ele>221.75</ele></trkpt>
   <trkpt lat="49.643293" lon="17.197267"><ele>222</ele></trkpt>
   <trkpt lat="49.643161" lon="17.197224"><ele>222.5</ele></trkpt>
   <trkpt lat="49.643054" lon="17.197182"><ele>222.75</ele></trkpt>
   <trkpt lat="49.642835" lon="17.197116"><ele>222.75</ele></trkpt>
   <trkpt lat="49.642704" lon="17.197099"><ele>223</ele></trkpt>
   <trkpt lat="49.642582" lon="17.197112"><ele>223</ele></trkpt>
   <trkpt lat="49.642444" lon="17.197154"><ele>223</ele></trkpt>
   <trkpt lat="49.642336" lon="17.197196"><ele>223</ele></trkpt>
   <trkpt lat="49.642223" lon="17.197258"><ele>222.75</ele></trkpt>
   <trkpt lat="49.641994" lon="17.197401"><ele>222.75</ele></trkpt>
   <trkpt lat="49.641872" lon="17.197493"><ele>223</ele></trkpt>
   <trkpt lat="49.641732" lon="17.197618"><ele>222.75</ele></trkpt>
   <trkpt lat="49.641421" lon="17.197957"><ele>222</ele></trkpt>
   <trkpt lat="49.641231" lon="17.198141"><ele>221.25</ele></trkpt>
   <trkpt lat="49.640808" lon="17.198491"><ele>221</ele></trkpt>
   <trkpt lat="49.64073" lon="17.198546"><ele>221.25</ele></trkpt>
   <trkpt lat="49.640675" lon="17.198579"><ele>221.5</ele></trkpt>
   <trkpt lat="49.640557" lon="17.198613"><ele>221.75</ele></trkpt>
   <trkpt lat="49.640514" lon="17.198613"><ele>221.75</ele></trkpt>
   <trkpt lat="49.640501" lon="17.198695"><ele>221.5</ele></trkpt>
   <trkpt lat="49.640482" lon="17.198793"><ele>221.25</ele></trkpt>
   <trkpt lat="49.640359" lon="17.199218"><ele>221.5</ele></trkpt>
   <trkpt lat="49.64021" lon="17.199664"><ele>222</ele></trkpt>
   <trkpt lat="49.639975" lon="17.200365"><ele>222</ele></trkpt>
   <trkpt lat="49.639201" lon="17.202745"><ele>222</ele></trkpt>
   <trkpt lat="49.63908" lon="17.203067"><ele>221.5</ele></trkpt>
   <trkpt lat="49.638897" lon="17.203499"><ele>220.75</ele></trkpt>
   <trkpt lat="49.638859" lon="17.203587"><ele>221</ele></trkpt>
   <trkpt lat="49.638727" lon="17.20388"><ele>221</ele></trkpt>
   <trkpt lat="49.638242" lon="17.204934"><ele>220.5</ele></trkpt>
   <trkpt lat="49.638218" lon="17.204984"><ele>220.5</ele></trkpt>
   <trkpt lat="49.638176" lon="17.205074"><ele>220.25</ele></trkpt>
   <trkpt lat="49.63802" lon="17.205366"><ele>220</ele></trkpt>
   <trkpt lat="49.637982" lon="17.205448"><ele>220</ele></trkpt>
   <trkpt lat="49.637865" lon="17.2057"><ele>220</ele></trkpt>
   <trkpt lat="49.637416" lon="17.20632"><ele>220.5</ele></trkpt>
   <trkpt lat="49.637411" lon="17.206328"><ele>220.5</ele></trkpt>
   <trkpt lat="49.637377" lon="17.206379"><ele>220.5</ele></trkpt>
   <trkpt lat="49.637349" lon="17.206457"><ele>220.25</ele></trkpt>
   <trkpt lat="49.637297" lon="17.206417"><ele>220.25</ele></trkpt>
   <trkpt lat="49.637248" lon="17.206417"><ele>220</ele></trkpt>
   <trkpt lat="49.637042" lon="17.206542"><ele>219.5</ele></trkpt>
   <trkpt lat="49.636557" lon="17.206866"><ele>219</ele></trkpt>
   <trkpt lat="49.636352" lon="17.207001"><ele>219</ele></trkpt>
   <trkpt lat="49.635755" lon="17.207377"><ele>219</ele></trkpt>
   <trkpt lat="49.635107" lon="17.207813"><ele>218.75</ele></trkpt>
   <trkpt lat="49.634331" lon="17.208297"><ele>219</ele></trkpt>
   <trkpt lat="49.634225" lon="17.20834"><ele>219</ele></trkpt>
   <trkpt lat="49.63403" lon="17.208409"><ele>219</ele></trkpt>
   <trkpt lat="49.633995" lon="17.208418"><ele>219</ele></trkpt>
   <trkpt lat="49.633968" lon="17.208424"><ele>219</ele></trkpt>
   <trkpt lat="49.633838" lon="17.208452"><ele>219</ele></trkpt>
   <trkpt lat="49.63371" lon="17.208468"><ele>219</ele></trkpt>
   <trkpt lat="49.633326" lon="17.208482"><ele>218.75</ele></trkpt>
   <trkpt lat="49.63322" lon="17.208484"><ele>218.75</ele></trkpt>
   <trkpt lat="49.633165" lon="17.208486"><ele>218.5</ele></trkpt>
   <trkpt lat="49.633043" lon="17.208488"><ele>218.25</ele></trkpt>
   <trkpt lat="49.633004" lon="17.208489"><ele>218.5</ele></trkpt>
   <trkpt lat="49.632918" lon="17.208491"><ele>218.5</ele></trkpt>
   <trkpt lat="49.632794" lon="17.208494"><ele>218.75</ele></trkpt>
   <trkpt lat="49.632297" lon="17.208497"><ele>219</ele></trkpt>
   <trkpt lat="49.632296" lon="17.208581"><ele>219</ele></trkpt>
   <trkpt lat="49.632249" lon="17.208629"><ele>218.75</ele></trkpt>
   <trkpt lat="49.632217" lon="17.208644"><ele>218.75</ele></trkpt>
   <trkpt lat="49.632161" lon="17.208646"><ele>218.75</ele></trkpt>
   <trkpt lat="49.631538" lon="17.208662"><ele>218.75</ele></trkpt>
   <trkpt lat="49.631275" lon="17.208656"><ele>218.75</ele></trkpt>
   <trkpt lat="49.631088" lon="17.208609"><ele>219</ele></trkpt>
   <trkpt lat="49.631017" lon="17.208579"><ele>219</ele></trkpt>
   <trkpt lat="49.630804" lon="17.208462"><ele>219</ele></trkpt>
   <trkpt lat="49.63077" lon="17.208454"><ele>219</ele></trkpt>
   <trkpt lat="49.6307" lon="17.20847"><ele>219</ele></trkpt>
   <trkpt lat="49.63057" lon="17.208548"><ele>219</ele></trkpt>
   <trkpt lat="49.630281" lon="17.208844"><ele>218.75</ele></trkpt>
   <trkpt lat="49.629932" lon="17.20924"><ele>217.75</ele></trkpt>
   <trkpt lat="49.629878" lon="17.209305"><ele>217.75</ele></trkpt>
   <trkpt lat="49.629527" lon="17.20975"><ele>218.25</ele></trkpt>
   <trkpt lat="49.629404" lon="17.209922"><ele>218.25</ele></trkpt>
   <trkpt lat="49.628953" lon="17.210674"><ele>217.75</ele></trkpt>
   <trkpt lat="49.628456" lon="17.211392"><ele>218</ele></trkpt>
   <trkpt lat="49.62826" lon="17.211647"><ele>218.25</ele></trkpt>
   <trkpt lat="49.628087" lon="17.211835"><ele>218.75</ele></trkpt>
   <trkpt lat="49.627948" lon="17.211999"><ele>219</ele></trkpt>
   <trkpt lat="49.627787" lon="17.212219"><ele>219</ele></trkpt>
   <trkpt lat="49.625346" lon="17.215704"><ele>217</ele></trkpt>
   <trkpt lat="49.625083" lon="17.216086"><ele>217</ele></trkpt>
   <trkpt lat="49.625014" lon="17.216198"><ele>216.5</ele></trkpt>
   <trkpt lat="49.624964" lon="17.216283"><ele>216.25</ele></trkpt>
   <trkpt lat="49.624879" lon="17.216455"><ele>216.25</ele></trkpt>
   <trkpt lat="49.624646" lon="17.216983"><ele>216</ele></trkpt>
   <trkpt lat="49.624585" lon="17.2171"><ele>215.75</ele></trkpt>
   <trkpt lat="49.624546" lon="17.217151"><ele>215.75</ele></trkpt>
   <trkpt lat="49.624451" lon="17.21724"><ele>215.75</ele></trkpt>
   <trkpt lat="49.624278" lon="17.217358"><ele>216.5</ele></trkpt>
   <trkpt lat="49.624138" lon="17.217474"><ele>217</ele></trkpt>
   <trkpt lat="49.62403" lon="17.217595"><ele>217</ele></trkpt>
   <trkpt lat="49.623332" lon="17.218582"><ele>217</ele></trkpt>
   <trkpt lat="49.623153" lon="17.218847"><ele>217.5</ele></trkpt>
   <trkpt lat="49.623108" lon="17.218948"><ele>217.5</ele></trkpt>
   <trkpt lat="49.623084" lon="17.21905"><ele>217.25</ele></trkpt>
   <trkpt lat="49.623069" lon="17.219308"><ele>216.25</ele></trkpt>
   <trkpt lat="49.623051" lon="17.219377"><ele>216.25</ele></trkpt>
   <trkpt lat="49.623001" lon="17.219501"><ele>216.25</ele></trkpt>
   <trkpt lat="49.62336" lon="17.21996"><ele>215.75</ele></trkpt>
   <trkpt lat="49.623468" lon="17.220108"><ele>215.25</ele></trkpt>
   <trkpt lat="49.623536" lon="17.220217"><ele>215</ele></trkpt>
   <trkpt lat="49.623596" lon="17.220333"><ele>215</ele></trkpt>
   <trkpt lat="49.623646" lon="17.220464"><ele>215</ele></trkpt>
   <trkpt lat="49.623699" lon="17.220659"><ele>215</ele></trkpt>
   <trkpt lat="49.623738" lon="17.220893"><ele>215</ele></trkpt>
   <trkpt lat="49.623748" lon="17.220986"><ele>215</ele></trkpt>
   <trkpt lat="49.623769" lon="17.221128"><ele>215</ele></trkpt>
   <trkpt lat="49.623806" lon="17.221369"><ele>215.5</ele></trkpt>
   <trkpt lat="49.623928" lon="17.22216"><ele>215.75</ele></trkpt>
   <trkpt lat="49.623948" lon="17.2223"><ele>216</ele></trkpt>
   <trkpt lat="49.623957" lon="17.22241"><ele>216</ele></trkpt>
   <trkpt lat="49.623964" lon="17.222562"><ele>216</ele></trkpt>
   <trkpt lat="49.623953" lon="17.22267"><ele>216</ele></trkpt>
   <trkpt lat="49.623927" lon="17.222818"><ele>216</ele></trkpt>
   <trkpt lat="49.623902" lon="17.22292"><ele>216</ele></trkpt>
   <trkpt lat="49.623001" lon="17.225617"><ele>215</ele></trkpt>
   <trkpt lat="49.622608" lon="17.226763"><ele>215</ele></trkpt>
   <trkpt lat="49.622484" lon="17.227126"><ele>215</ele></trkpt>
   <trkpt lat="49.622442" lon="17.227248"><ele>215</ele></trkpt>
   <trkpt lat="49.62243" lon="17.22739"><ele>215</ele></trkpt>
   <trkpt lat="49.622441" lon="17.227518"><ele>215</ele></trkpt>
   <trkpt lat="49.622032" lon="17.227233"><ele>215</ele></trkpt>
   <trkpt lat="49.621984" lon="17.22726"><ele>215</ele></trkpt>
   <trkpt lat="49.621917" lon="17.227329"><ele>214.75</ele></trkpt>
   <trkpt lat="49.621906" lon="17.227344"><ele>214.75</ele></trkpt>
   <trkpt lat="49.621776" lon="17.227456"><ele>214.25</ele></trkpt>
   <trkpt lat="49.621753" lon="17.227479"><ele>214.25</ele></trkpt>
   <trkpt lat="49.621728" lon="17.227536"><ele>214</ele></trkpt>
   <trkpt lat="49.621625" lon="17.227622"><ele>214</ele></trkpt>
   <trkpt lat="49.621547" lon="17.227709"><ele>214</ele></trkpt>
   <trkpt lat="49.621461" lon="17.22779"><ele>214</ele></trkpt>
   <trkpt lat="49.621266" lon="17.227975"><ele>214</ele></trkpt>
   <trkpt lat="49.620986" lon="17.228333"><ele>214</ele></trkpt>
   <trkpt lat="49.62092" lon="17.228417"><ele>214</ele></trkpt>
   <trkpt lat="49.620482" lon="17.228866"><ele>214</ele></trkpt>
   <trkpt lat="49.620398" lon="17.22895"><ele>214</ele></trkpt>
   <trkpt lat="49.620253" lon="17.229051"><ele>214</ele></trkpt>
   <trkpt lat="49.620236" lon="17.229062"><ele>214</ele></trkpt>
   <trkpt lat="49.619921" lon="17.229385"><ele>213.75</ele></trkpt>
   <trkpt lat="49.619828" lon="17.229493"><ele>214</ele></trkpt>
   <trkpt lat="49.619472" lon="17.229866"><ele>214</ele></trkpt>
   <trkpt lat="49.619456" lon="17.229886"><ele>214</ele></trkpt>
   <trkpt lat="49.619409" lon="17.229945"><ele>214</ele></trkpt>
   <trkpt lat="49.619379" lon="17.229983"><ele>214</ele></trkpt>
   <trkpt lat="49.619087" lon="17.230313"><ele>214</ele></trkpt>
   <trkpt lat="49.618952" lon="17.230485"><ele>214</ele></trkpt>
   <trkpt lat="49.618849" lon="17.230579"><ele>214</ele></trkpt>
   <trkpt lat="49.618732" lon="17.230776"><ele>214</ele></trkpt>
   <trkpt lat="49.618669" lon="17.230897"><ele>214</ele></trkpt>
   <trkpt lat="49.618511" lon="17.231446"><ele>214</ele></trkpt>
   <trkpt lat="49.618435" lon="17.231679"><ele>214</ele></trkpt>
   <trkpt lat="49.618345" lon="17.231869"><ele>214</ele></trkpt>
   <trkpt lat="49.618212" lon="17.232058"><ele>214</ele></trkpt>
   <trkpt lat="49.618057" lon="17.232231"><ele>214</ele></trkpt>
   <trkpt lat="49.617951" lon="17.232366"><ele>214</ele></trkpt>
   <trkpt lat="49.617859" lon="17.232517"><ele>214</ele></trkpt>
   <trkpt lat="49.617812" lon="17.232627"><ele>214</ele></trkpt>
   <trkpt lat="49.61776" lon="17.23278"><ele>214</ele></trkpt>
   <trkpt lat="49.617726" lon="17.232843"><ele>214</ele></trkpt>
   <trkpt lat="49.617687" lon="17.232881"><ele>214.25</ele></trkpt>
   <trkpt lat="49.617625" lon="17.232918"><ele>214</ele></trkpt>
   <trkpt lat="49.617431" lon="17.232975"><ele>214</ele></trkpt>
   <trkpt lat="49.617328" lon="17.233009"><ele>214</ele></trkpt>
   <trkpt lat="49.617255" lon="17.233034"><ele>213.75</ele></trkpt>
   <trkpt lat="49.617158" lon="17.233071"><ele>214</ele></trkpt>
   <trkpt lat="49.616523" lon="17.233261"><ele>214</ele></trkpt>
   <trkpt lat="49.616233" lon="17.233351"><ele>214</ele></trkpt>
   <trkpt lat="49.615708" lon="17.233512"><ele>214</ele></trkpt>
   <trkpt lat="49.615519" lon="17.233575"><ele>214</ele></trkpt>
   <trkpt lat="49.613959" lon="17.234061"><ele>213.5</ele></trkpt>
   <trkpt lat="49.613594" lon="17.234155"><ele>213.75</ele></trkpt>
   <trkpt lat="49.612923" lon="17.234362"><ele>213.25</ele></trkpt>
   <trkpt lat="49.612434" lon="17.234521"><ele>213.5</ele></trkpt>
   <trkpt lat="49.612201" lon="17.234582"><ele>212.75</ele></trkpt>
   <trkpt lat="49.6121" lon="17.234601"><ele>212.75</ele></trkpt>
   <trkpt lat="49.611978" lon="17.234639"><ele>213</ele></trkpt>
   <trkpt lat="49.611852" lon="17.234699"><ele>213.25</ele></trkpt>
   <trkpt lat="49.610951" lon="17.235225"><ele>213.25</ele></trkpt>
   <trkpt lat="49.610885" lon="17.235253"><ele>213.5</ele></trkpt>
   <trkpt lat="49.610822" lon="17.235262"><ele>213.75</ele></trkpt>
   <trkpt lat="49.610775" lon="17.235213"><ele>213</ele></trkpt>
   <trkpt lat="49.610619" lon="17.234944"><ele>213</ele></trkpt>
   <trkpt lat="49.610576" lon="17.234871"><ele>213.75</ele></trkpt>
   <trkpt lat="49.610401" lon="17.234995"><ele>213.5</ele></trkpt>
   <trkpt lat="49.610139" lon="17.235207"><ele>213.25</ele></trkpt>
   <trkpt lat="49.610024" lon="17.235305"><ele>213.5</ele></trkpt>
   <trkpt lat="49.609921" lon="17.23541"><ele>213</ele></trkpt>
   <trkpt lat="49.609599" lon="17.235775"><ele>213.5</ele></trkpt>
   <trkpt lat="49.609521" lon="17.235876"><ele>214</ele></trkpt>
   <trkpt lat="49.60939" lon="17.236066"><ele>214.25</ele></trkpt>
   <trkpt lat="49.609266" lon="17.236276"><ele>213.5</ele></trkpt>
   <trkpt lat="49.609088" lon="17.236641"><ele>213.25</ele></trkpt>
   <trkpt lat="49.608906" lon="17.237089"><ele>212.75</ele></trkpt>
   <trkpt lat="49.608822" lon="17.237333"><ele>212.75</ele></trkpt>
   <trkpt lat="49.608619" lon="17.237986"><ele>213</ele></trkpt>
   <trkpt lat="49.608405" lon="17.2386"><ele>213</ele></trkpt>
   <trkpt lat="49.608115" lon="17.239497"><ele>212.5</ele></trkpt>
   <trkpt lat="49.608027" lon="17.239746"><ele>212.75</ele></trkpt>
   <trkpt lat="49.607781" lon="17.240397"><ele>212.75</ele></trkpt>
   <trkpt lat="49.607559" lon="17.24106"><ele>212.5</ele></trkpt>
   <trkpt lat="49.607376" lon="17.241631"><ele>211.75</ele></trkpt>
   <trkpt lat="49.607243" lon="17.241968"><ele>212.75</ele></trkpt>
   <trkpt lat="49.607235" lon="17.241994"><ele>212.5</ele></trkpt>
   <trkpt lat="49.607203" lon="17.242071"><ele>212.5</ele></trkpt>
   <trkpt lat="49.607188" lon="17.242118"><ele>212.5</ele></trkpt>
   <trkpt lat="49.607179" lon="17.242154"><ele>212.25</ele></trkpt>
   <trkpt lat="49.607168" lon="17.242214"><ele>212.25</ele></trkpt>
   <trkpt lat="49.607124" lon="17.242375"><ele>212</ele></trkpt>
   <trkpt lat="49.607071" lon="17.242545"><ele>212.25</ele></trkpt>
   <trkpt lat="49.606908" lon="17.242998"><ele>213</ele></trkpt>
   <trkpt lat="49.606864" lon="17.243102"><ele>212.75</ele></trkpt>
   <trkpt lat="49.606799" lon="17.243232"><ele>212.25</ele></trkpt>
   <trkpt lat="49.606722" lon="17.243366"><ele>212.5</ele></trkpt>
   <trkpt lat="49.606469" lon="17.243756"><ele>212.75</ele></trkpt>
   <trkpt lat="49.606275" lon="17.244027"><ele>211.75</ele></trkpt>
   <trkpt lat="49.606014" lon="17.244358"><ele>211.5</ele></trkpt>
   <trkpt lat="49.605839" lon="17.244559"><ele>211.5</ele></trkpt>
   <trkpt lat="49.605637" lon="17.24481"><ele>212</ele></trkpt>
   <trkpt lat="49.605312" lon="17.245241"><ele>212.75</ele></trkpt>
   <trkpt lat="49.605184" lon="17.245428"><ele>212.25</ele></trkpt>
   <trkpt lat="49.604887" lon="17.245846"><ele>212.75</ele></trkpt>
   <trkpt lat="49.604819" lon="17.245964"><ele>212.5</ele></trkpt>
   <trkpt lat="49.604745" lon="17.246102"><ele>212.75</ele></trkpt>
   <trkpt lat="49.604646" lon="17.246323"><ele>213</ele></trkpt>
   <trkpt lat="49.604565" lon="17.24654"><ele>212.75</ele></trkpt>
   <trkpt lat="49.604483" lon="17.246847"><ele>212.75</ele></trkpt>
   <trkpt lat="49.604418" lon="17.247055"><ele>213</ele></trkpt>
   <trkpt lat="49.604136" lon="17.247743"><ele>213</ele></trkpt>
   <trkpt lat="49.604091" lon="17.247849"><ele>212.75</ele></trkpt>
   <trkpt lat="49.604048" lon="17.247909"><ele>212.5</ele></trkpt>
   <trkpt lat="49.603979" lon="17.247932"><ele>212.75</ele></trkpt>
   <trkpt lat="49.603336" lon="17.247957"><ele>213</ele></trkpt>
   <trkpt lat="49.602961" lon="17.247931"><ele>213</ele></trkpt>
   <trkpt lat="49.602881" lon="17.247915"><ele>212.75</ele></trkpt>
   <trkpt lat="49.602476" lon="17.247771"><ele>213</ele></trkpt>
   <trkpt lat="49.601866" lon="17.247518"><ele>213.75</ele></trkpt>
   <trkpt lat="49.601831" lon="17.247469"><ele>213.75</ele></trkpt>
   <trkpt lat="49.601795" lon="17.247454"><ele>213.75</ele></trkpt>
   <trkpt lat="49.601732" lon="17.247444"><ele>213.75</ele></trkpt>
   <trkpt lat="49.601684" lon="17.247436"><ele>213.75</ele></trkpt>
   <trkpt lat="49.601632" lon="17.247427"><ele>214</ele></trkpt>
   <trkpt lat="49.601535" lon="17.247405"><ele>214</ele></trkpt>
   <trkpt lat="49.601338" lon="17.247324"><ele>214</ele></trkpt>
   <trkpt lat="49.601313" lon="17.247313"><ele>214</ele></trkpt>
   <trkpt lat="49.601288" lon="17.247302"><ele>214</ele></trkpt>
   <trkpt lat="49.600845" lon="17.247108"><ele>214</ele></trkpt>
   <trkpt lat="49.600822" lon="17.247097"><ele>213.75</ele></trkpt>
   <trkpt lat="49.600798" lon="17.247087"><ele>213.75</ele></trkpt>
   <trkpt lat="49.600707" lon="17.247048"><ele>213.75</ele></trkpt>
   <trkpt lat="49.59987" lon="17.246684"><ele>214</ele></trkpt>
   <trkpt lat="49.598952" lon="17.246301"><ele>214</ele></trkpt>
   <trkpt lat="49.598855" lon="17.246212"><ele>214</ele></trkpt>
   <trkpt lat="49.598823" lon="17.246199"><ele>214</ele></trkpt>
   <trkpt lat="49.598539" lon="17.24608"><ele>214</ele></trkpt>
   <trkpt lat="49.598413" lon="17.246034"><ele>214</ele></trkpt>
   <trkpt lat="49.598331" lon="17.246002"><ele>214</ele></trkpt>
   <trkpt lat="49.598234" lon="17.245978"><ele>214</ele></trkpt>
   <trkpt lat="49.59809" lon="17.245987"><ele>214</ele></trkpt>
   <trkpt lat="49.597906" lon="17.246105"><ele>214.5</ele></trkpt>
   <trkpt lat="49.597818" lon="17.246222"><ele>214.75</ele></trkpt>
   <trkpt lat="49.597655" lon="17.246325"><ele>215</ele></trkpt>
   <trkpt lat="49.597353" lon="17.246604"><ele>215</ele></trkpt>
   <trkpt lat="49.597285" lon="17.246695"><ele>215</ele></trkpt>
   <trkpt lat="49.597193" lon="17.246855"><ele>215</ele></trkpt>
   <trkpt lat="49.597152" lon="17.246886"><ele>215</ele></trkpt>
   <trkpt lat="49.597128" lon="17.246906"><ele>215</ele></trkpt>
   <trkpt lat="49.597106" lon="17.24692"><ele>215</ele></trkpt>
   <trkpt lat="49.59705" lon="17.246976"><ele>215</ele></trkpt>
   <trkpt lat="49.597036" lon="17.246881"><ele>215</ele></trkpt>
   <trkpt lat="49.59687" lon="17.246942"><ele>215</ele></trkpt>
   <trkpt lat="49.596853" lon="17.246947"><ele>215</ele></trkpt>
   <trkpt lat="49.596593" lon="17.247025"><ele>215</ele></trkpt>
   <trkpt lat="49.596242" lon="17.247086"><ele>215</ele></trkpt>
   <trkpt lat="49.596251" lon="17.247152"><ele>215</ele></trkpt>
   <trkpt lat="49.596261" lon="17.247234"><ele>215</ele></trkpt>
   <trkpt lat="49.596279" lon="17.247373"><ele>215</ele></trkpt>
   <trkpt lat="49.596287" lon="17.247434"><ele>215</ele></trkpt>
   <trkpt lat="49.596291" lon="17.247505"><ele>215</ele></trkpt>
   <trkpt lat="49.596306" lon="17.248033"><ele>215</ele></trkpt>
   <trkpt lat="49.596309" lon="17.248144"><ele>215</ele></trkpt>
   <trkpt lat="49.596343" lon="17.249702"><ele>215.75</ele></trkpt>
   <trkpt lat="49.59633" lon="17.249971"><ele>215</ele></trkpt>
   <trkpt lat="49.596297" lon="17.250276"><ele>215.75</ele></trkpt>
   <trkpt lat="49.596301" lon="17.250474"><ele>216</ele></trkpt>
   <trkpt lat="49.596315" lon="17.250697"><ele>216</ele></trkpt>
   <trkpt lat="49.596327" lon="17.250957"><ele>216</ele></trkpt>
   <trkpt lat="49.596318" lon="17.251252"><ele>215.5</ele></trkpt>
   <trkpt lat="49.596297" lon="17.251425"><ele>215.25</ele></trkpt>
   <trkpt lat="49.596261" lon="17.25163"><ele>215.25</ele></trkpt>
   <trkpt lat="49.596213" lon="17.251838"><ele>215</ele></trkpt>
   <trkpt lat="49.596167" lon="17.251843"><ele>215.25</ele></trkpt>
   <trkpt lat="49.59607" lon="17.251845"><ele>215.5</ele></trkpt>
   <trkpt lat="49.595837" lon="17.251855"><ele>216.25</ele></trkpt>
   <trkpt lat="49.595793" lon="17.251856"><ele>216.25</ele></trkpt>
   <trkpt lat="49.595568" lon="17.251864"><ele>216.75</ele></trkpt>
   <trkpt lat="49.595494" lon="17.251867"><ele>217</ele></trkpt>
   <trkpt lat="49.595473" lon="17.251867"><ele>217</ele></trkpt>
   <trkpt lat="49.595457" lon="17.251869"><ele>217</ele></trkpt>
   <trkpt lat="49.595399" lon="17.251868"><ele>217</ele></trkpt>
   <trkpt lat="49.595385" lon="17.251868"><ele>217</ele></trkpt>
   <trkpt lat="49.595206" lon="17.251866"><ele>217.25</ele></trkpt>
   <trkpt lat="49.594876" lon="17.251844"><ele>218.25</ele></trkpt>
   <trkpt lat="49.59441" lon="17.251835"><ele>219</ele></trkpt>
   <trkpt lat="49.59437" lon="17.251829"><ele>219</ele></trkpt>
   <trkpt lat="49.594302" lon="17.251799"><ele>219</ele></trkpt>
   <trkpt lat="49.594284" lon="17.251838"><ele>219</ele></trkpt>
   <trkpt lat="49.594234" lon="17.251881"><ele>219</ele></trkpt>
   <trkpt lat="49.594015" lon="17.251996"><ele>219</ele></trkpt>
   <trkpt lat="49.593812" lon="17.252128"><ele>219.75</ele></trkpt>
   <trkpt lat="49.59377" lon="17.252219"><ele>220.25</ele></trkpt>
   <trkpt lat="49.593758" lon="17.252247"><ele>220.5</ele></trkpt>
   <trkpt lat="49.593885" lon="17.252444"><ele>220.75</ele></trkpt>
   <trkpt lat="49.594109" lon="17.252746"><ele>221.75</ele></trkpt>
   <trkpt lat="49.594113" lon="17.252751"><ele>221.75</ele></trkpt>
   <trkpt lat="49.594052" lon="17.252992"><ele>223</ele></trkpt>
   <trkpt lat="49.594007" lon="17.253191"><ele>225.25</ele></trkpt>
   <trkpt lat="49.594005" lon="17.253266"><ele>226.25</ele></trkpt>
   <trkpt lat="49.594005" lon="17.253288"><ele>226.5</ele></trkpt>
   <trkpt lat="49.594004" lon="17.253291"><ele>230.75</ele></trkpt>
  </trkseg>
 </trk>
</gpx>