<?xml version="1.0" encoding="UTF-8"?>
<!-- track-length = 62565 filtered ascend = 252 plain-ascend = -4 cost=70980 energy=0.3kwh time=3h 9m 1s -->
<gpx 
 xmlns="http://www.topografix.com/GPX/1/1" 
 xmlns:xsi="http://www.w3.org/2001/XMLSchema-instance" 
 xsi:schemaLocation="http://www.topografix.com/GPX/1/1 http://www.topografix.com/GPX/1/1/gpx.xsd" 
 version="1.1" 
 creator="bikerouter.de 2025.49">
 <wpt lat="48.888827" lon="10.472888"><name>Wallerstein</name></wpt>
 <wpt lat="48.902656" lon="10.316794"><name>Baldern Castle</name></wpt>
 <wpt lat="49.069203" lon="10.319206"><name>Dinkelsbühl</name></wpt>
 <wpt lat="49.167887" lon="10.331396"><name>Feuchtwangen</name></wpt>
 <wpt lat="49.28674" lon="10.260412"><name>Schillingsfürst</name></wpt>
 <trk>
  <name>Nördlingen -&gt; Schobdach - 62.6 km, 252 hm</name>
  <link href="https://bikerouter.de/#map=11/48.9588/10.4631/standard&amp;lonlats=10.498555,48.846755;10.495347,48.847312;10.472884,48.888805;10.474038,48.889961;10.485565,48.900327;10.319126,49.069165;10.325813,49.069533;10.488175,49.044544;10.606903,49.04373&amp;pois=10.472888,48.888827,Wallerstein;10.316794,48.902656,Baldern+Castle;10.319206,49.069203,Dinkelsb%C3%BChl;10.331396,49.167887,Feuchtwangen;10.260412,49.28674,Schillingsf%C3%BCrst&amp;profile=trekking">
   <text>bikerouter.de</text>
  </link>
  <trkseg>
   <trkpt lat="48.846758" lon="10.498558"><ele>432.25</ele></trkpt>
   <trkpt lat="48.846982" lon="10.498027"><ele>432.75</ele></trkpt>
   <trkpt lat="48.847015" lon="10.497946"><ele>432.75</ele></trkpt>
   <trkpt lat="48.84709" lon="10.497743"><ele>433</ele></trkpt>
   <trkpt lat="48.847131" lon="10.497634"><ele>433</ele></trkpt>
   <trkpt lat="48.84714" lon="10.497545"><ele>433</ele></trkpt>
   <trkpt lat="48.847106" lon="10.49755"><ele>433</ele></trkpt>
   <trkpt lat="48.84689" lon="10.497576"><ele>432.75</ele></trkpt>
   <trkpt lat="48.846692" lon="10.497607"><ele>432</ele></trkpt>
   <trkpt lat="48.846624" lon="10.497559"><ele>432</ele></trkpt>
   <trkpt lat="48.846591" lon="10.49752"><ele>432</ele></trkpt>
   <trkpt lat="48.846574" lon="10.49748"><ele>432</ele></trkpt>
   <trkpt lat="48.846563" lon="10.497396"><ele>432</ele></trkpt>
   <trkpt lat="48.846565" lon="10.497217"><ele>432</ele></trkpt>
   <trkpt lat="48.84661" lon="10.497112"><ele>432</ele></trkpt>
   <trkpt lat="48.846638" lon="10.497044"><ele>432</ele></trkpt>
   <trkpt lat="48.846657" lon="10.496999"><ele>431.75</ele></trkpt>
   <trkpt lat="48.846729" lon="10.496818"><ele>432</ele></trkpt>
   <trkpt lat="48.846831" lon="10.496573"><ele>432.5</ele></trkpt>
   <trkpt lat="48.847032" lon="10.496098"><ele>433.25</ele></trkpt>
   <trkpt lat="48.847106" lon="10.495909"><ele>433.5</ele></trkpt>
   <trkpt lat="48.847135" lon="10.495838"><ele>433.5</ele></trkpt>
   <trkpt lat="48.847171" lon="10.495747"><ele>433.75</ele></trkpt>
   <trkpt lat="48.847195" lon="10.495689"><ele>433.75</ele></trkpt>
   <trkpt lat="48.847313" lon="10.495352"><ele>434</ele></trkpt>
   <trkpt lat="48.847314" lon="10.495349"><ele>434</ele></trkpt>
   <trkpt lat="48.847416" lon="10.495104"><ele>434</ele></trkpt>
   <trkpt lat="48.847541" lon="10.494809"><ele>434.5</ele></trkpt>
   <trkpt lat="48.847706" lon="10.494455"><ele>435</ele></trkpt>
   <trkpt lat="48.847913" lon="10.494006"><ele>435.25</ele></trkpt>
   <trkpt lat="48.847932" lon="10.493963"><ele>435.25</ele></trkpt>
   <trkpt lat="48.848056" lon="10.493666"><ele>436</ele></trkpt>
   <trkpt lat="48.848075" lon="10.493621"><ele>435.75</ele></trkpt>
   <trkpt lat="48.848126" lon="10.493497"><ele>436.25</ele></trkpt>
   <trkpt lat="48.848153" lon="10.493417"><ele>436.5</ele></trkpt>
   <trkpt lat="48.848179" lon="10.493338"><ele>436.75</ele></trkpt>
   <trkpt lat="48.848216" lon="10.493228"><ele>436.75</ele></trkpt>
   <trkpt lat="48.848228" lon="10.49319"><ele>436.5</ele></trkpt>
   <trkpt lat="48.848279" lon="10.493036"><ele>436.25</ele></trkpt>
   <trkpt lat="48.848376" lon="10.492786"><ele>436.75</ele></trkpt>
   <trkpt lat="48.848477" lon="10.492527"><ele>436.75</ele></trkpt>
   <trkpt lat="48.848588" lon="10.492283"><ele>433.25</ele></trkpt>
   <trkpt lat="48.848637" lon="10.492172"><ele>433</ele></trkpt>
   <trkpt lat="48.848663" lon="10.492118"><ele>434.25</ele></trkpt>
   <trkpt lat="48.848749" lon="10.491908"><ele>436.25</ele></trkpt>
   <trkpt lat="48.848769" lon="10.491859"><ele>436.25</ele></trkpt>
   <trkpt lat="48.848904" lon="10.491461"><ele>435.75</ele></trkpt>
   <trkpt lat="48.848913" lon="10.491413"><ele>435.75</ele></trkpt>
   <trkpt lat="48.849146" lon="10.490743"><ele>435.5</ele></trkpt>
   <trkpt lat="48.849347" lon="10.490206"><ele>435</ele></trkpt>
   <trkpt lat="48.849374" lon="10.490156"><ele>435</ele></trkpt>
   <trkpt lat="48.849435" lon="10.490057"><ele>435</ele></trkpt>
   <trkpt lat="48.84954" lon="10.489882"><ele>434.75</ele></trkpt>
   <trkpt lat="48.84964" lon="10.489736"><ele>434.25</ele></trkpt>
   <trkpt lat="48.849657" lon="10.489713"><ele>434</ele></trkpt>
   <trkpt lat="48.849776" lon="10.489574"><ele>433.75</ele></trkpt>
   <trkpt lat="48.849866" lon="10.489586"><ele>433.5</ele></trkpt>
   <trkpt lat="48.85007" lon="10.48955"><ele>433.25</ele></trkpt>
   <trkpt lat="48.850094" lon="10.489541"><ele>433</ele></trkpt>
   <trkpt lat="48.850128" lon="10.489534"><ele>433</ele></trkpt>
   <trkpt lat="48.85027" lon="10.489466"><ele>433</ele></trkpt>
   <trkpt lat="48.850384" lon="10.489458"><ele>433</ele></trkpt>
   <trkpt lat="48.850464" lon="10.489463"><ele>433</ele></trkpt>
   <trkpt lat="48.850574" lon="10.489527"><ele>432.75</ele></trkpt>
   <trkpt lat="48.850649" lon="10.489563"><ele>432.75</ele></trkpt>
   <trkpt lat="48.850768" lon="10.489557"><ele>432.5</ele></trkpt>
   <trkpt lat="48.850826" lon="10.489518"><ele>432.5</ele></trkpt>
   <trkpt lat="48.850854" lon="10.48946"><ele>432.75</ele></trkpt>
   <trkpt lat="48.850906" lon="10.48915"><ele>433</ele></trkpt>
   <trkpt lat="48.850958" lon="10.488818"><ele>432.75</ele></trkpt>
   <trkpt lat="48.850974" lon="10.488524"><ele>432.25</ele></trkpt>
   <trkpt lat="48.850999" lon="10.488258"><ele>431.5</ele></trkpt>
   <trkpt lat="48.851163" lon="10.488328"><ele>431</ele></trkpt>
   <trkpt lat="48.851417" lon="10.488269"><ele>431.25</ele></trkpt>
   <trkpt lat="48.851619" lon="10.48821"><ele>431.5</ele></trkpt>
   <trkpt lat="48.851777" lon="10.488147"><ele>431</ele></trkpt>
   <trkpt lat="48.851869" lon="10.488098"><ele>430.5</ele></trkpt>
   <trkpt lat="48.851925" lon="10.488047"><ele>430</ele></trkpt>
   <trkpt lat="48.852087" lon="10.487923"><ele>430.25</ele></trkpt>
   <trkpt lat="48.852222" lon="10.487803"><ele>429.25</ele></trkpt>
   <trkpt lat="48.85238" lon="10.487693"><ele>428.75</ele></trkpt>
   <trkpt lat="48.852537" lon="10.487587"><ele>428.25</ele></trkpt>
   <trkpt lat="48.852563" lon="10.487562"><ele>428</ele></trkpt>
   <trkpt lat="48.852665" lon="10.487455"><ele>427.75</ele></trkpt>
   <trkpt lat="48.852726" lon="10.487303"><ele>427.25</ele></trkpt>
   <trkpt lat="48.852879" lon="10.487009"><ele>427</ele></trkpt>
   <trkpt lat="48.852898" lon="10.486956"><ele>427</ele></trkpt>
   <trkpt lat="48.852933" lon="10.486844"><ele>427</ele></trkpt>
   <trkpt lat="48.852986" lon="10.486729"><ele>427</ele></trkpt>
   <trkpt lat="48.853" lon="10.486698"><ele>427</ele></trkpt>
   <trkpt lat="48.85317" lon="10.486331"><ele>427.25</ele></trkpt>
   <trkpt lat="48.853532" lon="10.485421"><ele>427.75</ele></trkpt>
   <trkpt lat="48.853627" lon="10.485328"><ele>427.75</ele></trkpt>
   <trkpt lat="48.853642" lon="10.48529"><ele>427.75</ele></trkpt>
   <trkpt lat="48.853736" lon="10.485119"><ele>427.5</ele></trkpt>
   <trkpt lat="48.853838" lon="10.484908"><ele>428</ele></trkpt>
   <trkpt lat="48.853858" lon="10.484781"><ele>428</ele></trkpt>
   <trkpt lat="48.853884" lon="10.48474"><ele>428</ele></trkpt>
   <trkpt lat="48.853927" lon="10.484657"><ele>427.25</ele></trkpt>
   <trkpt lat="48.853975" lon="10.48456"><ele>426.5</ele></trkpt>
   <trkpt lat="48.8541" lon="10.484296"><ele>426.75</ele></trkpt>
   <trkpt lat="48.854136" lon="10.484216"><ele>428</ele></trkpt>
   <trkpt lat="48.85427" lon="10.483929"><ele>428.25</ele></trkpt>
   <trkpt lat="48.854284" lon="10.483884"><ele>428.25</ele></trkpt>
   <trkpt lat="48.854364" lon="10.483731"><ele>428.25</ele></trkpt>
   <trkpt lat="48.854439" lon="10.483571"><ele>428</ele></trkpt>
   <trkpt lat="48.854472" lon="10.4835"><ele>427.75</ele></trkpt>
   <trkpt lat="48.85466" lon="10.483108"><ele>428</ele></trkpt>
   <trkpt lat="48.854718" lon="10.482988"><ele>428</ele></trkpt>
   <trkpt lat="48.85481" lon="10.482786"><ele>427.5</ele></trkpt>
   <trkpt lat="48.85488" lon="10.482619"><ele>427.75</ele></trkpt>
   <trkpt lat="48.854932" lon="10.482486"><ele>428</ele></trkpt>
   <trkpt lat="48.855443" lon="10.48125"><ele>427.5</ele></trkpt>
   <trkpt lat="48.855473" lon="10.481199"><ele>427.25</ele></trkpt>
   <trkpt lat="48.855477" lon="10.481148"><ele>427.25</ele></trkpt>
   <trkpt lat="48.855773" lon="10.480433"><ele>428</ele></trkpt>
   <trkpt lat="48.85584" lon="10.480272"><ele>427.75</ele></trkpt>
   <trkpt lat="48.85584" lon="10.480228"><ele>427.75</ele></trkpt>
   <trkpt lat="48.855857" lon="10.480166"><ele>427.75</ele></trkpt>
   <trkpt lat="48.856082" lon="10.479641"><ele>427.75</ele></trkpt>
   <trkpt lat="48.856294" lon="10.479162"><ele>428</ele></trkpt>
   <trkpt lat="48.856439" lon="10.478816"><ele>428</ele></trkpt>
   <trkpt lat="48.856539" lon="10.47857"><ele>428</ele></trkpt>
   <trkpt lat="48.856614" lon="10.478377"><ele>428</ele></trkpt>
   <trkpt lat="48.856766" lon="10.47798"><ele>427.75</ele></trkpt>
   <trkpt lat="48.856779" lon="10.477952"><ele>427.75</ele></trkpt>
   <trkpt lat="48.857017" lon="10.477402"><ele>427.5</ele></trkpt>
   <trkpt lat="48.857086" lon="10.477244"><ele>427.25</ele></trkpt>
   <trkpt lat="48.857141" lon="10.477129"><ele>427</ele></trkpt>
   <trkpt lat="48.857459" lon="10.47647"><ele>427</ele></trkpt>
   <trkpt lat="48.857821" lon="10.475755"><ele>426.75</ele></trkpt>
   <trkpt lat="48.85801" lon="10.475467"><ele>427</ele></trkpt>
   <trkpt lat="48.858052" lon="10.4754"><ele>427</ele></trkpt>
   <trkpt lat="48.858233" lon="10.475168"><ele>427.75</ele></trkpt>
   <trkpt lat="48.858367" lon="10.47499"><ele>428</ele></trkpt>
   <trkpt lat="48.858466" lon="10.474838"><ele>428</ele></trkpt>
   <trkpt lat="48.858567" lon="10.474668"><ele>428</ele></trkpt>
   <trkpt lat="48.858646" lon="10.474538"><ele>428</ele></trkpt>
   <trkpt lat="48.858868" lon="10.474105"><ele>428.75</ele></trkpt>
   <trkpt lat="48.858889" lon="10.474067"><ele>429</ele></trkpt>
   <trkpt lat="48.858937" lon="10.473981"><ele>429</ele></trkpt>
   <trkpt lat="48.858964" lon="10.473928"><ele>429</ele></trkpt>
   <trkpt lat="48.85907" lon="10.473763"><ele>429</ele></trkpt>
   <trkpt lat="48.859124" lon="10.473687"><ele>429</ele></trkpt>
   <trkpt lat="48.859149" lon="10.473657"><ele>429</ele></trkpt>
   <trkpt lat="48.859157" lon="10.473648"><ele>429</ele></trkpt>
   <trkpt lat="48.859277" lon="10.473506"><ele>429</ele></trkpt>
   <trkpt lat="48.859437" lon="10.473328"><ele>429</ele></trkpt>
   <trkpt lat="48.859651" lon="10.473049"><ele>430</ele></trkpt>
   <trkpt lat="48.859899" lon="10.472631"><ele>430</ele></trkpt>
   <trkpt lat="48.860095" lon="10.472287"><ele>430.25</ele></trkpt>
   <trkpt lat="48.860286" lon="10.472008"><ele>430.25</ele></trkpt>
   <trkpt lat="48.860573" lon="10.471625"><ele>430</ele></trkpt>
   <trkpt lat="48.860736" lon="10.471558"><ele>430.75</ele></trkpt>
   <trkpt lat="48.860903" lon="10.47154"><ele>430.75</ele></trkpt>
   <trkpt lat="48.861048" lon="10.471548"><ele>431</ele></trkpt>
   <trkpt lat="48.861196" lon="10.47161"><ele>431</ele></trkpt>
   <trkpt lat="48.861394" lon="10.471736"><ele>432</ele></trkpt>
   <trkpt lat="48.861587" lon="10.471877"><ele>432</ele></trkpt>
   <trkpt lat="48.861864" lon="10.472049"><ele>432</ele></trkpt>
   <trkpt lat="48.862242" lon="10.472204"><ele>432.75</ele></trkpt>
   <trkpt lat="48.863151" lon="10.472393"><ele>433</ele></trkpt>
   <trkpt lat="48.864874" lon="10.472651"><ele>430.25</ele></trkpt>
   <trkpt lat="48.866609" lon="10.472822"><ele>431</ele></trkpt>
   <trkpt lat="48.86745" lon="10.472947"><ele>431.25</ele></trkpt>
   <trkpt lat="48.868298" lon="10.473112"><ele>431</ele></trkpt>
   <trkpt lat="48.868948" lon="10.473279"><ele>430.25</ele></trkpt>
   <trkpt lat="48.869014" lon="10.473307"><ele>430.5</ele></trkpt>
   <trkpt lat="48.869079" lon="10.473386"><ele>430.5</ele></trkpt>
   <trkpt lat="48.869122" lon="10.47348"><ele>430.75</ele></trkpt>
   <trkpt lat="48.869158" lon="10.473619"><ele>430.75</ele></trkpt>
   <trkpt lat="48.869221" lon="10.473647"><ele>430.75</ele></trkpt>
   <trkpt lat="48.869303" lon="10.47367"><ele>430.75</ele></trkpt>
   <trkpt lat="48.869383" lon="10.4737"><ele>430.5</ele></trkpt>
   <trkpt lat="48.869438" lon="10.473725"><ele>430.5</ele></trkpt>
   <trkpt lat="48.869479" lon="10.473711"><ele>430.5</ele></trkpt>
   <trkpt lat="48.869533" lon="10.473641"><ele>430.5</ele></trkpt>
   <trkpt lat="48.869618" lon="10.473563"><ele>430.5</ele></trkpt>
   <trkpt lat="48.86968" lon="10.473538"><ele>430.25</ele></trkpt>
   <trkpt lat="48.869761" lon="10.473528"><ele>430.25</ele></trkpt>
   <trkpt lat="48.869832" lon="10.473543"><ele>430</ele></trkpt>
   <trkpt lat="48.870981" lon="10.47397"><ele>431</ele></trkpt>
   <trkpt lat="48.871638" lon="10.474196"><ele>431.75</ele></trkpt>
   <trkpt lat="48.872501" lon="10.474446"><ele>430.75</ele></trkpt>
   <trkpt lat="48.873593" lon="10.474715"><ele>428.75</ele></trkpt>
   <trkpt lat="48.873917" lon="10.47478"><ele>428.5</ele></trkpt>
   <trkpt lat="48.874173" lon="10.474769"><ele>428</ele></trkpt>
   <trkpt lat="48.874531" lon="10.474733"><ele>428</ele></trkpt>
   <trkpt lat="48.874775" lon="10.474718"><ele>428</ele></trkpt>
   <trkpt lat="48.874907" lon="10.474726"><ele>428</ele></trkpt>
   <trkpt lat="48.874943" lon="10.474599"><ele>428</ele></trkpt>
   <trkpt lat="48.875073" lon="10.47463"><ele>428</ele></trkpt>
   <trkpt lat="48.87524" lon="10.474694"><ele>428.5</ele></trkpt>
   <trkpt lat="48.875606" lon="10.474895"><ele>429</ele></trkpt>
   <trkpt lat="48.875791" lon="10.474992"><ele>429.75</ele></trkpt>
   <trkpt lat="48.875935" lon="10.475001"><ele>430.25</ele></trkpt>
   <trkpt lat="48.876047" lon="10.47495"><ele>430.5</ele></trkpt>
   <trkpt lat="48.876086" lon="10.474922"><ele>430.5</ele></trkpt>
   <trkpt lat="48.876108" lon="10.474901"><ele>430.5</ele></trkpt>
   <trkpt lat="48.876218" lon="10.474782"><ele>430.75</ele></trkpt>
   <trkpt lat="48.876308" lon="10.474636"><ele>431.5</ele></trkpt>
   <trkpt lat="48.876495" lon="10.474394"><ele>431.75</ele></trkpt>
   <trkpt lat="48.876578" lon="10.474287"><ele>432</ele></trkpt>
   <trkpt lat="48.876782" lon="10.474193"><ele>432.75</ele></trkpt>
   <trkpt lat="48.87706" lon="10.47413"><ele>433.25</ele></trkpt>
   <trkpt lat="48.877249" lon="10.474108"><ele>434</ele></trkpt>
   <trkpt lat="48.877377" lon="10.474069"><ele>434.25</ele></trkpt>
   <trkpt lat="48.877802" lon="10.473881"><ele>434</ele></trkpt>
   <trkpt lat="48.877812" lon="10.473879"><ele>434</ele></trkpt>
   <trkpt lat="48.877831" lon="10.473728"><ele>434.5</ele></trkpt>
   <trkpt lat="48.878552" lon="10.473648"><ele>435.5</ele></trkpt>
   <trkpt lat="48.879109" lon="10.473634"><ele>436</ele></trkpt>
   <trkpt lat="48.879607" lon="10.473658"><ele>435</ele></trkpt>
   <trkpt lat="48.880604" lon="10.473928"><ele>433</ele></trkpt>
   <trkpt lat="48.881025" lon="10.474082"><ele>432.25</ele></trkpt>
   <trkpt lat="48.881438" lon="10.474282"><ele>431.75</ele></trkpt>
   <trkpt lat="48.881861" lon="10.474623"><ele>430.75</ele></trkpt>
   <trkpt lat="48.882435" lon="10.475052"><ele>430</ele></trkpt>
   <trkpt lat="48.883366" lon="10.475701"><ele>431.5</ele></trkpt>
   <trkpt lat="48.883951" lon="10.476043"><ele>434</ele></trkpt>
   <trkpt lat="48.883942" lon="10.47618"><ele>434</ele></trkpt>
   <trkpt lat="48.88404" lon="10.476212"><ele>434</ele></trkpt>
   <trkpt lat="48.884243" lon="10.476278"><ele>434.5</ele></trkpt>
   <trkpt lat="48.884469" lon="10.476342"><ele>435</ele></trkpt>
   <trkpt lat="48.884702" lon="10.47641"><ele>435.75</ele></trkpt>
   <trkpt lat="48.884816" lon="10.476414"><ele>436.25</ele></trkpt>
   <trkpt lat="48.884941" lon="10.476498"><ele>436.75</ele></trkpt>
   <trkpt lat="48.885066" lon="10.47657"><ele>437</ele></trkpt>
   <trkpt lat="48.885238" lon="10.476698"><ele>436.75</ele></trkpt>
   <trkpt lat="48.885567" lon="10.476819"><ele>436.25</ele></trkpt>
   <trkpt lat="48.885754" lon="10.476863"><ele>437</ele></trkpt>
   <trkpt lat="48.885902" lon="10.476897"><ele>437.25</ele></trkpt>
   <trkpt lat="48.886156" lon="10.476957"><ele>438</ele></trkpt>
   <trkpt lat="48.886476" lon="10.47702"><ele>438.75</ele></trkpt>
   <trkpt lat="48.886854" lon="10.477011"><ele>439.25</ele></trkpt>
   <trkpt lat="48.88695" lon="10.47698"><ele>439.5</ele></trkpt>
   <trkpt lat="48.886984" lon="10.476954"><ele>439.75</ele></trkpt>
   <trkpt lat="48.887009" lon="10.476915"><ele>439.75</ele></trkpt>
   <trkpt lat="48.887291" lon="10.476231"><ele>444</ele></trkpt>
   <trkpt lat="48.887946" lon="10.474646"><ele>455</ele></trkpt>
   <trkpt lat="48.888046" lon="10.474404"><ele>455.5</ele></trkpt>
   <trkpt lat="48.888196" lon="10.474066"><ele>457.75</ele></trkpt>
   <trkpt lat="48.888533" lon="10.473082"><ele>460</ele></trkpt>
   <trkpt lat="48.888645" lon="10.472914"><ele>461.5</ele></trkpt>
   <trkpt lat="48.888807" lon="10.472901"><ele>462.5</ele></trkpt>
   <trkpt lat="48.888802" lon="10.472884"><ele>458.25</ele></trkpt>
   <trkpt lat="48.888807" lon="10.472901"><ele>462.5</ele></trkpt>
   <trkpt lat="48.888972" lon="10.472826"><ele>463.5</ele></trkpt>
   <trkpt lat="48.889109" lon="10.472781"><ele>463.75</ele></trkpt>
   <trkpt lat="48.889329" lon="10.472821"><ele>462</ele></trkpt>
   <trkpt lat="48.88955" lon="10.472814"><ele>459.75</ele></trkpt>
   <trkpt lat="48.889719" lon="10.472797"><ele>458</ele></trkpt>
   <trkpt lat="48.889779" lon="10.472743"><ele>457.25</ele></trkpt>
   <trkpt lat="48.889824" lon="10.47276"><ele>457</ele></trkpt>
   <trkpt lat="48.88987" lon="10.472789"><ele>456.75</ele></trkpt>
   <trkpt lat="48.889898" lon="10.472844"><ele>456.5</ele></trkpt>
   <trkpt lat="48.889919" lon="10.473089"><ele>456.5</ele></trkpt>
   <trkpt lat="48.889965" lon="10.474036"><ele>455</ele></trkpt>
   <trkpt lat="48.889983" lon="10.474397"><ele>455</ele></trkpt>
   <trkpt lat="48.889986" lon="10.47461"><ele>455</ele></trkpt>
   <trkpt lat="48.889957" lon="10.474844"><ele>455.25</ele></trkpt>
   <trkpt lat="48.889774" lon="10.475417"><ele>455.25</ele></trkpt>
   <trkpt lat="48.889647" lon="10.475769"><ele>454.25</ele></trkpt>
   <trkpt lat="48.889509" lon="10.476186"><ele>452.25</ele></trkpt>
   <trkpt lat="48.889374" lon="10.476585"><ele>449.25</ele></trkpt>
   <trkpt lat="48.88951" lon="10.476719"><ele>448.75</ele></trkpt>
   <trkpt lat="48.889595" lon="10.476787"><ele>448.75</ele></trkpt>
   <trkpt lat="48.889662" lon="10.476827"><ele>449</ele></trkpt>
   <trkpt lat="48.889822" lon="10.476888"><ele>448.75</ele></trkpt>
   <trkpt lat="48.890025" lon="10.476927"><ele>448</ele></trkpt>
   <trkpt lat="48.890309" lon="10.476951"><ele>447.75</ele></trkpt>
   <trkpt lat="48.890652" lon="10.476993"><ele>446.75</ele></trkpt>
   <trkpt lat="48.890931" lon="10.477051"><ele>446.25</ele></trkpt>
   <trkpt lat="48.891301" lon="10.477151"><ele>444</ele></trkpt>
   <trkpt lat="48.891333" lon="10.477158"><ele>444</ele></trkpt>
   <trkpt lat="48.891833" lon="10.477329"><ele>443</ele></trkpt>
   <trkpt lat="48.892532" lon="10.477556"><ele>441.5</ele></trkpt>
   <trkpt lat="48.892854" lon="10.477649"><ele>440.5</ele></trkpt>
   <trkpt lat="48.892861" lon="10.477541"><ele>440.5</ele></trkpt>
   <trkpt lat="48.893517" lon="10.477714"><ele>439</ele></trkpt>
   <trkpt lat="48.89383" lon="10.477757"><ele>438.25</ele></trkpt>
   <trkpt lat="48.894429" lon="10.477838"><ele>436.75</ele></trkpt>
   <trkpt lat="48.895253" lon="10.477898"><ele>434</ele></trkpt>
   <trkpt lat="48.895572" lon="10.477905"><ele>432.75</ele></trkpt>
   <trkpt lat="48.897106" lon="10.477877"><ele>428.5</ele></trkpt>
   <trkpt lat="48.897298" lon="10.477917"><ele>428.25</ele></trkpt>
   <trkpt lat="48.89742" lon="10.477971"><ele>428</ele></trkpt>
   <trkpt lat="48.897546" lon="10.478054"><ele>427.75</ele></trkpt>
   <trkpt lat="48.89763" lon="10.478136"><ele>427.5</ele></trkpt>
   <trkpt lat="48.897777" lon="10.478337"><ele>428</ele></trkpt>
   <trkpt lat="48.897867" lon="10.478575"><ele>428</ele></trkpt>
   <trkpt lat="48.897902" lon="10.478715"><ele>429</ele></trkpt>
   <trkpt lat="48.89786" lon="10.478781"><ele>429.5</ele></trkpt>
   <trkpt lat="48.897895" lon="10.47903"><ele>429.25</ele></trkpt>
   <trkpt lat="48.897909" lon="10.479183"><ele>428</ele></trkpt>
   <trkpt lat="48.898056" lon="10.479208"><ele>427</ele></trkpt>
   <trkpt lat="48.898187" lon="10.479195"><ele>427.25</ele></trkpt>
   <trkpt lat="48.898427" lon="10.479155"><ele>428</ele></trkpt>
   <trkpt lat="48.898501" lon="10.479183"><ele>427.75</ele></trkpt>
   <trkpt lat="48.898567" lon="10.479252"><ele>427.75</ele></trkpt>
   <trkpt lat="48.898622" lon="10.479365"><ele>427.75</ele></trkpt>
   <trkpt lat="48.898667" lon="10.479537"><ele>427.5</ele></trkpt>
   <trkpt lat="48.898941" lon="10.481466"><ele>427.75</ele></trkpt>
   <trkpt lat="48.899038" lon="10.482346"><ele>427.5</ele></trkpt>
   <trkpt lat="48.899181" lon="10.483892"><ele>427</ele></trkpt>
   <trkpt lat="48.899239" lon="10.485178"><ele>427.25</ele></trkpt>
   <trkpt lat="48.89926" lon="10.485738"><ele>427.75</ele></trkpt>
   <trkpt lat="48.899352" lon="10.485753"><ele>427.75</ele></trkpt>
   <trkpt lat="48.8997" lon="10.485715"><ele>429.75</ele></trkpt>
   <trkpt lat="48.899942" lon="10.485649"><ele>430.75</ele></trkpt>
   <trkpt lat="48.900133" lon="10.48563"><ele>431.75</ele></trkpt>
   <trkpt lat="48.900283" lon="10.485578"><ele>433</ele></trkpt>
   <trkpt lat="48.900327" lon="10.485574"><ele>433.25</ele></trkpt>
   <trkpt lat="48.900366" lon="10.485571"><ele>433.25</ele></trkpt>
   <trkpt lat="48.900689" lon="10.485566"><ele>434.25</ele></trkpt>
   <trkpt lat="48.900953" lon="10.485647"><ele>435.25</ele></trkpt>
   <trkpt lat="48.901123" lon="10.485689"><ele>436</ele></trkpt>
   <trkpt lat="48.901452" lon="10.485712"><ele>437</ele></trkpt>
   <trkpt lat="48.901361" lon="10.486612"><ele>436.75</ele></trkpt>
   <trkpt lat="48.901347" lon="10.486795"><ele>436.75</ele></trkpt>
   <trkpt lat="48.90131" lon="10.487065"><ele>436.75</ele></trkpt>
   <trkpt lat="48.901249" lon="10.487406"><ele>437</ele></trkpt>
   <trkpt lat="48.901196" lon="10.487623"><ele>437</ele></trkpt>
   <trkpt lat="48.901125" lon="10.487845"><ele>437</ele></trkpt>
   <trkpt lat="48.901043" lon="10.488052"><ele>436.75</ele></trkpt>
   <trkpt lat="48.900746" lon="10.48886"><ele>435.5</ele></trkpt>
   <trkpt lat="48.900873" lon="10.488884"><ele>436</ele></trkpt>
   <trkpt lat="48.901043" lon="10.488874"><ele>436</ele></trkpt>
   <trkpt lat="48.901025" lon="10.489568"><ele>435.75</ele></trkpt>
   <trkpt lat="48.90099" lon="10.492539"><ele>434.75</ele></trkpt>
   <trkpt lat="48.901318" lon="10.492554"><ele>435</ele></trkpt>
   <trkpt lat="48.901453" lon="10.492609"><ele>435</ele></trkpt>
   <trkpt lat="48.901551" lon="10.492609"><ele>435</ele></trkpt>
   <trkpt lat="48.901725" lon="10.492591"><ele>435</ele></trkpt>
   <trkpt lat="48.903222" lon="10.492517"><ele>433</ele></trkpt>
   <trkpt lat="48.904227" lon="10.492356"><ele>432.5</ele></trkpt>
   <trkpt lat="48.904393" lon="10.492335"><ele>432.75</ele></trkpt>
   <trkpt lat="48.904498" lon="10.492397"><ele>433</ele></trkpt>
   <trkpt lat="48.904797" lon="10.492354"><ele>433.5</ele></trkpt>
   <trkpt lat="48.905192" lon="10.492358"><ele>434</ele></trkpt>
   <trkpt lat="48.905686" lon="10.492411"><ele>434.5</ele></trkpt>
   <trkpt lat="48.906192" lon="10.492483"><ele>435</ele></trkpt>
   <trkpt lat="48.906793" lon="10.492566"><ele>434.75</ele></trkpt>
   <trkpt lat="48.907229" lon="10.492575"><ele>434.5</ele></trkpt>
   <trkpt lat="48.907812" lon="10.492541"><ele>433</ele></trkpt>
   <trkpt lat="48.909538" lon="10.49223"><ele>430.5</ele></trkpt>
   <trkpt lat="48.909611" lon="10.492195"><ele>430.25</ele></trkpt>
   <trkpt lat="48.90968" lon="10.492171"><ele>430</ele></trkpt>
   <trkpt lat="48.911508" lon="10.491942"><ele>428.75</ele></trkpt>
   <trkpt lat="48.912361" lon="10.491815"><ele>428.25</ele></trkpt>
   <trkpt lat="48.913211" lon="10.4917"><ele>428</ele></trkpt>
   <trkpt lat="48.914351" lon="10.491531"><ele>426</ele></trkpt>
   <trkpt lat="48.914659" lon="10.491508"><ele>426</ele></trkpt>
   <trkpt lat="48.91494" lon="10.491526"><ele>425.5</ele></trkpt>
   <trkpt lat="48.915079" lon="10.49156"><ele>425.5</ele></trkpt>
   <trkpt lat="48.91561" lon="10.49177"><ele>425.25</ele></trkpt>
   <trkpt lat="48.915964" lon="10.491944"><ele>425.5</ele></trkpt>
   <trkpt lat="48.916255" lon="10.492066"><ele>425.25</ele></trkpt>
   <trkpt lat="48.916555" lon="10.492167"><ele>425.75</ele></trkpt>
   <trkpt lat="48.917221" lon="10.492292"><ele>426.25</ele></trkpt>
   <trkpt lat="48.91892" lon="10.492438"><ele>427.75</ele></trkpt>
   <trkpt lat="48.920261" lon="10.492499"><ele>432.75</ele></trkpt>
   <trkpt lat="48.921198" lon="10.492454"><ele>436.75</ele></trkpt>
   <trkpt lat="48.921884" lon="10.492512"><ele>438.75</ele></trkpt>
   <trkpt lat="48.92245" lon="10.492636"><ele>441.25</ele></trkpt>
   <trkpt lat="48.922555" lon="10.492606"><ele>441.75</ele></trkpt>
   <trkpt lat="48.922626" lon="10.492561"><ele>442.25</ele></trkpt>
   <trkpt lat="48.922709" lon="10.492558"><ele>442.25</ele></trkpt>
   <trkpt lat="48.922808" lon="10.492622"><ele>441.5</ele></trkpt>
   <trkpt lat="48.922852" lon="10.492686"><ele>440.75</ele></trkpt>
   <trkpt lat="48.922966" lon="10.492754"><ele>440</ele></trkpt>
   <trkpt lat="48.923194" lon="10.492823"><ele>438.75</ele></trkpt>
   <trkpt lat="48.923902" lon="10.492972"><ele>434.5</ele></trkpt>
   <trkpt lat="48.924153" lon="10.493045"><ele>434</ele></trkpt>
   <trkpt lat="48.92459" lon="10.493228"><ele>432.75</ele></trkpt>
   <trkpt lat="48.925568" lon="10.493739"><ele>430.75</ele></trkpt>
   <trkpt lat="48.92565" lon="10.493785"><ele>430.75</ele></trkpt>
   <trkpt lat="48.925863" lon="10.493905"><ele>429.75</ele></trkpt>
   <trkpt lat="48.926314" lon="10.494157"><ele>429</ele></trkpt>
   <trkpt lat="48.926581" lon="10.494306"><ele>428.25</ele></trkpt>
   <trkpt lat="48.926883" lon="10.494413"><ele>428</ele></trkpt>
   <trkpt lat="48.92726" lon="10.494451"><ele>428</ele></trkpt>
   <trkpt lat="48.92805" lon="10.494355"><ele>428</ele></trkpt>
   <trkpt lat="48.928141" lon="10.494413"><ele>428</ele></trkpt>
   <trkpt lat="48.928244" lon="10.494347"><ele>428</ele></trkpt>
   <trkpt lat="48.928265" lon="10.494185"><ele>427.75</ele></trkpt>
   <trkpt lat="48.928258" lon="10.493757"><ele>428</ele></trkpt>
   <trkpt lat="48.928302" lon="10.493511"><ele>428</ele></trkpt>
   <trkpt lat="48.928337" lon="10.493393"><ele>428</ele></trkpt>
   <trkpt lat="48.928468" lon="10.492966"><ele>428</ele></trkpt>
   <trkpt lat="48.928518" lon="10.492809"><ele>428.25</ele></trkpt>
   <trkpt lat="48.92864" lon="10.492384"><ele>428.25</ele></trkpt>
   <trkpt lat="48.928689" lon="10.492233"><ele>428.5</ele></trkpt>
   <trkpt lat="48.928752" lon="10.492025"><ele>428.25</ele></trkpt>
   <trkpt lat="48.928826" lon="10.491581"><ele>429.25</ele></trkpt>
   <trkpt lat="48.928853" lon="10.491284"><ele>429.25</ele></trkpt>
   <trkpt lat="48.928862" lon="10.491186"><ele>429</ele></trkpt>
   <trkpt lat="48.928863" lon="10.491161"><ele>429</ele></trkpt>
   <trkpt lat="48.928866" lon="10.491104"><ele>429</ele></trkpt>
   <trkpt lat="48.928867" lon="10.491084"><ele>429.25</ele></trkpt>
   <trkpt lat="48.928871" lon="10.49104"><ele>429.25</ele></trkpt>
   <trkpt lat="48.929024" lon="10.491065"><ele>428.5</ele></trkpt>
   <trkpt lat="48.929103" lon="10.491124"><ele>428</ele></trkpt>
   <trkpt lat="48.929338" lon="10.491392"><ele>428</ele></trkpt>
   <trkpt lat="48.929405" lon="10.491474"><ele>428.25</ele></trkpt>
   <trkpt lat="48.929451" lon="10.49153"><ele>428.5</ele></trkpt>
   <trkpt lat="48.9295" lon="10.491434"><ele>429.5</ele></trkpt>
   <trkpt lat="48.929546" lon="10.491342"><ele>430.75</ele></trkpt>
   <trkpt lat="48.929581" lon="10.490949"><ele>431</ele></trkpt>
   <trkpt lat="48.929632" lon="10.490703"><ele>430.75</ele></trkpt>
   <trkpt lat="48.929693" lon="10.49054"><ele>429.5</ele></trkpt>
   <trkpt lat="48.92977" lon="10.490451"><ele>431.25</ele></trkpt>
   <trkpt lat="48.930128" lon="10.489618"><ele>433.75</ele></trkpt>
   <trkpt lat="48.930326" lon="10.489331"><ele>432.5</ele></trkpt>
   <trkpt lat="48.930572" lon="10.489073"><ele>432</ele></trkpt>
   <trkpt lat="48.930907" lon="10.488767"><ele>432.25</ele></trkpt>
   <trkpt lat="48.931995" lon="10.488279"><ele>435.75</ele></trkpt>
   <trkpt lat="48.932126" lon="10.488227"><ele>436.5</ele></trkpt>
   <trkpt lat="48.932244" lon="10.488147"><ele>435.25</ele></trkpt>
   <trkpt lat="48.932554" lon="10.487868"><ele>432.5</ele></trkpt>
   <trkpt lat="48.933193" lon="10.487034"><ele>432.25</ele></trkpt>
   <trkpt lat="48.933457" lon="10.486647"><ele>433</ele></trkpt>
   <trkpt lat="48.933689" lon="10.48624"><ele>433</ele></trkpt>
   <trkpt lat="48.934069" lon="10.48541"><ele>431.75</ele></trkpt>
   <trkpt lat="48.934127" lon="10.485298"><ele>431.75</ele></trkpt>
   <trkpt lat="48.93412" lon="10.485112"><ele>431</ele></trkpt>
   <trkpt lat="48.934091" lon="10.484968"><ele>430.5</ele></trkpt>
   <trkpt lat="48.934032" lon="10.484811"><ele>430</ele></trkpt>
   <trkpt lat="48.933944" lon="10.484629"><ele>430.25</ele></trkpt>
   <trkpt lat="48.93386" lon="10.484492"><ele>430.75</ele></trkpt>
   <trkpt lat="48.933794" lon="10.48439"><ele>431.25</ele></trkpt>
   <trkpt lat="48.933756" lon="10.484302"><ele>431.5</ele></trkpt>
   <trkpt lat="48.933726" lon="10.484145"><ele>432</ele></trkpt>
   <trkpt lat="48.933699" lon="10.483961"><ele>432.75</ele></trkpt>
   <trkpt lat="48.934232" lon="10.483202"><ele>436.75</ele></trkpt>
   <trkpt lat="48.934936" lon="10.482356"><ele>436</ele></trkpt>
   <trkpt lat="48.935024" lon="10.482205"><ele>437.5</ele></trkpt>
   <trkpt lat="48.935054" lon="10.482067"><ele>438.25</ele></trkpt>
   <trkpt lat="48.935105" lon="10.481867"><ele>439.25</ele></trkpt>
   <trkpt lat="48.935121" lon="10.481817"><ele>439.25</ele></trkpt>
   <trkpt lat="48.935217" lon="10.481674"><ele>439.25</ele></trkpt>
   <trkpt lat="48.936151" lon="10.481247"><ele>436.75</ele></trkpt>
   <trkpt lat="48.93686" lon="10.480852"><ele>436.25</ele></trkpt>
   <trkpt lat="48.936933" lon="10.480799"><ele>436.25</ele></trkpt>
   <trkpt lat="48.937099" lon="10.480647"><ele>436.25</ele></trkpt>
   <trkpt lat="48.937189" lon="10.48054"><ele>435.5</ele></trkpt>
   <trkpt lat="48.937359" lon="10.480308"><ele>435.5</ele></trkpt>
   <trkpt lat="48.937487" lon="10.480048"><ele>434.75</ele></trkpt>
   <trkpt lat="48.937531" lon="10.479907"><ele>435</ele></trkpt>
   <trkpt lat="48.937547" lon="10.479739"><ele>435.5</ele></trkpt>
   <trkpt lat="48.937531" lon="10.4796"><ele>435.75</ele></trkpt>
   <trkpt lat="48.937463" lon="10.479346"><ele>436.25</ele></trkpt>
   <trkpt lat="48.937459" lon="10.479248"><ele>436.25</ele></trkpt>
   <trkpt lat="48.93769" lon="10.479237"><ele>435</ele></trkpt>
   <trkpt lat="48.937863" lon="10.479185"><ele>434.5</ele></trkpt>
   <trkpt lat="48.938106" lon="10.479027"><ele>434.25</ele></trkpt>
   <trkpt lat="48.93826" lon="10.478894"><ele>434</ele></trkpt>
   <trkpt lat="48.938322" lon="10.478807"><ele>434.25</ele></trkpt>
   <trkpt lat="48.938162" lon="10.478043"><ele>436</ele></trkpt>
   <trkpt lat="48.938121" lon="10.477749"><ele>436.25</ele></trkpt>
   <trkpt lat="48.938111" lon="10.477541"><ele>436.25</ele></trkpt>
   <trkpt lat="48.93813" lon="10.477293"><ele>436.5</ele></trkpt>
   <trkpt lat="48.938183" lon="10.47695"><ele>436.75</ele></trkpt>
   <trkpt lat="48.938325" lon="10.476119"><ele>437.75</ele></trkpt>
   <trkpt lat="48.938402" lon="10.475418"><ele>438</ele></trkpt>
   <trkpt lat="48.938405" lon="10.474219"><ele>439.25</ele></trkpt>
   <trkpt lat="48.938425" lon="10.473851"><ele>438.75</ele></trkpt>
   <trkpt lat="48.938483" lon="10.47352"><ele>439.5</ele></trkpt>
   <trkpt lat="48.938541" lon="10.473258"><ele>439.75</ele></trkpt>
   <trkpt lat="48.938692" lon="10.472882"><ele>440.5</ele></trkpt>
   <trkpt lat="48.939324" lon="10.471407"><ele>444.25</ele></trkpt>
   <trkpt lat="48.9396" lon="10.470763"><ele>444.5</ele></trkpt>
   <trkpt lat="48.939746" lon="10.470424"><ele>444.75</ele></trkpt>
   <trkpt lat="48.940308" lon="10.469607"><ele>445.5</ele></trkpt>
   <trkpt lat="48.940328" lon="10.469578"><ele>445.5</ele></trkpt>
   <trkpt lat="48.940587" lon="10.469184"><ele>446</ele></trkpt>
   <trkpt lat="48.940687" lon="10.46896"><ele>446</ele></trkpt>
   <trkpt lat="48.941478" lon="10.466722"><ele>448.25</ele></trkpt>
   <trkpt lat="48.941645" lon="10.466357"><ele>448.75</ele></trkpt>
   <trkpt lat="48.941762" lon="10.466126"><ele>450</ele></trkpt>
   <trkpt lat="48.941992" lon="10.46573"><ele>449.75</ele></trkpt>
   <trkpt lat="48.942096" lon="10.465583"><ele>449.5</ele></trkpt>
   <trkpt lat="48.942198" lon="10.465368"><ele>449.75</ele></trkpt>
   <trkpt lat="48.942359" lon="10.465518"><ele>450</ele></trkpt>
   <trkpt lat="48.942564" lon="10.465691"><ele>450.25</ele></trkpt>
   <trkpt lat="48.942653" lon="10.465763"><ele>450.5</ele></trkpt>
   <trkpt lat="48.942876" lon="10.465912"><ele>450.75</ele></trkpt>
   <trkpt lat="48.943028" lon="10.46597"><ele>450.5</ele></trkpt>
   <trkpt lat="48.943167" lon="10.466011"><ele>450.75</ele></trkpt>
   <trkpt lat="48.943606" lon="10.466023"><ele>451.5</ele></trkpt>
   <trkpt lat="48.943726" lon="10.466021"><ele>452</ele></trkpt>
   <trkpt lat="48.943877" lon="10.466006"><ele>452.5</ele></trkpt>
   <trkpt lat="48.94413" lon="10.465977"><ele>453.75</ele></trkpt>
   <trkpt lat="48.944277" lon="10.465965"><ele>454.75</ele></trkpt>
   <trkpt lat="48.944703" lon="10.465927"><ele>457.75</ele></trkpt>
   <trkpt lat="48.944718" lon="10.465927"><ele>457.75</ele></trkpt>
   <trkpt lat="48.944762" lon="10.465917"><ele>458.25</ele></trkpt>
   <trkpt lat="48.944877" lon="10.465906"><ele>459.25</ele></trkpt>
   <trkpt lat="48.945244" lon="10.46588"><ele>461.75</ele></trkpt>
   <trkpt lat="48.945586" lon="10.465945"><ele>463.5</ele></trkpt>
   <trkpt lat="48.945845" lon="10.466125"><ele>465</ele></trkpt>
   <trkpt lat="48.946182" lon="10.466388"><ele>468.25</ele></trkpt>
   <trkpt lat="48.946203" lon="10.466412"><ele>468.25</ele></trkpt>
   <trkpt lat="48.946385" lon="10.466624"><ele>468.75</ele></trkpt>
   <trkpt lat="48.946745" lon="10.467034"><ele>467.75</ele></trkpt>
   <trkpt lat="48.947116" lon="10.467345"><ele>465.5</ele></trkpt>
   <trkpt lat="48.948259" lon="10.468185"><ele>457</ele></trkpt>
   <trkpt lat="48.948522" lon="10.46842"><ele>456.5</ele></trkpt>
   <trkpt lat="48.950468" lon="10.470438"><ele>457.5</ele></trkpt>
   <trkpt lat="48.95125" lon="10.471114"><ele>453.25</ele></trkpt>
   <trkpt lat="48.951434" lon="10.471255"><ele>452.25</ele></trkpt>
   <trkpt lat="48.951629" lon="10.471361"><ele>451.25</ele></trkpt>
   <trkpt lat="48.951813" lon="10.471408"><ele>450.25</ele></trkpt>
   <trkpt lat="48.952002" lon="10.471429"><ele>449.75</ele></trkpt>
   <trkpt lat="48.952161" lon="10.471398"><ele>449</ele></trkpt>
   <trkpt lat="48.952339" lon="10.47134"><ele>448.25</ele></trkpt>
   <trkpt lat="48.952568" lon="10.471237"><ele>446.5</ele></trkpt>
   <trkpt lat="48.953249" lon="10.471004"><ele>441.5</ele></trkpt>
   <trkpt lat="48.953361" lon="10.471001"><ele>441</ele></trkpt>
   <trkpt lat="48.953444" lon="10.471027"><ele>441</ele></trkpt>
   <trkpt lat="48.953514" lon="10.471082"><ele>441</ele></trkpt>
   <trkpt lat="48.95358" lon="10.471187"><ele>440.5</ele></trkpt>
   <trkpt lat="48.953633" lon="10.471367"><ele>440</ele></trkpt>
   <trkpt lat="48.953673" lon="10.471897"><ele>440</ele></trkpt>
   <trkpt lat="48.954012" lon="10.471892"><ele>440.5</ele></trkpt>
   <trkpt lat="48.954051" lon="10.4719"><ele>440.75</ele></trkpt>
   <trkpt lat="48.954108" lon="10.471913"><ele>440.75</ele></trkpt>
   <trkpt lat="48.954302" lon="10.472019"><ele>441.75</ele></trkpt>
   <trkpt lat="48.954397" lon="10.472045"><ele>442.25</ele></trkpt>
   <trkpt lat="48.954542" lon="10.472024"><ele>443</ele></trkpt>
   <trkpt lat="48.954836" lon="10.471902"><ele>444.5</ele></trkpt>
   <trkpt lat="48.955168" lon="10.471739"><ele>445.5</ele></trkpt>
   <trkpt lat="48.955296" lon="10.471649"><ele>445.75</ele></trkpt>
   <trkpt lat="48.955417" lon="10.471488"><ele>446</ele></trkpt>
   <trkpt lat="48.955727" lon="10.471114"><ele>446.75</ele></trkpt>
   <trkpt lat="48.95601" lon="10.470814"><ele>446.25</ele></trkpt>
   <trkpt lat="48.956595" lon="10.470532"><ele>446</ele></trkpt>
   <trkpt lat="48.957109" lon="10.470342"><ele>445</ele></trkpt>
   <trkpt lat="48.957712" lon="10.470196"><ele>443.75</ele></trkpt>
   <trkpt lat="48.958253" lon="10.470171"><ele>442.25</ele></trkpt>
   <trkpt lat="48.958684" lon="10.470099"><ele>440.25</ele></trkpt>
   <trkpt lat="48.959171" lon="10.469891"><ele>438.25</ele></trkpt>
   <trkpt lat="48.959237" lon="10.469839"><ele>438.5</ele></trkpt>
   <trkpt lat="48.959354" lon="10.469727"><ele>438.75</ele></trkpt>
   <trkpt lat="48.959521" lon="10.469524"><ele>439.25</ele></trkpt>
   <trkpt lat="48.959821" lon="10.469049"><ele>440.75</ele></trkpt>
   <trkpt lat="48.960191" lon="10.468483"><ele>443.25</ele></trkpt>
   <trkpt lat="48.96097" lon="10.467212"><ele>449</ele></trkpt>
   <trkpt lat="48.961213" lon="10.466864"><ele>451</ele></trkpt>
   <trkpt lat="48.961425" lon="10.466606"><ele>451.5</ele></trkpt>
   <trkpt lat="48.961694" lon="10.466324"><ele>453.25</ele></trkpt>
   <trkpt lat="48.961949" lon="10.466081"><ele>454</ele></trkpt>
   <trkpt lat="48.962484" lon="10.465649"><ele>456.75</ele></trkpt>
   <trkpt lat="48.962921" lon="10.465307"><ele>458.5</ele></trkpt>
   <trkpt lat="48.964284" lon="10.464214"><ele>457.5</ele></trkpt>
   <trkpt lat="48.965844" lon="10.462975"><ele>452.5</ele></trkpt>
   <trkpt lat="48.966414" lon="10.462462"><ele>452</ele></trkpt>
   <trkpt lat="48.966755" lon="10.462087"><ele>453</ele></trkpt>
   <trkpt lat="48.967871" lon="10.460717"><ele>455.25</ele></trkpt>
   <trkpt lat="48.968537" lon="10.459902"><ele>454.5</ele></trkpt>
   <trkpt lat="48.968739" lon="10.459632"><ele>454</ele></trkpt>
   <trkpt lat="48.968866" lon="10.459396"><ele>454</ele></trkpt>
   <trkpt lat="48.968997" lon="10.459104"><ele>453.5</ele></trkpt>
   <trkpt lat="48.969191" lon="10.458617"><ele>453.75</ele></trkpt>
   <trkpt lat="48.96934" lon="10.458239"><ele>453.5</ele></trkpt>
   <trkpt lat="48.969856" lon="10.456931"><ele>451.5</ele></trkpt>
   <trkpt lat="48.969961" lon="10.456661"><ele>450.5</ele></trkpt>
   <trkpt lat="48.970038" lon="10.45651"><ele>450.25</ele></trkpt>
   <trkpt lat="48.970072" lon="10.45646"><ele>450.25</ele></trkpt>
   <trkpt lat="48.970115" lon="10.456423"><ele>450</ele></trkpt>
   <trkpt lat="48.970189" lon="10.456393"><ele>449.5</ele></trkpt>
   <trkpt lat="48.970218" lon="10.456497"><ele>449.25</ele></trkpt>
   <trkpt lat="48.970263" lon="10.456596"><ele>449</ele></trkpt>
   <trkpt lat="48.970297" lon="10.456652"><ele>448.75</ele></trkpt>
   <trkpt lat="48.97067" lon="10.457124"><ele>446.5</ele></trkpt>
   <trkpt lat="48.970944" lon="10.457382"><ele>445.5</ele></trkpt>
   <trkpt lat="48.971033" lon="10.457467"><ele>445.25</ele></trkpt>
   <trkpt lat="48.97108" lon="10.457511"><ele>445</ele></trkpt>
   <trkpt lat="48.971261" lon="10.457633"><ele>445</ele></trkpt>
   <trkpt lat="48.971394" lon="10.457722"><ele>444.75</ele></trkpt>
   <trkpt lat="48.971515" lon="10.457804"><ele>444.75</ele></trkpt>
   <trkpt lat="48.971741" lon="10.45795"><ele>444.75</ele></trkpt>
   <trkpt lat="48.971811" lon="10.457988"><ele>444.5</ele></trkpt>
   <trkpt lat="48.971922" lon="10.458049"><ele>444.75</ele></trkpt>
   <trkpt lat="48.971935" lon="10.458055"><ele>444.75</ele></trkpt>
   <trkpt lat="48.972084" lon="10.457702"><ele>444</ele></trkpt>
   <trkpt lat="48.972266" lon="10.457301"><ele>443.5</ele></trkpt>
   <trkpt lat="48.972538" lon="10.456821"><ele>444</ele></trkpt>
   <trkpt lat="48.972799" lon="10.456461"><ele>444.25</ele></trkpt>
   <trkpt lat="48.973099" lon="10.456029"><ele>445</ele></trkpt>
   <trkpt lat="48.973381" lon="10.455705"><ele>445.75</ele></trkpt>
   <trkpt lat="48.974024" lon="10.455124"><ele>446.5</ele></trkpt>
   <trkpt lat="48.974522" lon="10.454774"><ele>446.25</ele></trkpt>
   <trkpt lat="48.975038" lon="10.454509"><ele>447.25</ele></trkpt>
   <trkpt lat="48.974959" lon="10.454114"><ele>445.5</ele></trkpt>
   <trkpt lat="48.974935" lon="10.453953"><ele>445</ele></trkpt>
   <trkpt lat="48.974929" lon="10.453891"><ele>445</ele></trkpt>
   <trkpt lat="48.974925" lon="10.453733"><ele>445.5</ele></trkpt>
   <trkpt lat="48.974929" lon="10.452881"><ele>446</ele></trkpt>
   <trkpt lat="48.974951" lon="10.452094"><ele>447</ele></trkpt>
   <trkpt lat="48.975081" lon="10.452088"><ele>447</ele></trkpt>
   <trkpt lat="48.975577" lon="10.452102"><ele>447.25</ele></trkpt>
   <trkpt lat="48.97582" lon="10.452122"><ele>447.25</ele></trkpt>
   <trkpt lat="48.976011" lon="10.452127"><ele>447.25</ele></trkpt>
   <trkpt lat="48.976112" lon="10.452167"><ele>447</ele></trkpt>
   <trkpt lat="48.976227" lon="10.452193"><ele>447</ele></trkpt>
   <trkpt lat="48.976532" lon="10.452186"><ele>447</ele></trkpt>
   <trkpt lat="48.976611" lon="10.452158"><ele>447</ele></trkpt>
   <trkpt lat="48.976814" lon="10.452031"><ele>447</ele></trkpt>
   <trkpt lat="48.977306" lon="10.451465"><ele>448.25</ele></trkpt>
   <trkpt lat="48.977662" lon="10.450971"><ele>448.5</ele></trkpt>
   <trkpt lat="48.978079" lon="10.450298"><ele>448.75</ele></trkpt>
   <trkpt lat="48.978136" lon="10.450207"><ele>448.75</ele></trkpt>
   <trkpt lat="48.978453" lon="10.449594"><ele>448.75</ele></trkpt>
   <trkpt lat="48.978953" lon="10.447788"><ele>450.25</ele></trkpt>
   <trkpt lat="48.979128" lon="10.447186"><ele>450.25</ele></trkpt>
   <trkpt lat="48.979477" lon="10.446491"><ele>450.25</ele></trkpt>
   <trkpt lat="48.981108" lon="10.443425"><ele>450</ele></trkpt>
   <trkpt lat="48.981328" lon="10.443184"><ele>450</ele></trkpt>
   <trkpt lat="48.981474" lon="10.442855"><ele>450.5</ele></trkpt>
   <trkpt lat="48.982024" lon="10.441419"><ele>451</ele></trkpt>
   <trkpt lat="48.982372" lon="10.44077"><ele>451.5</ele></trkpt>
   <trkpt lat="48.982671" lon="10.440407"><ele>451.75</ele></trkpt>
   <trkpt lat="48.983773" lon="10.439299"><ele>452.25</ele></trkpt>
   <trkpt lat="48.984028" lon="10.438957"><ele>452.5</ele></trkpt>
   <trkpt lat="48.984245" lon="10.438621"><ele>453.25</ele></trkpt>
   <trkpt lat="48.984458" lon="10.438176"><ele>453</ele></trkpt>
   <trkpt lat="48.984668" lon="10.437648"><ele>453.75</ele></trkpt>
   <trkpt lat="48.984657" lon="10.437552"><ele>454.25</ele></trkpt>
   <trkpt lat="48.984442" lon="10.43736"><ele>454.5</ele></trkpt>
   <trkpt lat="48.984361" lon="10.437261"><ele>455</ele></trkpt>
   <trkpt lat="48.983712" lon="10.436897"><ele>458.5</ele></trkpt>
   <trkpt lat="48.983763" lon="10.436669"><ele>458.75</ele></trkpt>
   <trkpt lat="48.98428" lon="10.435362"><ele>459.25</ele></trkpt>
   <trkpt lat="48.984542" lon="10.434784"><ele>459.5</ele></trkpt>
   <trkpt lat="48.985097" lon="10.43395"><ele>458</ele></trkpt>
   <trkpt lat="48.985741" lon="10.43336"><ele>456.75</ele></trkpt>
   <trkpt lat="48.986416" lon="10.432599"><ele>460</ele></trkpt>
   <trkpt lat="48.986885" lon="10.431923"><ele>462</ele></trkpt>
   <trkpt lat="48.987158" lon="10.431344"><ele>462.25</ele></trkpt>
   <trkpt lat="48.987499" lon="10.430323"><ele>464.5</ele></trkpt>
   <trkpt lat="48.987662" lon="10.429718"><ele>465.25</ele></trkpt>
   <trkpt lat="48.987818" lon="10.428674"><ele>467.5</ele></trkpt>
   <trkpt lat="48.987798" lon="10.428541"><ele>467.75</ele></trkpt>
   <trkpt lat="48.987934" lon="10.427679"><ele>469</ele></trkpt>
   <trkpt lat="48.988054" lon="10.426916"><ele>470</ele></trkpt>
   <trkpt lat="48.98811" lon="10.426853"><ele>469.75</ele></trkpt>
   <trkpt lat="48.988242" lon="10.426168"><ele>470.25</ele></trkpt>
   <trkpt lat="48.988464" lon="10.425394"><ele>470.75</ele></trkpt>
   <trkpt lat="48.988656" lon="10.424786"><ele>471.25</ele></trkpt>
   <trkpt lat="48.988825" lon="10.424369"><ele>472.25</ele></trkpt>
   <trkpt lat="48.988898" lon="10.42419"><ele>471.75</ele></trkpt>
   <trkpt lat="48.989339" lon="10.42334"><ele>472.25</ele></trkpt>
   <trkpt lat="48.989829" lon="10.422631"><ele>473</ele></trkpt>
   <trkpt lat="48.990425" lon="10.422013"><ele>475.5</ele></trkpt>
   <trkpt lat="48.990819" lon="10.421582"><ele>477.25</ele></trkpt>
   <trkpt lat="48.991456" lon="10.421016"><ele>481</ele></trkpt>
   <trkpt lat="48.991691" lon="10.420855"><ele>481.25</ele></trkpt>
   <trkpt lat="48.991838" lon="10.420703"><ele>480.5</ele></trkpt>
   <trkpt lat="48.99195" lon="10.420531"><ele>482.75</ele></trkpt>
   <trkpt lat="48.99252" lon="10.419886"><ele>479</ele></trkpt>
   <trkpt lat="48.992734" lon="10.419576"><ele>478.75</ele></trkpt>
   <trkpt lat="48.993173" lon="10.418915"><ele>476</ele></trkpt>
   <trkpt lat="48.99353" lon="10.418312"><ele>476.25</ele></trkpt>
   <trkpt lat="48.993763" lon="10.417843"><ele>476</ele></trkpt>
   <trkpt lat="48.994393" lon="10.416578"><ele>474</ele></trkpt>
   <trkpt lat="48.994584" lon="10.416232"><ele>473.75</ele></trkpt>
   <trkpt lat="48.994807" lon="10.415852"><ele>473.25</ele></trkpt>
   <trkpt lat="48.995134" lon="10.415376"><ele>472.25</ele></trkpt>
   <trkpt lat="48.995328" lon="10.415136"><ele>471.75</ele></trkpt>
   <trkpt lat="48.995521" lon="10.414913"><ele>469.25</ele></trkpt>
   <trkpt lat="48.995708" lon="10.414724"><ele>467</ele></trkpt>
   <trkpt lat="48.99588" lon="10.414569"><ele>465.25</ele></trkpt>
   <trkpt lat="48.996471" lon="10.414182"><ele>465.25</ele></trkpt>
   <trkpt lat="48.996746" lon="10.414034"><ele>463.75</ele></trkpt>
   <trkpt lat="48.9971" lon="10.413901"><ele>461.25</ele></trkpt>
   <trkpt lat="48.997529" lon="10.413794"><ele>458.75</ele></trkpt>
   <trkpt lat="48.998095" lon="10.413771"><ele>459</ele></trkpt>
   <trkpt lat="49.000045" lon="10.413738"><ele>456.25</ele></trkpt>
   <trkpt lat="49.000747" lon="10.413701"><ele>454.75</ele></trkpt>
   <trkpt lat="49.002435" lon="10.413689"><ele>454</ele></trkpt>
   <trkpt lat="49.002649" lon="10.413664"><ele>454.5</ele></trkpt>
   <trkpt lat="49.002813" lon="10.413627"><ele>454.75</ele></trkpt>
   <trkpt lat="49.002917" lon="10.413613"><ele>454.75</ele></trkpt>
   <trkpt lat="49.003535" lon="10.413594"><ele>456</ele></trkpt>
   <trkpt lat="49.00388" lon="10.41357"><ele>455.75</ele></trkpt>
   <trkpt lat="49.004727" lon="10.413562"><ele>456</ele></trkpt>
   <trkpt lat="49.005303" lon="10.413575"><ele>456</ele></trkpt>
   <trkpt lat="49.00569" lon="10.413619"><ele>455.75</ele></trkpt>
   <trkpt lat="49.007024" lon="10.413683"><ele>455.5</ele></trkpt>
   <trkpt lat="49.007506" lon="10.413649"><ele>454</ele></trkpt>
   <trkpt lat="49.0079" lon="10.413549"><ele>453.25</ele></trkpt>
   <trkpt lat="49.008096" lon="10.413462"><ele>452.75</ele></trkpt>
   <trkpt lat="49.008289" lon="10.413346"><ele>452</ele></trkpt>
   <trkpt lat="49.008399" lon="10.413261"><ele>452</ele></trkpt>
   <trkpt lat="49.00871" lon="10.413046"><ele>452</ele></trkpt>
   <trkpt lat="49.008883" lon="10.412957"><ele>452</ele></trkpt>
   <trkpt lat="49.009158" lon="10.412831"><ele>451</ele></trkpt>
   <trkpt lat="49.009383" lon="10.412681"><ele>450.75</ele></trkpt>
   <trkpt lat="49.009537" lon="10.412523"><ele>449.5</ele></trkpt>
   <trkpt lat="49.009662" lon="10.41236"><ele>449.5</ele></trkpt>
   <trkpt lat="49.009954" lon="10.411937"><ele>450</ele></trkpt>
   <trkpt lat="49.010133" lon="10.411727"><ele>450.75</ele></trkpt>
   <trkpt lat="49.010402" lon="10.411479"><ele>451.25</ele></trkpt>
   <trkpt lat="49.010625" lon="10.411281"><ele>451.25</ele></trkpt>
   <trkpt lat="49.01078" lon="10.411188"><ele>451.25</ele></trkpt>
   <trkpt lat="49.010925" lon="10.411175"><ele>451</ele></trkpt>
   <trkpt lat="49.011106" lon="10.41121"><ele>451</ele></trkpt>
   <trkpt lat="49.011322" lon="10.411305"><ele>451</ele></trkpt>
   <trkpt lat="49.011502" lon="10.411344"><ele>451</ele></trkpt>
   <trkpt lat="49.011687" lon="10.411334"><ele>450.75</ele></trkpt>
   <trkpt lat="49.011893" lon="10.411219"><ele>450</ele></trkpt>
   <trkpt lat="49.012037" lon="10.411053"><ele>450</ele></trkpt>
   <trkpt lat="49.012289" lon="10.410681"><ele>449.75</ele></trkpt>
   <trkpt lat="49.012409" lon="10.410718"><ele>449.25</ele></trkpt>
   <trkpt lat="49.012582" lon="10.410569"><ele>448.5</ele></trkpt>
   <trkpt lat="49.013144" lon="10.409797"><ele>447.25</ele></trkpt>
   <trkpt lat="49.013638" lon="10.409204"><ele>447.5</ele></trkpt>
   <trkpt lat="49.013682" lon="10.409073"><ele>447.25</ele></trkpt>
   <trkpt lat="49.013865" lon="10.408818"><ele>446.5</ele></trkpt>
   <trkpt lat="49.014288" lon="10.408178"><ele>447.25</ele></trkpt>
   <trkpt lat="49.017168" lon="10.403489"><ele>446.5</ele></trkpt>
   <trkpt lat="49.017724" lon="10.402572"><ele>446</ele></trkpt>
   <trkpt lat="49.017792" lon="10.402423"><ele>446</ele></trkpt>
   <trkpt lat="49.017997" lon="10.401764"><ele>446</ele></trkpt>
   <trkpt lat="49.018143" lon="10.401447"><ele>445.5</ele></trkpt>
   <trkpt lat="49.018153" lon="10.401337"><ele>445.75</ele></trkpt>
   <trkpt lat="49.018661" lon="10.40083"><ele>445.75</ele></trkpt>
   <trkpt lat="49.019423" lon="10.400134"><ele>444.5</ele></trkpt>
   <trkpt lat="49.020388" lon="10.399421"><ele>443.25</ele></trkpt>
   <trkpt lat="49.021217" lon="10.398892"><ele>443</ele></trkpt>
   <trkpt lat="49.021831" lon="10.398593"><ele>442.5</ele></trkpt>
   <trkpt lat="49.022955" lon="10.398118"><ele>443</ele></trkpt>
   <trkpt lat="49.023188" lon="10.398082"><ele>442.75</ele></trkpt>
   <trkpt lat="49.023201" lon="10.397943"><ele>443.25</ele></trkpt>
   <trkpt lat="49.023225" lon="10.397864"><ele>443.5</ele></trkpt>
   <trkpt lat="49.023251" lon="10.397751"><ele>443.75</ele></trkpt>
   <trkpt lat="49.023251" lon="10.39758"><ele>444</ele></trkpt>
   <trkpt lat="49.023224" lon="10.397486"><ele>444</ele></trkpt>
   <trkpt lat="49.023113" lon="10.397402"><ele>444.25</ele></trkpt>
   <trkpt lat="49.023018" lon="10.397351"><ele>444.5</ele></trkpt>
   <trkpt lat="49.022933" lon="10.397241"><ele>444.75</ele></trkpt>
   <trkpt lat="49.022886" lon="10.397133"><ele>445</ele></trkpt>
   <trkpt lat="49.02312" lon="10.396975"><ele>445</ele></trkpt>
   <trkpt lat="49.023919" lon="10.396662"><ele>446.75</ele></trkpt>
   <trkpt lat="49.024371" lon="10.396475"><ele>445.5</ele></trkpt>
   <trkpt lat="49.024839" lon="10.396225"><ele>444.75</ele></trkpt>
   <trkpt lat="49.02517" lon="10.396023"><ele>445</ele></trkpt>
   <trkpt lat="49.025251" lon="10.395966"><ele>445</ele></trkpt>
   <trkpt lat="49.025802" lon="10.395538"><ele>444.75</ele></trkpt>
   <trkpt lat="49.025992" lon="10.395418"><ele>444</ele></trkpt>
   <trkpt lat="49.0263" lon="10.395143"><ele>444</ele></trkpt>
   <trkpt lat="49.026695" lon="10.394741"><ele>444</ele></trkpt>
   <trkpt lat="49.026757" lon="10.394699"><ele>443.75</ele></trkpt>
   <trkpt lat="49.026743" lon="10.394618"><ele>443.75</ele></trkpt>
   <trkpt lat="49.027203" lon="10.394311"><ele>443</ele></trkpt>
   <trkpt lat="49.027503" lon="10.394161"><ele>441.75</ele></trkpt>
   <trkpt lat="49.027658" lon="10.394021"><ele>441.25</ele></trkpt>
   <trkpt lat="49.027764" lon="10.39386"><ele>440.75</ele></trkpt>
   <trkpt lat="49.027793" lon="10.393712"><ele>440.25</ele></trkpt>
   <trkpt lat="49.027817" lon="10.393073"><ele>439.75</ele></trkpt>
   <trkpt lat="49.027824" lon="10.392846"><ele>439.75</ele></trkpt>
   <trkpt lat="49.027849" lon="10.392586"><ele>439</ele></trkpt>
   <trkpt lat="49.027892" lon="10.392345"><ele>439</ele></trkpt>
   <trkpt lat="49.028007" lon="10.391988"><ele>439</ele></trkpt>
   <trkpt lat="49.027868" lon="10.391925"><ele>439.5</ele></trkpt>
   <trkpt lat="49.027554" lon="10.391708"><ele>442.25</ele></trkpt>
   <trkpt lat="49.027286" lon="10.391398"><ele>444.75</ele></trkpt>
   <trkpt lat="49.027037" lon="10.390977"><ele>445</ele></trkpt>
   <trkpt lat="49.026842" lon="10.390683"><ele>444.25</ele></trkpt>
   <trkpt lat="49.026431" lon="10.390141"><ele>443</ele></trkpt>
   <trkpt lat="49.026366" lon="10.390077"><ele>442.75</ele></trkpt>
   <trkpt lat="49.026315" lon="10.390052"><ele>442.75</ele></trkpt>
   <trkpt lat="49.026219" lon="10.390054"><ele>442.75</ele></trkpt>
   <trkpt lat="49.026254" lon="10.389861"><ele>443</ele></trkpt>
   <trkpt lat="49.026178" lon="10.389702"><ele>442.75</ele></trkpt>
   <trkpt lat="49.026138" lon="10.389583"><ele>442.75</ele></trkpt>
   <trkpt lat="49.026127" lon="10.389464"><ele>442.75</ele></trkpt>
   <trkpt lat="49.026147" lon="10.389365"><ele>442.5</ele></trkpt>
   <trkpt lat="49.026555" lon="10.388685"><ele>440.5</ele></trkpt>
   <trkpt lat="49.026901" lon="10.388073"><ele>438</ele></trkpt>
   <trkpt lat="49.027406" lon="10.387273"><ele>435.5</ele></trkpt>
   <trkpt lat="49.027489" lon="10.387269"><ele>435.5</ele></trkpt>
   <trkpt lat="49.027625" lon="10.387355"><ele>434.25</ele></trkpt>
   <trkpt lat="49.0278" lon="10.386802"><ele>434.25</ele></trkpt>
   <trkpt lat="49.028295" lon="10.386028"><ele>433.75</ele></trkpt>
   <trkpt lat="49.028295" lon="10.385928"><ele>434.25</ele></trkpt>
   <trkpt lat="49.028197" lon="10.385739"><ele>434</ele></trkpt>
   <trkpt lat="49.028227" lon="10.385622"><ele>434.5</ele></trkpt>
   <trkpt lat="49.028625" lon="10.385034"><ele>435</ele></trkpt>
   <trkpt lat="49.028642" lon="10.384963"><ele>435</ele></trkpt>
   <trkpt lat="49.028652" lon="10.384781"><ele>435.5</ele></trkpt>
   <trkpt lat="49.028296" lon="10.38423"><ele>434</ele></trkpt>
   <trkpt lat="49.028249" lon="10.384105"><ele>434.25</ele></trkpt>
   <trkpt lat="49.028211" lon="10.383975"><ele>434.25</ele></trkpt>
   <trkpt lat="49.028172" lon="10.383635"><ele>434.75</ele></trkpt>
   <trkpt lat="49.028093" lon="10.382173"><ele>435.75</ele></trkpt>
   <trkpt lat="49.028073" lon="10.381441"><ele>436</ele></trkpt>
   <trkpt lat="49.028105" lon="10.380663"><ele>436.75</ele></trkpt>
   <trkpt lat="49.028139" lon="10.379668"><ele>436</ele></trkpt>
   <trkpt lat="49.028195" lon="10.378528"><ele>435.25</ele></trkpt>
   <trkpt lat="49.028257" lon="10.377859"><ele>436.5</ele></trkpt>
   <trkpt lat="49.028295" lon="10.377595"><ele>437</ele></trkpt>
   <trkpt lat="49.028359" lon="10.377279"><ele>436.5</ele></trkpt>
   <trkpt lat="49.028455" lon="10.376802"><ele>435.75</ele></trkpt>
   <trkpt lat="49.028686" lon="10.375867"><ele>436.5</ele></trkpt>
   <trkpt lat="49.028949" lon="10.375082"><ele>435.75</ele></trkpt>
   <trkpt lat="49.029219" lon="10.374603"><ele>436.5</ele></trkpt>
   <trkpt lat="49.029471" lon="10.374209"><ele>436.25</ele></trkpt>
   <trkpt lat="49.03038" lon="10.372961"><ele>435.5</ele></trkpt>
   <trkpt lat="49.030761" lon="10.372249"><ele>435.25</ele></trkpt>
   <trkpt lat="49.032138" lon="10.36908"><ele>436.5</ele></trkpt>
   <trkpt lat="49.034082" lon="10.364612"><ele>435.75</ele></trkpt>
   <trkpt lat="49.034861" lon="10.362744"><ele>438</ele></trkpt>
   <trkpt lat="49.034894" lon="10.362502"><ele>438.75</ele></trkpt>
   <trkpt lat="49.034915" lon="10.362227"><ele>439.25</ele></trkpt>
   <trkpt lat="49.034899" lon="10.36175"><ele>439.75</ele></trkpt>
   <trkpt lat="49.034893" lon="10.36161"><ele>440.25</ele></trkpt>
   <trkpt lat="49.034952" lon="10.36153"><ele>440.5</ele></trkpt>
   <trkpt lat="49.035092" lon="10.361487"><ele>440.25</ele></trkpt>
   <trkpt lat="49.035175" lon="10.361394"><ele>440.25</ele></trkpt>
   <trkpt lat="49.035263" lon="10.361218"><ele>440</ele></trkpt>
   <trkpt lat="49.03592" lon="10.359659"><ele>440.5</ele></trkpt>
   <trkpt lat="49.035938" lon="10.359613"><ele>440.5</ele></trkpt>
   <trkpt lat="49.03647" lon="10.358309"><ele>440.75</ele></trkpt>
   <trkpt lat="49.036523" lon="10.358186"><ele>441</ele></trkpt>
   <trkpt lat="49.03678" lon="10.357595"><ele>440.5</ele></trkpt>
   <trkpt lat="49.037037" lon="10.357001"><ele>439.75</ele></trkpt>
   <trkpt lat="49.037234" lon="10.356614"><ele>440.75</ele></trkpt>
   <trkpt lat="49.037592" lon="10.356378"><ele>440.5</ele></trkpt>
   <trkpt lat="49.039555" lon="10.35537"><ele>438.25</ele></trkpt>
   <trkpt lat="49.039711" lon="10.356681"><ele>436.75</ele></trkpt>
   <trkpt lat="49.040082" lon="10.356402"><ele>437.75</ele></trkpt>
   <trkpt lat="49.041735" lon="10.354717"><ele>438</ele></trkpt>
   <trkpt lat="49.042034" lon="10.354343"><ele>437.75</ele></trkpt>
   <trkpt lat="49.042668" lon="10.353142"><ele>438.5</ele></trkpt>
   <trkpt lat="49.043043" lon="10.352507"><ele>438.75</ele></trkpt>
   <trkpt lat="49.043088" lon="10.352544"><ele>438.5</ele></trkpt>
   <trkpt lat="49.043156" lon="10.352571"><ele>438.25</ele></trkpt>
   <trkpt lat="49.043502" lon="10.35204"><ele>437.75</ele></trkpt>
   <trkpt lat="49.043745" lon="10.351714"><ele>438.5</ele></trkpt>
   <trkpt lat="49.044025" lon="10.351415"><ele>439.25</ele></trkpt>
   <trkpt lat="49.044768" lon="10.350701"><ele>439</ele></trkpt>
   <trkpt lat="49.04508" lon="10.350436"><ele>438.75</ele></trkpt>
   <trkpt lat="49.045613" lon="10.350036"><ele>439.5</ele></trkpt>
   <trkpt lat="49.046899" lon="10.348636"><ele>439</ele></trkpt>
   <trkpt lat="49.048118" lon="10.347767"><ele>439.75</ele></trkpt>
   <trkpt lat="49.048563" lon="10.347395"><ele>439.25</ele></trkpt>
   <trkpt lat="49.048952" lon="10.347024"><ele>439.25</ele></trkpt>
   <trkpt lat="49.049611" lon="10.346261"><ele>438.75</ele></trkpt>
   <trkpt lat="49.049744" lon="10.346056"><ele>439</ele></trkpt>
   <trkpt lat="49.050002" lon="10.345557"><ele>439.75</ele></trkpt>
   <trkpt lat="49.050429" lon="10.344667"><ele>439.75</ele></trkpt>
   <trkpt lat="49.050798" lon="10.343798"><ele>439.75</ele></trkpt>
   <trkpt lat="49.050984" lon="10.343301"><ele>440.25</ele></trkpt>
   <trkpt lat="49.051241" lon="10.342477"><ele>440.5</ele></trkpt>
   <trkpt lat="49.051608" lon="10.341122"><ele>441</ele></trkpt>
   <trkpt lat="49.051963" lon="10.339751"><ele>440.75</ele></trkpt>
   <trkpt lat="49.052249" lon="10.338914"><ele>439.75</ele></trkpt>
   <trkpt lat="49.052532" lon="10.33833"><ele>438.75</ele></trkpt>
   <trkpt lat="49.052726" lon="10.338013"><ele>437.75</ele></trkpt>
   <trkpt lat="49.052946" lon="10.3377"><ele>437.75</ele></trkpt>
   <trkpt lat="49.053165" lon="10.337539"><ele>437.75</ele></trkpt>
   <trkpt lat="49.053212" lon="10.337477"><ele>438</ele></trkpt>
   <trkpt lat="49.053389" lon="10.337225"><ele>438.75</ele></trkpt>
   <trkpt lat="49.053539" lon="10.337108"><ele>438.25</ele></trkpt>
   <trkpt lat="49.053909" lon="10.336896"><ele>437.75</ele></trkpt>
   <trkpt lat="49.054058" lon="10.336811"><ele>438</ele></trkpt>
   <trkpt lat="49.054106" lon="10.336797"><ele>438.25</ele></trkpt>
   <trkpt lat="49.054273" lon="10.336844"><ele>438.25</ele></trkpt>
   <trkpt lat="49.054331" lon="10.336821"><ele>438</ele></trkpt>
   <trkpt lat="49.054352" lon="10.336788"><ele>438</ele></trkpt>
   <trkpt lat="49.054418" lon="10.33664"><ele>438.75</ele></trkpt>
   <trkpt lat="49.054438" lon="10.33661"><ele>438.75</ele></trkpt>
   <trkpt lat="49.054556" lon="10.336525"><ele>438</ele></trkpt>
   <trkpt lat="49.054956" lon="10.33629"><ele>437.5</ele></trkpt>
   <trkpt lat="49.05556" lon="10.335889"><ele>437.5</ele></trkpt>
   <trkpt lat="49.055946" lon="10.335605"><ele>437.5</ele></trkpt>
   <trkpt lat="49.056439" lon="10.335189"><ele>437.75</ele></trkpt>
   <trkpt lat="49.056819" lon="10.334841"><ele>438</ele></trkpt>
   <trkpt lat="49.057375" lon="10.334258"><ele>439.25</ele></trkpt>
   <trkpt lat="49.057453" lon="10.33412"><ele>439</ele></trkpt>
   <trkpt lat="49.057819" lon="10.333692"><ele>439.5</ele></trkpt>
   <trkpt lat="49.05827" lon="10.333131"><ele>439.5</ele></trkpt>
   <trkpt lat="49.058529" lon="10.332749"><ele>440</ele></trkpt>
   <trkpt lat="49.058934" lon="10.332097"><ele>440.75</ele></trkpt>
   <trkpt lat="49.059144" lon="10.331794"><ele>440.5</ele></trkpt>
   <trkpt lat="49.059383" lon="10.331483"><ele>441</ele></trkpt>
   <trkpt lat="49.059975" lon="10.330797"><ele>440</ele></trkpt>
   <trkpt lat="49.060231" lon="10.330504"><ele>440</ele></trkpt>
   <trkpt lat="49.060507" lon="10.330188"><ele>440</ele></trkpt>
   <trkpt lat="49.060794" lon="10.329858"><ele>440</ele></trkpt>
   <trkpt lat="49.061214" lon="10.329403"><ele>439.5</ele></trkpt>
   <trkpt lat="49.061591" lon="10.329055"><ele>439</ele></trkpt>
   <trkpt lat="49.061975" lon="10.32868"><ele>439</ele></trkpt>
   <trkpt lat="49.062135" lon="10.328517"><ele>439</ele></trkpt>
   <trkpt lat="49.062169" lon="10.328528"><ele>439</ele></trkpt>
   <trkpt lat="49.062533" lon="10.328135"><ele>439</ele></trkpt>
   <trkpt lat="49.062867" lon="10.327678"><ele>440</ele></trkpt>
   <trkpt lat="49.063067" lon="10.327448"><ele>440</ele></trkpt>
   <trkpt lat="49.063227" lon="10.327285"><ele>440</ele></trkpt>
   <trkpt lat="49.063648" lon="10.326981"><ele>439.75</ele></trkpt>
   <trkpt lat="49.063789" lon="10.326856"><ele>439.25</ele></trkpt>
   <trkpt lat="49.063968" lon="10.326681"><ele>438.5</ele></trkpt>
   <trkpt lat="49.06415" lon="10.32646"><ele>438.75</ele></trkpt>
   <trkpt lat="49.064606" lon="10.325843"><ele>439.25</ele></trkpt>
   <trkpt lat="49.064623" lon="10.325775"><ele>439.25</ele></trkpt>
   <trkpt lat="49.064824" lon="10.32552"><ele>439.5</ele></trkpt>
   <trkpt lat="49.064972" lon="10.325359"><ele>439</ele></trkpt>
   <trkpt lat="49.065024" lon="10.325337"><ele>439</ele></trkpt>
   <trkpt lat="49.065091" lon="10.325358"><ele>439</ele></trkpt>
   <trkpt lat="49.065145" lon="10.32543"><ele>439</ele></trkpt>
   <trkpt lat="49.065191" lon="10.325376"><ele>439</ele></trkpt>
   <trkpt lat="49.065257" lon="10.325315"><ele>439</ele></trkpt>
   <trkpt lat="49.065234" lon="10.325229"><ele>439</ele></trkpt>
   <trkpt lat="49.065246" lon="10.325118"><ele>439</ele></trkpt>
   <trkpt lat="49.06528" lon="10.32502"><ele>438.75</ele></trkpt>
   <trkpt lat="49.065261" lon="10.32499"><ele>439</ele></trkpt>
   <trkpt lat="49.06547" lon="10.324712"><ele>439</ele></trkpt>
   <trkpt lat="49.065645" lon="10.324477"><ele>438.75</ele></trkpt>
   <trkpt lat="49.065708" lon="10.324366"><ele>439</ele></trkpt>
   <trkpt lat="49.065754" lon="10.324275"><ele>439</ele></trkpt>
   <trkpt lat="49.065763" lon="10.324257"><ele>439</ele></trkpt>
   <trkpt lat="49.0659" lon="10.324001"><ele>439</ele></trkpt>
   <trkpt lat="49.066016" lon="10.323825"><ele>439</ele></trkpt>
   <trkpt lat="49.066158" lon="10.323667"><ele>438.75</ele></trkpt>
   <trkpt lat="49.066605" lon="10.323227"><ele>439.25</ele></trkpt>
   <trkpt lat="49.06679" lon="10.323038"><ele>439.75</ele></trkpt>
   <trkpt lat="49.066876" lon="10.322948"><ele>440</ele></trkpt>
   <trkpt lat="49.067333" lon="10.322393"><ele>440</ele></trkpt>
   <trkpt lat="49.067511" lon="10.322206"><ele>440</ele></trkpt>
   <trkpt lat="49.067729" lon="10.322014"><ele>440</ele></trkpt>
   <trkpt lat="49.067865" lon="10.32189"><ele>440</ele></trkpt>
   <trkpt lat="49.068003" lon="10.321768"><ele>440</ele></trkpt>
   <trkpt lat="49.068048" lon="10.32173"><ele>440</ele></trkpt>
   <trkpt lat="49.068231" lon="10.321588"><ele>440.5</ele></trkpt>
   <trkpt lat="49.068333" lon="10.321482"><ele>440.75</ele></trkpt>
   <trkpt lat="49.068392" lon="10.32137"><ele>441</ele></trkpt>
   <trkpt lat="49.06858" lon="10.320912"><ele>441</ele></trkpt>
   <trkpt lat="49.068603" lon="10.320856"><ele>441</ele></trkpt>
   <trkpt lat="49.068768" lon="10.320474"><ele>441</ele></trkpt>
   <trkpt lat="49.068911" lon="10.320142"><ele>441</ele></trkpt>
   <trkpt lat="49.068944" lon="10.320008"><ele>441</ele></trkpt>
   <trkpt lat="49.068979" lon="10.319871"><ele>441</ele></trkpt>
   <trkpt lat="49.069133" lon="10.319256"><ele>441</ele></trkpt>
   <trkpt lat="49.069157" lon="10.319124"><ele>441</ele></trkpt>
   <trkpt lat="49.069164" lon="10.319124"><ele>441</ele></trkpt>
   <trkpt lat="49.069157" lon="10.319124"><ele>441</ele></trkpt>
   <trkpt lat="49.069133" lon="10.319256"><ele>441</ele></trkpt>
   <trkpt lat="49.068979" lon="10.319871"><ele>441</ele></trkpt>
   <trkpt lat="49.068944" lon="10.320008"><ele>441</ele></trkpt>
   <trkpt lat="49.068911" lon="10.320142"><ele>441</ele></trkpt>
   <trkpt lat="49.068993" lon="10.320266"><ele>441</ele></trkpt>
   <trkpt lat="49.069134" lon="10.320539"><ele>440</ele></trkpt>
   <trkpt lat="49.069277" lon="10.320817"><ele>439.5</ele></trkpt>
   <trkpt lat="49.069338" lon="10.320938"><ele>439.25</ele></trkpt>
   <trkpt lat="49.069429" lon="10.321125"><ele>439</ele></trkpt>
   <trkpt lat="49.069528" lon="10.321371"><ele>439</ele></trkpt>
   <trkpt lat="49.069552" lon="10.321421"><ele>439</ele></trkpt>
   <trkpt lat="49.069599" lon="10.321503"><ele>439</ele></trkpt>
   <trkpt lat="49.069642" lon="10.321586"><ele>439</ele></trkpt>
   <trkpt lat="49.069724" lon="10.321736"><ele>439</ele></trkpt>
   <trkpt lat="49.069734" lon="10.321753"><ele>438.75</ele></trkpt>
   <trkpt lat="49.069844" lon="10.32209"><ele>439</ele></trkpt>
   <trkpt lat="49.069979" lon="10.322463"><ele>439</ele></trkpt>
   <trkpt lat="49.070145" lon="10.322886"><ele>438.75</ele></trkpt>
   <trkpt lat="49.070347" lon="10.323315"><ele>439</ele></trkpt>
   <trkpt lat="49.070394" lon="10.323396"><ele>439.5</ele></trkpt>
   <trkpt lat="49.070403" lon="10.323629"><ele>440</ele></trkpt>
   <trkpt lat="49.070374" lon="10.323872"><ele>440.5</ele></trkpt>
   <trkpt lat="49.070321" lon="10.323981"><ele>440.75</ele></trkpt>
   <trkpt lat="49.070253" lon="10.324196"><ele>441</ele></trkpt>
   <trkpt lat="49.070119" lon="10.324631"><ele>441.75</ele></trkpt>
   <trkpt lat="49.070025" lon="10.324924"><ele>441.75</ele></trkpt>
   <trkpt lat="49.06995" lon="10.325095"><ele>441.75</ele></trkpt>
   <trkpt lat="49.069804" lon="10.325364"><ele>442</ele></trkpt>
   <trkpt lat="49.06953" lon="10.325809"><ele>440.75</ele></trkpt>
   <trkpt lat="49.069018" lon="10.326645"><ele>440.75</ele></trkpt>
   <trkpt lat="49.068932" lon="10.326782"><ele>441</ele></trkpt>
   <trkpt lat="49.068484" lon="10.327544"><ele>441</ele></trkpt>
   <trkpt lat="49.068292" lon="10.327841"><ele>440.75</ele></trkpt>
   <trkpt lat="49.068125" lon="10.328083"><ele>441</ele></trkpt>
   <trkpt lat="49.067984" lon="10.328282"><ele>441</ele></trkpt>
   <trkpt lat="49.067761" lon="10.328538"><ele>441</ele></trkpt>
   <trkpt lat="49.067611" lon="10.328641"><ele>441</ele></trkpt>
   <trkpt lat="49.067587" lon="10.328597"><ele>441</ele></trkpt>
   <trkpt lat="49.067555" lon="10.328565"><ele>441</ele></trkpt>
   <trkpt lat="49.067519" lon="10.328547"><ele>441</ele></trkpt>
   <trkpt lat="49.06748" lon="10.328546"><ele>440.75</ele></trkpt>
   <trkpt lat="49.067444" lon="10.328561"><ele>440.75</ele></trkpt>
   <trkpt lat="49.067411" lon="10.328592"><ele>440.75</ele></trkpt>
   <trkpt lat="49.067388" lon="10.32863"><ele>441</ele></trkpt>
   <trkpt lat="49.067371" lon="10.328676"><ele>441</ele></trkpt>
   <trkpt lat="49.067363" lon="10.328728"><ele>441</ele></trkpt>
   <trkpt lat="49.067363" lon="10.328781"><ele>441</ele></trkpt>
   <trkpt lat="49.067373" lon="10.328831"><ele>441</ele></trkpt>
   <trkpt lat="49.06739" lon="10.328877"><ele>441</ele></trkpt>
   <trkpt lat="49.067415" lon="10.328914"><ele>441</ele></trkpt>
   <trkpt lat="49.067468" lon="10.329037"><ele>441.25</ele></trkpt>
   <trkpt lat="49.067093" lon="10.329489"><ele>441.5</ele></trkpt>
   <trkpt lat="49.066781" lon="10.32983"><ele>441.25</ele></trkpt>
   <trkpt lat="49.066696" lon="10.329978"><ele>441</ele></trkpt>
   <trkpt lat="49.066682" lon="10.330019"><ele>441</ele></trkpt>
   <trkpt lat="49.066643" lon="10.329985"><ele>440.75</ele></trkpt>
   <trkpt lat="49.066609" lon="10.330088"><ele>441</ele></trkpt>
   <trkpt lat="49.066575" lon="10.330217"><ele>441</ele></trkpt>
   <trkpt lat="49.066486" lon="10.330329"><ele>440.75</ele></trkpt>
   <trkpt lat="49.066431" lon="10.330698"><ele>441</ele></trkpt>
   <trkpt lat="49.066377" lon="10.330902"><ele>441.75</ele></trkpt>
   <trkpt lat="49.066335" lon="10.331181"><ele>441.75</ele></trkpt>
   <trkpt lat="49.066301" lon="10.331351"><ele>441.75</ele></trkpt>
   <trkpt lat="49.065909" lon="10.331717"><ele>441</ele></trkpt>
   <trkpt lat="49.065191" lon="10.332413"><ele>440</ele></trkpt>
   <trkpt lat="49.064714" lon="10.332857"><ele>441</ele></trkpt>
   <trkpt lat="49.064168" lon="10.33334"><ele>442</ele></trkpt>
   <trkpt lat="49.062887" lon="10.334586"><ele>442.5</ele></trkpt>
   <trkpt lat="49.06266" lon="10.334788"><ele>442.25</ele></trkpt>
   <trkpt lat="49.062442" lon="10.335062"><ele>442.5</ele></trkpt>
   <trkpt lat="49.062315" lon="10.335212"><ele>442.5</ele></trkpt>
   <trkpt lat="49.062098" lon="10.335394"><ele>442.5</ele></trkpt>
   <trkpt lat="49.061992" lon="10.335528"><ele>442.75</ele></trkpt>
   <trkpt lat="49.061745" lon="10.335896"><ele>443</ele></trkpt>
   <trkpt lat="49.061566" lon="10.336182"><ele>442.25</ele></trkpt>
   <trkpt lat="49.061529" lon="10.336273"><ele>441.5</ele></trkpt>
   <trkpt lat="49.061467" lon="10.33648"><ele>440.75</ele></trkpt>
   <trkpt lat="49.06138" lon="10.336711"><ele>441.75</ele></trkpt>
   <trkpt lat="49.061314" lon="10.336858"><ele>441.5</ele></trkpt>
   <trkpt lat="49.061241" lon="10.336891"><ele>441.25</ele></trkpt>
   <trkpt lat="49.061198" lon="10.336943"><ele>441.25</ele></trkpt>
   <trkpt lat="49.061167" lon="10.337058"><ele>441.5</ele></trkpt>
   <trkpt lat="49.061116" lon="10.337177"><ele>441.75</ele></trkpt>
   <trkpt lat="49.060439" lon="10.338269"><ele>441.75</ele></trkpt>
   <trkpt lat="49.06001" lon="10.339012"><ele>442</ele></trkpt>
   <trkpt lat="49.059786" lon="10.339374"><ele>441.75</ele></trkpt>
   <trkpt lat="49.059585" lon="10.339669"><ele>441.5</ele></trkpt>
   <trkpt lat="49.059458" lon="10.339841"><ele>441.25</ele></trkpt>
   <trkpt lat="49.059403" lon="10.339879"><ele>441.5</ele></trkpt>
   <trkpt lat="49.059215" lon="10.339895"><ele>441.5</ele></trkpt>
   <trkpt lat="49.059138" lon="10.339947"><ele>441.75</ele></trkpt>
   <trkpt lat="49.059066" lon="10.340065"><ele>442</ele></trkpt>
   <trkpt lat="49.058997" lon="10.34038"><ele>441.75</ele></trkpt>
   <trkpt lat="49.058898" lon="10.340516"><ele>441</ele></trkpt>
   <trkpt lat="49.058745" lon="10.340669"><ele>441.25</ele></trkpt>
   <trkpt lat="49.057865" lon="10.34128"><ele>442.25</ele></trkpt>
   <trkpt lat="49.057668" lon="10.341399"><ele>443</ele></trkpt>
   <trkpt lat="49.057604" lon="10.341381"><ele>442.75</ele></trkpt>
   <trkpt lat="49.057326" lon="10.341507"><ele>442.5</ele></trkpt>
   <trkpt lat="49.057026" lon="10.341667"><ele>443</ele></trkpt>
   <trkpt lat="49.056837" lon="10.341795"><ele>442.75</ele></trkpt>
   <trkpt lat="49.056733" lon="10.341879"><ele>442.75</ele></trkpt>
   <trkpt lat="49.056437" lon="10.342167"><ele>442</ele></trkpt>
   <trkpt lat="49.056288" lon="10.34235"><ele>442.5</ele></trkpt>
   <trkpt lat="49.056086" lon="10.342621"><ele>442</ele></trkpt>
   <trkpt lat="49.056006" lon="10.342783"><ele>442</ele></trkpt>
   <trkpt lat="49.055933" lon="10.342958"><ele>442.5</ele></trkpt>
   <trkpt lat="49.055865" lon="10.343144"><ele>443</ele></trkpt>
   <trkpt lat="49.055827" lon="10.343295"><ele>442.75</ele></trkpt>
   <trkpt lat="49.055796" lon="10.343586"><ele>443</ele></trkpt>
   <trkpt lat="49.055784" lon="10.3438"><ele>443.5</ele></trkpt>
   <trkpt lat="49.055803" lon="10.343968"><ele>443.75</ele></trkpt>
   <trkpt lat="49.055717" lon="10.34427"><ele>443.5</ele></trkpt>
   <trkpt lat="49.055712" lon="10.344376"><ele>443.5</ele></trkpt>
   <trkpt lat="49.055651" lon="10.344531"><ele>443.5</ele></trkpt>
   <trkpt lat="49.05559" lon="10.34472"><ele>444</ele></trkpt>
   <trkpt lat="49.055389" lon="10.345344"><ele>444</ele></trkpt>
   <trkpt lat="49.055297" lon="10.345563"><ele>444</ele></trkpt>
   <trkpt lat="49.054617" lon="10.346883"><ele>442.5</ele></trkpt>
   <trkpt lat="49.054528" lon="10.346905"><ele>442</ele></trkpt>
   <trkpt lat="49.054123" lon="10.347669"><ele>441.25</ele></trkpt>
   <trkpt lat="49.053606" lon="10.348559"><ele>441.75</ele></trkpt>
   <trkpt lat="49.053273" lon="10.349008"><ele>441.25</ele></trkpt>
   <trkpt lat="49.052891" lon="10.349566"><ele>441</ele></trkpt>
   <trkpt lat="49.052559" lon="10.349952"><ele>440.25</ele></trkpt>
   <trkpt lat="49.052165" lon="10.350329"><ele>440.25</ele></trkpt>
   <trkpt lat="49.051856" lon="10.350553"><ele>440.75</ele></trkpt>
   <trkpt lat="49.051473" lon="10.350724"><ele>440.75</ele></trkpt>
   <trkpt lat="49.051006" lon="10.350853"><ele>440.5</ele></trkpt>
   <trkpt lat="49.050821" lon="10.350889"><ele>440</ele></trkpt>
   <trkpt lat="49.050745" lon="10.351007"><ele>440</ele></trkpt>
   <trkpt lat="49.049681" lon="10.351314"><ele>440.25</ele></trkpt>
   <trkpt lat="49.049643" lon="10.351266"><ele>440</ele></trkpt>
   <trkpt lat="49.049577" lon="10.35128"><ele>440.5</ele></trkpt>
   <trkpt lat="49.049088" lon="10.351548"><ele>442.25</ele></trkpt>
   <trkpt lat="49.048374" lon="10.352166"><ele>443</ele></trkpt>
   <trkpt lat="49.047769" lon="10.352761"><ele>440.75</ele></trkpt>
   <trkpt lat="49.047086" lon="10.353565"><ele>439.25</ele></trkpt>
   <trkpt lat="49.046929" lon="10.353738"><ele>438.75</ele></trkpt>
   <trkpt lat="49.046529" lon="10.354226"><ele>439.25</ele></trkpt>
   <trkpt lat="49.045612" lon="10.35521"><ele>442.75</ele></trkpt>
   <trkpt lat="49.045507" lon="10.355311"><ele>442.75</ele></trkpt>
   <trkpt lat="49.045421" lon="10.355194"><ele>442</ele></trkpt>
   <trkpt lat="49.044976" lon="10.355857"><ele>441.75</ele></trkpt>
   <trkpt lat="49.04413" lon="10.357238"><ele>442.5</ele></trkpt>
   <trkpt lat="49.043603" lon="10.358063"><ele>442.75</ele></trkpt>
   <trkpt lat="49.042765" lon="10.359419"><ele>441.75</ele></trkpt>
   <trkpt lat="49.04257" lon="10.359715"><ele>441.75</ele></trkpt>
   <trkpt lat="49.041831" lon="10.360835"><ele>441.5</ele></trkpt>
   <trkpt lat="49.040959" lon="10.362191"><ele>440.75</ele></trkpt>
   <trkpt lat="49.040418" lon="10.363104"><ele>440.75</ele></trkpt>
   <trkpt lat="49.040219" lon="10.363369"><ele>439.5</ele></trkpt>
   <trkpt lat="49.03887" lon="10.365802"><ele>439.5</ele></trkpt>
   <trkpt lat="49.038632" lon="10.36636"><ele>439.75</ele></trkpt>
   <trkpt lat="49.038493" lon="10.366782"><ele>440</ele></trkpt>
   <trkpt lat="49.038437" lon="10.366988"><ele>439.75</ele></trkpt>
   <trkpt lat="49.03832" lon="10.367187"><ele>439.75</ele></trkpt>
   <trkpt lat="49.038207" lon="10.36735"><ele>439.75</ele></trkpt>
   <trkpt lat="49.038032" lon="10.367566"><ele>439.75</ele></trkpt>
   <trkpt lat="49.038016" lon="10.367677"><ele>439.75</ele></trkpt>
   <trkpt lat="49.038044" lon="10.367768"><ele>439.75</ele></trkpt>
   <trkpt lat="49.038088" lon="10.367926"><ele>440</ele></trkpt>
   <trkpt lat="49.03792" lon="10.368037"><ele>439.75</ele></trkpt>
   <trkpt lat="49.037754" lon="10.368253"><ele>439.75</ele></trkpt>
   <trkpt lat="49.037606" lon="10.368644"><ele>439.25</ele></trkpt>
   <trkpt lat="49.037161" lon="10.370173"><ele>439.25</ele></trkpt>
   <trkpt lat="49.037093" lon="10.370577"><ele>438.75</ele></trkpt>
   <trkpt lat="49.037031" lon="10.371246"><ele>440.5</ele></trkpt>
   <trkpt lat="49.037037" lon="10.371809"><ele>440.5</ele></trkpt>
   <trkpt lat="49.037105" lon="10.372243"><ele>441</ele></trkpt>
   <trkpt lat="49.037335" lon="10.372954"><ele>442</ele></trkpt>
   <trkpt lat="49.037572" lon="10.373581"><ele>442.75</ele></trkpt>
   <trkpt lat="49.037656" lon="10.373838"><ele>443</ele></trkpt>
   <trkpt lat="49.037771" lon="10.374373"><ele>443.75</ele></trkpt>
   <trkpt lat="49.037816" lon="10.374743"><ele>444</ele></trkpt>
   <trkpt lat="49.037833" lon="10.375094"><ele>444.25</ele></trkpt>
   <trkpt lat="49.037839" lon="10.375642"><ele>445.5</ele></trkpt>
   <trkpt lat="49.037794" lon="10.37644"><ele>445.75</ele></trkpt>
   <trkpt lat="49.037535" lon="10.379141"><ele>443</ele></trkpt>
   <trkpt lat="49.037423" lon="10.379983"><ele>444.25</ele></trkpt>
   <trkpt lat="49.036869" lon="10.382617"><ele>442.5</ele></trkpt>
   <trkpt lat="49.036517" lon="10.384398"><ele>443.5</ele></trkpt>
   <trkpt lat="49.036146" lon="10.385306"><ele>447</ele></trkpt>
   <trkpt lat="49.035881" lon="10.385653"><ele>445.75</ele></trkpt>
   <trkpt lat="49.035527" lon="10.385959"><ele>444.5</ele></trkpt>
   <trkpt lat="49.03475" lon="10.386437"><ele>439.75</ele></trkpt>
   <trkpt lat="49.034274" lon="10.386832"><ele>437.75</ele></trkpt>
   <trkpt lat="49.034184" lon="10.386878"><ele>437</ele></trkpt>
   <trkpt lat="49.034137" lon="10.387187"><ele>437</ele></trkpt>
   <trkpt lat="49.034004" lon="10.387621"><ele>437.25</ele></trkpt>
   <trkpt lat="49.033941" lon="10.38799"><ele>436.75</ele></trkpt>
   <trkpt lat="49.033958" lon="10.388437"><ele>436.25</ele></trkpt>
   <trkpt lat="49.034215" lon="10.389469"><ele>435</ele></trkpt>
   <trkpt lat="49.034257" lon="10.389699"><ele>434</ele></trkpt>
   <trkpt lat="49.034264" lon="10.389847"><ele>434.25</ele></trkpt>
   <trkpt lat="49.034239" lon="10.39027"><ele>435</ele></trkpt>
   <trkpt lat="49.034182" lon="10.390492"><ele>435.75</ele></trkpt>
   <trkpt lat="49.034096" lon="10.390756"><ele>435.5</ele></trkpt>
   <trkpt lat="49.033877" lon="10.391157"><ele>436</ele></trkpt>
   <trkpt lat="49.033692" lon="10.391393"><ele>435.5</ele></trkpt>
   <trkpt lat="49.033473" lon="10.391593"><ele>435</ele></trkpt>
   <trkpt lat="49.032772" lon="10.391893"><ele>434</ele></trkpt>
   <trkpt lat="49.032841" lon="10.392583"><ele>434.25</ele></trkpt>
   <trkpt lat="49.032962" lon="10.393269"><ele>434.25</ele></trkpt>
   <trkpt lat="49.033072" lon="10.393654"><ele>434.75</ele></trkpt>
   <trkpt lat="49.033216" lon="10.394003"><ele>434.25</ele></trkpt>
   <trkpt lat="49.033268" lon="10.394144"><ele>434.5</ele></trkpt>
   <trkpt lat="49.03361" lon="10.395283"><ele>433.75</ele></trkpt>
   <trkpt lat="49.033826" lon="10.396051"><ele>433.5</ele></trkpt>
   <trkpt lat="49.033991" lon="10.396816"><ele>433</ele></trkpt>
   <trkpt lat="49.034055" lon="10.397372"><ele>433</ele></trkpt>
   <trkpt lat="49.034141" lon="10.399102"><ele>433.75</ele></trkpt>
   <trkpt lat="49.034199" lon="10.399831"><ele>433.75</ele></trkpt>
   <trkpt lat="49.034298" lon="10.400571"><ele>433.25</ele></trkpt>
   <trkpt lat="49.034428" lon="10.401415"><ele>434.75</ele></trkpt>
   <trkpt lat="49.034691" lon="10.404024"><ele>433.75</ele></trkpt>
   <trkpt lat="49.034801" lon="10.404855"><ele>434.75</ele></trkpt>
   <trkpt lat="49.035046" lon="10.406458"><ele>435.25</ele></trkpt>
   <trkpt lat="49.035279" lon="10.408396"><ele>436</ele></trkpt>
   <trkpt lat="49.035316" lon="10.409424"><ele>435</ele></trkpt>
   <trkpt lat="49.035294" lon="10.409737"><ele>436</ele></trkpt>
   <trkpt lat="49.035296" lon="10.410315"><ele>436</ele></trkpt>
   <trkpt lat="49.035279" lon="10.410914"><ele>436</ele></trkpt>
   <trkpt lat="49.035238" lon="10.411187"><ele>435.75</ele></trkpt>
   <trkpt lat="49.035165" lon="10.411325"><ele>435.5</ele></trkpt>
   <trkpt lat="49.034948" lon="10.41152"><ele>435.25</ele></trkpt>
   <trkpt lat="49.034837" lon="10.411654"><ele>435.25</ele></trkpt>
   <trkpt lat="49.034687" lon="10.411948"><ele>434.5</ele></trkpt>
   <trkpt lat="49.034541" lon="10.412543"><ele>434.25</ele></trkpt>
   <trkpt lat="49.034484" lon="10.413027"><ele>434</ele></trkpt>
   <trkpt lat="49.03455" lon="10.414013"><ele>434</ele></trkpt>
   <trkpt lat="49.034567" lon="10.414181"><ele>433.75</ele></trkpt>
   <trkpt lat="49.034771" lon="10.415904"><ele>432.5</ele></trkpt>
   <trkpt lat="49.035081" lon="10.417602"><ele>433.75</ele></trkpt>
   <trkpt lat="49.035482" lon="10.419198"><ele>434.5</ele></trkpt>
   <trkpt lat="49.036682" lon="10.424111"><ele>438</ele></trkpt>
   <trkpt lat="49.036969" lon="10.424934"><ele>438</ele></trkpt>
   <trkpt lat="49.037268" lon="10.425595"><ele>438.25</ele></trkpt>
   <trkpt lat="49.037374" lon="10.425823"><ele>438.5</ele></trkpt>
   <trkpt lat="49.03773" lon="10.426515"><ele>440</ele></trkpt>
   <trkpt lat="49.0379" lon="10.42687"><ele>441.25</ele></trkpt>
   <trkpt lat="49.038025" lon="10.427272"><ele>441.5</ele></trkpt>
   <trkpt lat="49.038299" lon="10.428339"><ele>442.5</ele></trkpt>
   <trkpt lat="49.038727" lon="10.429805"><ele>448.5</ele></trkpt>
   <trkpt lat="49.038851" lon="10.430331"><ele>450</ele></trkpt>
   <trkpt lat="49.03895" lon="10.431073"><ele>451</ele></trkpt>
   <trkpt lat="49.039027" lon="10.431873"><ele>452.25</ele></trkpt>
   <trkpt lat="49.039119" lon="10.432287"><ele>453.75</ele></trkpt>
   <trkpt lat="49.039391" lon="10.432886"><ele>456.75</ele></trkpt>
   <trkpt lat="49.039515" lon="10.433345"><ele>457</ele></trkpt>
   <trkpt lat="49.039572" lon="10.433706"><ele>457</ele></trkpt>
   <trkpt lat="49.039593" lon="10.434048"><ele>456.75</ele></trkpt>
   <trkpt lat="49.03961" lon="10.435161"><ele>453.75</ele></trkpt>
   <trkpt lat="49.039551" lon="10.436323"><ele>447.5</ele></trkpt>
   <trkpt lat="49.039458" lon="10.438637"><ele>437.75</ele></trkpt>
   <trkpt lat="49.039341" lon="10.43964"><ele>436</ele></trkpt>
   <trkpt lat="49.039066" lon="10.440703"><ele>435.25</ele></trkpt>
   <trkpt lat="49.039036" lon="10.441043"><ele>434.5</ele></trkpt>
   <trkpt lat="49.039075" lon="10.441356"><ele>435</ele></trkpt>
   <trkpt lat="49.039247" lon="10.442168"><ele>434.25</ele></trkpt>
   <trkpt lat="49.039483" lon="10.442853"><ele>433.5</ele></trkpt>
   <trkpt lat="49.040154" lon="10.44407"><ele>431.75</ele></trkpt>
   <trkpt lat="49.04043" lon="10.44467"><ele>431.25</ele></trkpt>
   <trkpt lat="49.04069" lon="10.444966"><ele>430.75</ele></trkpt>
   <trkpt lat="49.041092" lon="10.445204"><ele>430</ele></trkpt>
   <trkpt lat="49.04159" lon="10.445499"><ele>431</ele></trkpt>
   <trkpt lat="49.042047" lon="10.445794"><ele>430.5</ele></trkpt>
   <trkpt lat="49.042659" lon="10.446393"><ele>431.5</ele></trkpt>
   <trkpt lat="49.043768" lon="10.447868"><ele>434.75</ele></trkpt>
   <trkpt lat="49.043959" lon="10.448238"><ele>434</ele></trkpt>
   <trkpt lat="49.044059" lon="10.448528"><ele>433.5</ele></trkpt>
   <trkpt lat="49.044173" lon="10.449075"><ele>433</ele></trkpt>
   <trkpt lat="49.044423" lon="10.450344"><ele>430.75</ele></trkpt>
   <trkpt lat="49.044601" lon="10.45108"><ele>430</ele></trkpt>
   <trkpt lat="49.044672" lon="10.451318"><ele>430.5</ele></trkpt>
   <trkpt lat="49.04498" lon="10.452261"><ele>430.75</ele></trkpt>
   <trkpt lat="49.04516" lon="10.452725"><ele>431</ele></trkpt>
   <trkpt lat="49.045255" lon="10.452985"><ele>431</ele></trkpt>
   <trkpt lat="49.045508" lon="10.453616"><ele>429.75</ele></trkpt>
   <trkpt lat="49.045811" lon="10.454342"><ele>429.75</ele></trkpt>
   <trkpt lat="49.046002" lon="10.454755"><ele>429.5</ele></trkpt>
   <trkpt lat="49.046343" lon="10.455527"><ele>429.75</ele></trkpt>
   <trkpt lat="49.0465" lon="10.455798"><ele>429.5</ele></trkpt>
   <trkpt lat="49.046686" lon="10.456027"><ele>429.25</ele></trkpt>
   <trkpt lat="49.04701" lon="10.45631"><ele>429.75</ele></trkpt>
   <trkpt lat="49.047506" lon="10.456646"><ele>431</ele></trkpt>
   <trkpt lat="49.047846" lon="10.456847"><ele>431.25</ele></trkpt>
   <trkpt lat="49.047912" lon="10.456895"><ele>431.25</ele></trkpt>
   <trkpt lat="49.047978" lon="10.456973"><ele>431.5</ele></trkpt>
   <trkpt lat="49.048587" lon="10.458372"><ele>430.5</ele></trkpt>
   <trkpt lat="49.048827" lon="10.458964"><ele>430.25</ele></trkpt>
   <trkpt lat="49.049009" lon="10.459237"><ele>430</ele></trkpt>
   <trkpt lat="49.049208" lon="10.459504"><ele>429.5</ele></trkpt>
   <trkpt lat="49.04953" lon="10.460157"><ele>430.5</ele></trkpt>
   <trkpt lat="49.049998" lon="10.461206"><ele>431.5</ele></trkpt>
   <trkpt lat="49.05025" lon="10.461891"><ele>430.75</ele></trkpt>
   <trkpt lat="49.050506" lon="10.462536"><ele>431.25</ele></trkpt>
   <trkpt lat="49.050918" lon="10.463464"><ele>429.5</ele></trkpt>
   <trkpt lat="49.051081" lon="10.464132"><ele>429.75</ele></trkpt>
   <trkpt lat="49.051199" lon="10.464496"><ele>429.25</ele></trkpt>
   <trkpt lat="49.051766" lon="10.465818"><ele>429.25</ele></trkpt>
   <trkpt lat="49.052079" lon="10.466457"><ele>429</ele></trkpt>
   <trkpt lat="49.052473" lon="10.467031"><ele>430.5</ele></trkpt>
   <trkpt lat="49.052623" lon="10.467294"><ele>430.75</ele></trkpt>
   <trkpt lat="49.05296" lon="10.46852"><ele>430.5</ele></trkpt>
   <trkpt lat="49.052991" lon="10.468701"><ele>430.5</ele></trkpt>
   <trkpt lat="49.052892" lon="10.468957"><ele>429.75</ele></trkpt>
   <trkpt lat="49.051782" lon="10.469859"><ele>428</ele></trkpt>
   <trkpt lat="49.051313" lon="10.47015"><ele>428</ele></trkpt>
   <trkpt lat="49.050887" lon="10.470409"><ele>427.75</ele></trkpt>
   <trkpt lat="49.050526" lon="10.4706"><ele>429</ele></trkpt>
   <trkpt lat="49.050374" lon="10.470654"><ele>429.25</ele></trkpt>
   <trkpt lat="49.05027" lon="10.470646"><ele>429.5</ele></trkpt>
   <trkpt lat="49.050173" lon="10.470571"><ele>429.75</ele></trkpt>
   <trkpt lat="49.050152" lon="10.470637"><ele>429.75</ele></trkpt>
   <trkpt lat="49.050131" lon="10.471787"><ele>430.25</ele></trkpt>
   <trkpt lat="49.050123" lon="10.473412"><ele>430</ele></trkpt>
   <trkpt lat="49.050124" lon="10.473512"><ele>430.25</ele></trkpt>
   <trkpt lat="49.050131" lon="10.473926"><ele>430.5</ele></trkpt>
   <trkpt lat="49.050179" lon="10.47465"><ele>431.25</ele></trkpt>
   <trkpt lat="49.050295" lon="10.475511"><ele>431.75</ele></trkpt>
   <trkpt lat="49.050448" lon="10.476274"><ele>431.25</ele></trkpt>
   <trkpt lat="49.050573" lon="10.476704"><ele>431.75</ele></trkpt>
   <trkpt lat="49.050689" lon="10.477076"><ele>431</ele></trkpt>
   <trkpt lat="49.051028" lon="10.477747"><ele>429.75</ele></trkpt>
   <trkpt lat="49.051252" lon="10.478473"><ele>429.75</ele></trkpt>
   <trkpt lat="49.051427" lon="10.479266"><ele>430</ele></trkpt>
   <trkpt lat="49.051625" lon="10.480675"><ele>430.25</ele></trkpt>
   <trkpt lat="49.051914" lon="10.482709"><ele>433</ele></trkpt>
   <trkpt lat="49.05216" lon="10.484509"><ele>432</ele></trkpt>
   <trkpt lat="49.051788" lon="10.48464"><ele>433.5</ele></trkpt>
   <trkpt lat="49.049347" lon="10.485709"><ele>452.25</ele></trkpt>
   <trkpt lat="49.047928" lon="10.486712"><ele>457.25</ele></trkpt>
   <trkpt lat="49.047598" lon="10.486949"><ele>458.5</ele></trkpt>
   <trkpt lat="49.045174" lon="10.488682"><ele>468.5</ele></trkpt>
   <trkpt lat="49.045067" lon="10.488495"><ele>469</ele></trkpt>
   <trkpt lat="49.044778" lon="10.487866"><ele>469.75</ele></trkpt>
   <trkpt lat="49.044728" lon="10.48793"><ele>470.25</ele></trkpt>
   <trkpt lat="49.044574" lon="10.488128"><ele>471.5</ele></trkpt>
   <trkpt lat="49.044541" lon="10.488171"><ele>473.5</ele></trkpt>
   <trkpt lat="49.044394" lon="10.488372"><ele>473.5</ele></trkpt>
   <trkpt lat="49.044289" lon="10.488457"><ele>475</ele></trkpt>
   <trkpt lat="49.042201" lon="10.489384"><ele>474.75</ele></trkpt>
   <trkpt lat="49.041877" lon="10.48964"><ele>473.25</ele></trkpt>
   <trkpt lat="49.041695" lon="10.489811"><ele>472.5</ele></trkpt>
   <trkpt lat="49.041635" lon="10.489902"><ele>472.5</ele></trkpt>
   <trkpt lat="49.041472" lon="10.490227"><ele>472.75</ele></trkpt>
   <trkpt lat="49.041313" lon="10.490637"><ele>472.75</ele></trkpt>
   <trkpt lat="49.04121" lon="10.490989"><ele>473</ele></trkpt>
   <trkpt lat="49.04115" lon="10.491419"><ele>474</ele></trkpt>
   <trkpt lat="49.041142" lon="10.491774"><ele>474</ele></trkpt>
   <trkpt lat="49.041224" lon="10.494474"><ele>476.75</ele></trkpt>
   <trkpt lat="49.04118" lon="10.494692"><ele>476.25</ele></trkpt>
   <trkpt lat="49.040872" lon="10.494523"><ele>475.75</ele></trkpt>
   <trkpt lat="49.040499" lon="10.494402"><ele>474.75</ele></trkpt>
   <trkpt lat="49.040528" lon="10.494703"><ele>474.75</ele></trkpt>
   <trkpt lat="49.040685" lon="10.495391"><ele>474.25</ele></trkpt>
   <trkpt lat="49.041091" lon="10.496992"><ele>473.75</ele></trkpt>
   <trkpt lat="49.0415" lon="10.498112"><ele>469.25</ele></trkpt>
   <trkpt lat="49.041558" lon="10.498514"><ele>467.25</ele></trkpt>
   <trkpt lat="49.041564" lon="10.499616"><ele>462.75</ele></trkpt>
   <trkpt lat="49.041553" lon="10.500278"><ele>458.75</ele></trkpt>
   <trkpt lat="49.041496" lon="10.500569"><ele>457.75</ele></trkpt>
   <trkpt lat="49.041192" lon="10.501018"><ele>457.75</ele></trkpt>
   <trkpt lat="49.040713" lon="10.501611"><ele>457.5</ele></trkpt>
   <trkpt lat="49.040776" lon="10.50173"><ele>457</ele></trkpt>
   <trkpt lat="49.040883" lon="10.501935"><ele>456.5</ele></trkpt>
   <trkpt lat="49.040953" lon="10.502003"><ele>455.75</ele></trkpt>
   <trkpt lat="49.041045" lon="10.502078"><ele>455</ele></trkpt>
   <trkpt lat="49.041401" lon="10.502275"><ele>455.5</ele></trkpt>
   <trkpt lat="49.041502" lon="10.50239"><ele>455</ele></trkpt>
   <trkpt lat="49.041622" lon="10.502607"><ele>454.25</ele></trkpt>
   <trkpt lat="49.041681" lon="10.502875"><ele>454</ele></trkpt>
   <trkpt lat="49.041669" lon="10.503229"><ele>454</ele></trkpt>
   <trkpt lat="49.041597" lon="10.504464"><ele>450.5</ele></trkpt>
   <trkpt lat="49.041619" lon="10.5052"><ele>449.75</ele></trkpt>
   <trkpt lat="49.041692" lon="10.506154"><ele>448</ele></trkpt>
   <trkpt lat="49.041719" lon="10.506747"><ele>447.25</ele></trkpt>
   <trkpt lat="49.041858" lon="10.50714"><ele>447.5</ele></trkpt>
   <trkpt lat="49.041911" lon="10.507161"><ele>447.75</ele></trkpt>
   <trkpt lat="49.041987" lon="10.508205"><ele>445.5</ele></trkpt>
   <trkpt lat="49.042001" lon="10.508609"><ele>445</ele></trkpt>
   <trkpt lat="49.041988" lon="10.50961"><ele>443.5</ele></trkpt>
   <trkpt lat="49.041941" lon="10.509832"><ele>442.75</ele></trkpt>
   <trkpt lat="49.041809" lon="10.510121"><ele>442.25</ele></trkpt>
   <trkpt lat="49.041784" lon="10.510305"><ele>441.75</ele></trkpt>
   <trkpt lat="49.041808" lon="10.511033"><ele>440.75</ele></trkpt>
   <trkpt lat="49.041786" lon="10.512839"><ele>438.5</ele></trkpt>
   <trkpt lat="49.041675" lon="10.514162"><ele>436</ele></trkpt>
   <trkpt lat="49.041698" lon="10.514522"><ele>434.5</ele></trkpt>
   <trkpt lat="49.041836" lon="10.514997"><ele>434</ele></trkpt>
   <trkpt lat="49.042055" lon="10.515697"><ele>433.75</ele></trkpt>
   <trkpt lat="49.043097" lon="10.517327"><ele>429.75</ele></trkpt>
   <trkpt lat="49.04288" lon="10.517536"><ele>429.75</ele></trkpt>
   <trkpt lat="49.042651" lon="10.51786"><ele>429.75</ele></trkpt>
   <trkpt lat="49.04242" lon="10.51834"><ele>431.5</ele></trkpt>
   <trkpt lat="49.042339" lon="10.518582"><ele>432.5</ele></trkpt>
   <trkpt lat="49.042239" lon="10.519078"><ele>433.75</ele></trkpt>
   <trkpt lat="49.042116" lon="10.519678"><ele>435</ele></trkpt>
   <trkpt lat="49.04197" lon="10.520115"><ele>435.75</ele></trkpt>
   <trkpt lat="49.041756" lon="10.520491"><ele>436</ele></trkpt>
   <trkpt lat="49.041226" lon="10.521234"><ele>438</ele></trkpt>
   <trkpt lat="49.040962" lon="10.521679"><ele>439.5</ele></trkpt>
   <trkpt lat="49.040539" lon="10.522503"><ele>441</ele></trkpt>
   <trkpt lat="49.040273" lon="10.522943"><ele>441.75</ele></trkpt>
   <trkpt lat="49.040077" lon="10.523157"><ele>442.75</ele></trkpt>
   <trkpt lat="49.039828" lon="10.523359"><ele>443.5</ele></trkpt>
   <trkpt lat="49.039119" lon="10.523868"><ele>447.5</ele></trkpt>
   <trkpt lat="49.039041" lon="10.523934"><ele>448</ele></trkpt>
   <trkpt lat="49.038867" lon="10.52413"><ele>449.25</ele></trkpt>
   <trkpt lat="49.038705" lon="10.524401"><ele>449.25</ele></trkpt>
   <trkpt lat="49.038246" lon="10.525367"><ele>450.75</ele></trkpt>
   <trkpt lat="49.037953" lon="10.526112"><ele>452.5</ele></trkpt>
   <trkpt lat="49.03789" lon="10.526363"><ele>452.5</ele></trkpt>
   <trkpt lat="49.037859" lon="10.526649"><ele>452.25</ele></trkpt>
   <trkpt lat="49.03768" lon="10.528901"><ele>444.5</ele></trkpt>
   <trkpt lat="49.037608" lon="10.529388"><ele>443.75</ele></trkpt>
   <trkpt lat="49.037373" lon="10.530662"><ele>442</ele></trkpt>
   <trkpt lat="49.03724" lon="10.531211"><ele>440.5</ele></trkpt>
   <trkpt lat="49.03698" lon="10.532175"><ele>438</ele></trkpt>
   <trkpt lat="49.036672" lon="10.533443"><ele>431.5</ele></trkpt>
   <trkpt lat="49.036481" lon="10.534455"><ele>426.5</ele></trkpt>
   <trkpt lat="49.036379" lon="10.53485"><ele>426.75</ele></trkpt>
   <trkpt lat="49.036282" lon="10.535129"><ele>427</ele></trkpt>
   <trkpt lat="49.036096" lon="10.535516"><ele>428</ele></trkpt>
   <trkpt lat="49.035119" lon="10.537078"><ele>439.25</ele></trkpt>
   <trkpt lat="49.034523" lon="10.538287"><ele>444.25</ele></trkpt>
   <trkpt lat="49.034206" lon="10.539188"><ele>442.25</ele></trkpt>
   <trkpt lat="49.03401" lon="10.539974"><ele>439.25</ele></trkpt>
   <trkpt lat="49.033631" lon="10.542149"><ele>440.75</ele></trkpt>
   <trkpt lat="49.033586" lon="10.542309"><ele>440.75</ele></trkpt>
   <trkpt lat="49.033606" lon="10.542455"><ele>440</ele></trkpt>
   <trkpt lat="49.033625" lon="10.543502"><ele>437.25</ele></trkpt>
   <trkpt lat="49.033683" lon="10.544241"><ele>435.25</ele></trkpt>
   <trkpt lat="49.033718" lon="10.544345"><ele>434.25</ele></trkpt>
   <trkpt lat="49.033768" lon="10.544462"><ele>433</ele></trkpt>
   <trkpt lat="49.033822" lon="10.544513"><ele>432.25</ele></trkpt>
   <trkpt lat="49.033924" lon="10.544518"><ele>431</ele></trkpt>
   <trkpt lat="49.034056" lon="10.544467"><ele>429.5</ele></trkpt>
   <trkpt lat="49.034228" lon="10.544326"><ele>427.75</ele></trkpt>
   <trkpt lat="49.034296" lon="10.544342"><ele>427.25</ele></trkpt>
   <trkpt lat="49.034325" lon="10.544425"><ele>426.75</ele></trkpt>
   <trkpt lat="49.034339" lon="10.544505"><ele>426.5</ele></trkpt>
   <trkpt lat="49.034317" lon="10.54467"><ele>426.5</ele></trkpt>
   <trkpt lat="49.034223" lon="10.544874"><ele>426.5</ele></trkpt>
   <trkpt lat="49.033852" lon="10.545417"><ele>427.75</ele></trkpt>
   <trkpt lat="49.033732" lon="10.545786"><ele>427.75</ele></trkpt>
   <trkpt lat="49.033673" lon="10.546324"><ele>428</ele></trkpt>
   <trkpt lat="49.033611" lon="10.546923"><ele>428</ele></trkpt>
   <trkpt lat="49.03352" lon="10.547555"><ele>428.75</ele></trkpt>
   <trkpt lat="49.033261" lon="10.548508"><ele>428.75</ele></trkpt>
   <trkpt lat="49.033227" lon="10.548754"><ele>428.25</ele></trkpt>
   <trkpt lat="49.033261" lon="10.549653"><ele>427.75</ele></trkpt>
   <trkpt lat="49.033274" lon="10.549821"><ele>427.25</ele></trkpt>
   <trkpt lat="49.033453" lon="10.552144"><ele>425</ele></trkpt>
   <trkpt lat="49.033561" lon="10.55272"><ele>425</ele></trkpt>
   <trkpt lat="49.033694" lon="10.553118"><ele>424.5</ele></trkpt>
   <trkpt lat="49.03521" lon="10.556947"><ele>423</ele></trkpt>
   <trkpt lat="49.035464" lon="10.557677"><ele>423</ele></trkpt>
   <trkpt lat="49.035661" lon="10.55853"><ele>423</ele></trkpt>
   <trkpt lat="49.036178" lon="10.561421"><ele>423</ele></trkpt>
   <trkpt lat="49.036533" lon="10.564339"><ele>422.5</ele></trkpt>
   <trkpt lat="49.036582" lon="10.564573"><ele>422.25</ele></trkpt>
   <trkpt lat="49.036768" lon="10.56493"><ele>422.25</ele></trkpt>
   <trkpt lat="49.03727" lon="10.565558"><ele>422</ele></trkpt>
   <trkpt lat="49.037436" lon="10.565884"><ele>422</ele></trkpt>
   <trkpt lat="49.037525" lon="10.566308"><ele>422</ele></trkpt>
   <trkpt lat="49.037809" lon="10.57152"><ele>422</ele></trkpt>
   <trkpt lat="49.037797" lon="10.572925"><ele>421.75</ele></trkpt>
   <trkpt lat="49.037532" lon="10.582579"><ele>421</ele></trkpt>
   <trkpt lat="49.037415" lon="10.583218"><ele>421</ele></trkpt>
   <trkpt lat="49.036621" lon="10.586049"><ele>420.75</ele></trkpt>
   <trkpt lat="49.036531" lon="10.586694"><ele>420.5</ele></trkpt>
   <trkpt lat="49.036513" lon="10.587222"><ele>420.25</ele></trkpt>
   <trkpt lat="49.036507" lon="10.587409"><ele>420.5</ele></trkpt>
   <trkpt lat="49.036482" lon="10.58803"><ele>421</ele></trkpt>
   <trkpt lat="49.036472" lon="10.588371"><ele>421</ele></trkpt>
   <trkpt lat="49.036316" lon="10.593028"><ele>421</ele></trkpt>
   <trkpt lat="49.036335" lon="10.593703"><ele>421</ele></trkpt>
   <trkpt lat="49.036417" lon="10.594411"><ele>420</ele></trkpt>
   <trkpt lat="49.036549" lon="10.594982"><ele>420.25</ele></trkpt>
   <trkpt lat="49.036819" lon="10.595758"><ele>420</ele></trkpt>
   <trkpt lat="49.036889" lon="10.59596"><ele>419.5</ele></trkpt>
   <trkpt lat="49.03697" lon="10.596222"><ele>420.25</ele></trkpt>
   <trkpt lat="49.037035" lon="10.596402"><ele>421.5</ele></trkpt>
   <trkpt lat="49.037224" lon="10.596645"><ele>421</ele></trkpt>
   <trkpt lat="49.037307" lon="10.5965"><ele>421</ele></trkpt>
   <trkpt lat="49.037534" lon="10.596281"><ele>421</ele></trkpt>
   <trkpt lat="49.037656" lon="10.596163"><ele>421</ele></trkpt>
   <trkpt lat="49.037774" lon="10.596098"><ele>420.75</ele></trkpt>
   <trkpt lat="49.037928" lon="10.596078"><ele>421.25</ele></trkpt>
   <trkpt lat="49.03807" lon="10.596098"><ele>421.75</ele></trkpt>
   <trkpt lat="49.038155" lon="10.596135"><ele>422</ele></trkpt>
   <trkpt lat="49.03831" lon="10.596265"><ele>422</ele></trkpt>
   <trkpt lat="49.038498" lon="10.596466"><ele>422</ele></trkpt>
   <trkpt lat="49.038585" lon="10.596845"><ele>422</ele></trkpt>
   <trkpt lat="49.038681" lon="10.59733"><ele>422</ele></trkpt>
   <trkpt lat="49.038746" lon="10.597337"><ele>422</ele></trkpt>
   <trkpt lat="49.038825" lon="10.597342"><ele>422</ele></trkpt>
   <trkpt lat="49.038925" lon="10.597348"><ele>422</ele></trkpt>
   <trkpt lat="49.039195" lon="10.597419"><ele>421.75</ele></trkpt>
   <trkpt lat="49.039425" lon="10.597502"><ele>421.75</ele></trkpt>
   <trkpt lat="49.039728" lon="10.597613"><ele>422.75</ele></trkpt>
   <trkpt lat="49.039823" lon="10.597603"><ele>423</ele></trkpt>
   <trkpt lat="49.039917" lon="10.597606"><ele>423</ele></trkpt>
   <trkpt lat="49.039981" lon="10.597608"><ele>423</ele></trkpt>
   <trkpt lat="49.040296" lon="10.597554"><ele>423</ele></trkpt>
   <trkpt lat="49.040442" lon="10.597508"><ele>423</ele></trkpt>
   <trkpt lat="49.040577" lon="10.597427"><ele>423.25</ele></trkpt>
   <trkpt lat="49.040704" lon="10.597347"><ele>423.75</ele></trkpt>
   <trkpt lat="49.040725" lon="10.597338"><ele>423.75</ele></trkpt>
   <trkpt lat="49.040827" lon="10.597301"><ele>423.75</ele></trkpt>
   <trkpt lat="49.04085" lon="10.5973"><ele>424</ele></trkpt>
   <trkpt lat="49.04099" lon="10.597279"><ele>424</ele></trkpt>
   <trkpt lat="49.041139" lon="10.597278"><ele>424</ele></trkpt>
   <trkpt lat="49.041146" lon="10.597233"><ele>424</ele></trkpt>
   <trkpt lat="49.041174" lon="10.597197"><ele>424</ele></trkpt>
   <trkpt lat="49.041212" lon="10.597189"><ele>423.75</ele></trkpt>
   <trkpt lat="49.041313" lon="10.597207"><ele>424</ele></trkpt>
   <trkpt lat="49.041637" lon="10.59731"><ele>424.75</ele></trkpt>
   <trkpt lat="49.04173" lon="10.597358"><ele>425</ele></trkpt>
   <trkpt lat="49.041821" lon="10.597468"><ele>425</ele></trkpt>
   <trkpt lat="49.041891" lon="10.597572"><ele>424.75</ele></trkpt>
   <trkpt lat="49.041954" lon="10.597683"><ele>425</ele></trkpt>
   <trkpt lat="49.042095" lon="10.597965"><ele>425</ele></trkpt>
   <trkpt lat="49.042182" lon="10.59809"><ele>425</ele></trkpt>
   <trkpt lat="49.042171" lon="10.598174"><ele>425</ele></trkpt>
   <trkpt lat="49.042169" lon="10.598245"><ele>425</ele></trkpt>
   <trkpt lat="49.042179" lon="10.598354"><ele>425</ele></trkpt>
   <trkpt lat="49.042213" lon="10.598561"><ele>425</ele></trkpt>
   <trkpt lat="49.04223" lon="10.59866"><ele>425</ele></trkpt>
   <trkpt lat="49.042282" lon="10.599004"><ele>425</ele></trkpt>
   <trkpt lat="49.042286" lon="10.599029"><ele>425</ele></trkpt>
   <trkpt lat="49.042307" lon="10.599319"><ele>424.75</ele></trkpt>
   <trkpt lat="49.042321" lon="10.599697"><ele>425.25</ele></trkpt>
   <trkpt lat="49.042315" lon="10.599855"><ele>425.5</ele></trkpt>
   <trkpt lat="49.042304" lon="10.600113"><ele>426</ele></trkpt>
   <trkpt lat="49.042281" lon="10.600266"><ele>426</ele></trkpt>
   <trkpt lat="49.042255" lon="10.600485"><ele>426</ele></trkpt>
   <trkpt lat="49.042236" lon="10.600634"><ele>425.75</ele></trkpt>
   <trkpt lat="49.042228" lon="10.600741"><ele>425.75</ele></trkpt>
   <trkpt lat="49.042205" lon="10.601009"><ele>425.75</ele></trkpt>
   <trkpt lat="49.0422" lon="10.601128"><ele>425.75</ele></trkpt>
   <trkpt lat="49.042189" lon="10.601486"><ele>425.75</ele></trkpt>
   <trkpt lat="49.042195" lon="10.60179"><ele>425.75</ele></trkpt>
   <trkpt lat="49.042211" lon="10.601978"><ele>426</ele></trkpt>
   <trkpt lat="49.042228" lon="10.602074"><ele>426.25</ele></trkpt>
   <trkpt lat="49.042271" lon="10.602337"><ele>426.75</ele></trkpt>
   <trkpt lat="49.042346" lon="10.60275"><ele>427</ele></trkpt>
   <trkpt lat="49.042392" lon="10.603005"><ele>427.25</ele></trkpt>
   <trkpt lat="49.042412" lon="10.603104"><ele>427.5</ele></trkpt>
   <trkpt lat="49.042484" lon="10.603445"><ele>427.75</ele></trkpt>
   <trkpt lat="49.042489" lon="10.603467"><ele>427.75</ele></trkpt>
   <trkpt lat="49.042522" lon="10.603627"><ele>427.75</ele></trkpt>
   <trkpt lat="49.042641" lon="10.604148"><ele>428</ele></trkpt>
   <trkpt lat="49.042712" lon="10.604423"><ele>428</ele></trkpt>
   <trkpt lat="49.042812" lon="10.604769"><ele>428</ele></trkpt>
   <trkpt lat="49.04279" lon="10.604802"><ele>428</ele></trkpt>
   <trkpt lat="49.042776" lon="10.604844"><ele>427.75</ele></trkpt>
   <trkpt lat="49.04277" lon="10.604891"><ele>427.75</ele></trkpt>
   <trkpt lat="49.042774" lon="10.604938"><ele>427.75</ele></trkpt>
   <trkpt lat="49.042788" lon="10.604982"><ele>428</ele></trkpt>
   <trkpt lat="49.04281" lon="10.605017"><ele>428</ele></trkpt>
   <trkpt lat="49.042839" lon="10.605041"><ele>428</ele></trkpt>
   <trkpt lat="49.042868" lon="10.605049"><ele>428.25</ele></trkpt>
   <trkpt lat="49.042898" lon="10.605043"><ele>428.25</ele></trkpt>
   <trkpt lat="49.042926" lon="10.605025"><ele>428.5</ele></trkpt>
   <trkpt lat="49.042949" lon="10.604994"><ele>428.5</ele></trkpt>
   <trkpt lat="49.043032" lon="10.605132"><ele>428.75</ele></trkpt>
   <trkpt lat="49.043281" lon="10.60543"><ele>429</ele></trkpt>
   <trkpt lat="49.043403" lon="10.60557"><ele>429</ele></trkpt>
   <trkpt lat="49.043447" lon="10.605611"><ele>429</ele></trkpt>
   <trkpt lat="49.043567" lon="10.605724"><ele>429</ele></trkpt>
   <trkpt lat="49.043639" lon="10.605798"><ele>429</ele></trkpt>
   <trkpt lat="49.043699" lon="10.60588"><ele>428.75</ele></trkpt>
   <trkpt lat="49.043804" lon="10.606029"><ele>428.75</ele></trkpt>
   <trkpt lat="49.043901" lon="10.606184"><ele>428.5</ele></trkpt>
   <trkpt lat="49.043882" lon="10.606213"><ele>428.5</ele></trkpt>
   <trkpt lat="49.043857" lon="10.606299"><ele>428.25</ele></trkpt>
   <trkpt lat="49.043841" lon="10.606395"><ele>427.75</ele></trkpt>
   <trkpt lat="49.043836" lon="10.606475"><ele>427.5</ele></trkpt>
   <trkpt lat="49.043846" lon="10.606558"><ele>427.25</ele></trkpt>
   <trkpt lat="49.043853" lon="10.606598"><ele>427.25</ele></trkpt>
   <trkpt lat="49.043889" lon="10.606672"><ele>427</ele></trkpt>
   <trkpt lat="49.043905" lon="10.606736"><ele>427</ele></trkpt>
   <trkpt lat="49.043899" lon="10.606842"><ele>427</ele></trkpt>
   <trkpt lat="49.043863" lon="10.606894"><ele>427</ele></trkpt>
   <trkpt lat="49.043824" lon="10.606906"><ele>427</ele></trkpt>
   <trkpt lat="49.043732" lon="10.606906"><ele>427.5</ele></trkpt>
   <trkpt lat="49.043728" lon="10.606905"><ele>427.75</ele></trkpt>
  </trkseg>
 </trk>
</gpx>