<?xml version="1.0" encoding="UTF-8"?>
<!-- track-length = 89258 filtered ascend = 306 plain-ascend = -44 cost=98047 energy=0.4kwh time=4h 25m 21s -->
<gpx 
 xmlns="http://www.topografix.com/GPX/1/1" 
 xmlns:xsi="http://www.w3.org/2001/XMLSchema-instance" 
 xsi:schemaLocation="http://www.topografix.com/GPX/1/1 http://www.topografix.com/GPX/1/1/gpx.xsd" 
 version="1.1" 
 creator="bikerouter.de 2025.49">
 <wpt lat="48.717125" lon="10.779374"><name>Donauwörth</name></wpt>
 <wpt lat="48.787186" lon="10.68885"><name>Harburg</name></wpt>
 <wpt lat="48.850903" lon="10.488843"><name>Nördlingen</name></wpt>
 <wpt lat="48.534116" lon="10.808919"><name>Burg Markt</name></wpt>
 <trk>
  <name>Augsburg -&gt; Nördlingen - 89.3 km, 306 hm</name>
  <link href="https://bikerouter.de/#map=10/48.6231/10.7474/standard&amp;lonlats=10.886815,48.365618;10.898199,48.369048;10.882559,48.423966;10.828966,48.42233;10.816357,48.430101;10.816542,48.519467;10.812103,48.518189;10.808519,48.53418;10.772242,48.70535;10.768613,48.716261;10.779374,48.717126;10.776258,48.71955;10.726486,48.766076;10.692873,48.785785;10.685929,48.784769;10.6855,48.786532;10.549241,48.800892;10.498566,48.846755&amp;pois=10.779374,48.717125,Donauw%C3%B6rth;10.68885,48.787186,Harburg;10.488843,48.850903,N%C3%B6rdlingen;10.808919,48.534116,Burg%20Markt&amp;profile=trekking">
   <text>bikerouter.de</text>
  </link>
  <trkseg>
   <trkpt lat="48.365613" lon="10.886819"><ele>489</ele></trkpt>
   <trkpt lat="48.365612" lon="10.886817"><ele>489</ele></trkpt>
   <trkpt lat="48.3656" lon="10.886881"><ele>489</ele></trkpt>
   <trkpt lat="48.365639" lon="10.886912"><ele>489.25</ele></trkpt>
   <trkpt lat="48.365702" lon="10.88704"><ele>489.5</ele></trkpt>
   <trkpt lat="48.365711" lon="10.887221"><ele>489.5</ele></trkpt>
   <trkpt lat="48.365702" lon="10.887343"><ele>489.5</ele></trkpt>
   <trkpt lat="48.365727" lon="10.887443"><ele>489.75</ele></trkpt>
   <trkpt lat="48.365736" lon="10.887477"><ele>489.75</ele></trkpt>
   <trkpt lat="48.365742" lon="10.887508"><ele>490</ele></trkpt>
   <trkpt lat="48.365601" lon="10.88764"><ele>490</ele></trkpt>
   <trkpt lat="48.3655" lon="10.887736"><ele>489.75</ele></trkpt>
   <trkpt lat="48.365486" lon="10.887751"><ele>490</ele></trkpt>
   <trkpt lat="48.365456" lon="10.887783"><ele>490</ele></trkpt>
   <trkpt lat="48.365405" lon="10.88786"><ele>490</ele></trkpt>
   <trkpt lat="48.36534" lon="10.887881"><ele>489.75</ele></trkpt>
   <trkpt lat="48.365272" lon="10.888157"><ele>490</ele></trkpt>
   <trkpt lat="48.365216" lon="10.888613"><ele>490</ele></trkpt>
   <trkpt lat="48.365193" lon="10.888956"><ele>490</ele></trkpt>
   <trkpt lat="48.365146" lon="10.889583"><ele>490</ele></trkpt>
   <trkpt lat="48.36514" lon="10.889649"><ele>490</ele></trkpt>
   <trkpt lat="48.365066" lon="10.890486"><ele>490</ele></trkpt>
   <trkpt lat="48.365069" lon="10.890557"><ele>490.25</ele></trkpt>
   <trkpt lat="48.365058" lon="10.890779"><ele>490.75</ele></trkpt>
   <trkpt lat="48.365057" lon="10.890864"><ele>491</ele></trkpt>
   <trkpt lat="48.365067" lon="10.890931"><ele>491</ele></trkpt>
   <trkpt lat="48.36509" lon="10.890985"><ele>491</ele></trkpt>
   <trkpt lat="48.365107" lon="10.891"><ele>491</ele></trkpt>
   <trkpt lat="48.365156" lon="10.891007"><ele>491</ele></trkpt>
   <trkpt lat="48.365181" lon="10.89101"><ele>491</ele></trkpt>
   <trkpt lat="48.365197" lon="10.891012"><ele>491</ele></trkpt>
   <trkpt lat="48.365212" lon="10.891013"><ele>491</ele></trkpt>
   <trkpt lat="48.365251" lon="10.891018"><ele>491</ele></trkpt>
   <trkpt lat="48.36528" lon="10.891021"><ele>491</ele></trkpt>
   <trkpt lat="48.365312" lon="10.891024"><ele>491</ele></trkpt>
   <trkpt lat="48.365453" lon="10.891038"><ele>491</ele></trkpt>
   <trkpt lat="48.365472" lon="10.89104"><ele>491</ele></trkpt>
   <trkpt lat="48.365648" lon="10.891058"><ele>491</ele></trkpt>
   <trkpt lat="48.36583" lon="10.89108"><ele>491</ele></trkpt>
   <trkpt lat="48.366156" lon="10.89111"><ele>492</ele></trkpt>
   <trkpt lat="48.366232" lon="10.891098"><ele>492</ele></trkpt>
   <trkpt lat="48.366264" lon="10.891332"><ele>491.5</ele></trkpt>
   <trkpt lat="48.36627" lon="10.891381"><ele>491.5</ele></trkpt>
   <trkpt lat="48.366308" lon="10.891676"><ele>491</ele></trkpt>
   <trkpt lat="48.366333" lon="10.891865"><ele>491</ele></trkpt>
   <trkpt lat="48.366378" lon="10.892167"><ele>491</ele></trkpt>
   <trkpt lat="48.366407" lon="10.892381"><ele>491</ele></trkpt>
   <trkpt lat="48.366413" lon="10.892426"><ele>491</ele></trkpt>
   <trkpt lat="48.366415" lon="10.892441"><ele>491</ele></trkpt>
   <trkpt lat="48.366449" lon="10.892667"><ele>491</ele></trkpt>
   <trkpt lat="48.366471" lon="10.892788"><ele>491</ele></trkpt>
   <trkpt lat="48.366537" lon="10.893217"><ele>490.25</ele></trkpt>
   <trkpt lat="48.366611" lon="10.893698"><ele>489</ele></trkpt>
   <trkpt lat="48.366633" lon="10.893842"><ele>489</ele></trkpt>
   <trkpt lat="48.366656" lon="10.893992"><ele>489</ele></trkpt>
   <trkpt lat="48.366671" lon="10.894091"><ele>489</ele></trkpt>
   <trkpt lat="48.366674" lon="10.894111"><ele>489</ele></trkpt>
   <trkpt lat="48.366666" lon="10.894141"><ele>489</ele></trkpt>
   <trkpt lat="48.366509" lon="10.894782"><ele>488.25</ele></trkpt>
   <trkpt lat="48.366504" lon="10.894878"><ele>488.25</ele></trkpt>
   <trkpt lat="48.366501" lon="10.894956"><ele>488</ele></trkpt>
   <trkpt lat="48.366495" lon="10.895088"><ele>488</ele></trkpt>
   <trkpt lat="48.366494" lon="10.895465"><ele>487.5</ele></trkpt>
   <trkpt lat="48.366515" lon="10.895632"><ele>487.5</ele></trkpt>
   <trkpt lat="48.36656" lon="10.895851"><ele>487.25</ele></trkpt>
   <trkpt lat="48.366641" lon="10.896175"><ele>487</ele></trkpt>
   <trkpt lat="48.366747" lon="10.896548"><ele>487</ele></trkpt>
   <trkpt lat="48.366922" lon="10.897028"><ele>487</ele></trkpt>
   <trkpt lat="48.367048" lon="10.897355"><ele>486.5</ele></trkpt>
   <trkpt lat="48.367084" lon="10.897495"><ele>486.25</ele></trkpt>
   <trkpt lat="48.367123" lon="10.897696"><ele>486.25</ele></trkpt>
   <trkpt lat="48.367225" lon="10.898144"><ele>486</ele></trkpt>
   <trkpt lat="48.367233" lon="10.898176"><ele>486</ele></trkpt>
   <trkpt lat="48.367256" lon="10.898279"><ele>486</ele></trkpt>
   <trkpt lat="48.367353" lon="10.898288"><ele>486</ele></trkpt>
   <trkpt lat="48.367366" lon="10.898288"><ele>486</ele></trkpt>
   <trkpt lat="48.36743" lon="10.898283"><ele>486</ele></trkpt>
   <trkpt lat="48.367442" lon="10.898279"><ele>486</ele></trkpt>
   <trkpt lat="48.367506" lon="10.898274"><ele>486</ele></trkpt>
   <trkpt lat="48.367757" lon="10.898207"><ele>486</ele></trkpt>
   <trkpt lat="48.367913" lon="10.898196"><ele>486.25</ele></trkpt>
   <trkpt lat="48.368145" lon="10.898222"><ele>487</ele></trkpt>
   <trkpt lat="48.368336" lon="10.898268"><ele>486.75</ele></trkpt>
   <trkpt lat="48.368425" lon="10.898286"><ele>486.5</ele></trkpt>
   <trkpt lat="48.368516" lon="10.898289"><ele>486.25</ele></trkpt>
   <trkpt lat="48.368535" lon="10.89829"><ele>486.25</ele></trkpt>
   <trkpt lat="48.368603" lon="10.898284"><ele>486</ele></trkpt>
   <trkpt lat="48.368856" lon="10.898246"><ele>486</ele></trkpt>
   <trkpt lat="48.369015" lon="10.898208"><ele>485.5</ele></trkpt>
   <trkpt lat="48.369048" lon="10.8982"><ele>484.75</ele></trkpt>
   <trkpt lat="48.369248" lon="10.898157"><ele>484.75</ele></trkpt>
   <trkpt lat="48.369287" lon="10.898159"><ele>484.75</ele></trkpt>
   <trkpt lat="48.36939" lon="10.898162"><ele>484.5</ele></trkpt>
   <trkpt lat="48.369519" lon="10.898147"><ele>484.5</ele></trkpt>
   <trkpt lat="48.369674" lon="10.898108"><ele>484.5</ele></trkpt>
   <trkpt lat="48.370384" lon="10.897889"><ele>482.75</ele></trkpt>
   <trkpt lat="48.37042" lon="10.897877"><ele>482.75</ele></trkpt>
   <trkpt lat="48.370537" lon="10.897837"><ele>482.75</ele></trkpt>
   <trkpt lat="48.370657" lon="10.89782"><ele>482.75</ele></trkpt>
   <trkpt lat="48.370682" lon="10.897818"><ele>482.75</ele></trkpt>
   <trkpt lat="48.370901" lon="10.897804"><ele>483</ele></trkpt>
   <trkpt lat="48.370995" lon="10.897803"><ele>483</ele></trkpt>
   <trkpt lat="48.371125" lon="10.8978"><ele>483</ele></trkpt>
   <trkpt lat="48.371247" lon="10.897781"><ele>483.25</ele></trkpt>
   <trkpt lat="48.371285" lon="10.897772"><ele>483.5</ele></trkpt>
   <trkpt lat="48.371433" lon="10.897729"><ele>484</ele></trkpt>
   <trkpt lat="48.371584" lon="10.89767"><ele>484.5</ele></trkpt>
   <trkpt lat="48.371901" lon="10.897523"><ele>485.75</ele></trkpt>
   <trkpt lat="48.372097" lon="10.89742"><ele>486.5</ele></trkpt>
   <trkpt lat="48.372212" lon="10.897363"><ele>486.75</ele></trkpt>
   <trkpt lat="48.372281" lon="10.897348"><ele>487</ele></trkpt>
   <trkpt lat="48.372363" lon="10.897352"><ele>487.5</ele></trkpt>
   <trkpt lat="48.372729" lon="10.89742"><ele>488</ele></trkpt>
   <trkpt lat="48.372891" lon="10.897436"><ele>488</ele></trkpt>
   <trkpt lat="48.37298" lon="10.897406"><ele>488.25</ele></trkpt>
   <trkpt lat="48.373026" lon="10.897369"><ele>488.25</ele></trkpt>
   <trkpt lat="48.37308" lon="10.897255"><ele>488.75</ele></trkpt>
   <trkpt lat="48.37315" lon="10.896908"><ele>489.25</ele></trkpt>
   <trkpt lat="48.373178" lon="10.89682"><ele>489.5</ele></trkpt>
   <trkpt lat="48.373225" lon="10.896733"><ele>489.75</ele></trkpt>
   <trkpt lat="48.373276" lon="10.896689"><ele>489.75</ele></trkpt>
   <trkpt lat="48.373334" lon="10.896654"><ele>490</ele></trkpt>
   <trkpt lat="48.373506" lon="10.896581"><ele>490.25</ele></trkpt>
   <trkpt lat="48.373527" lon="10.896572"><ele>490.25</ele></trkpt>
   <trkpt lat="48.373688" lon="10.896508"><ele>490.5</ele></trkpt>
   <trkpt lat="48.373994" lon="10.896373"><ele>491.25</ele></trkpt>
   <trkpt lat="48.374107" lon="10.896331"><ele>491.5</ele></trkpt>
   <trkpt lat="48.374177" lon="10.896291"><ele>491.5</ele></trkpt>
   <trkpt lat="48.374262" lon="10.896196"><ele>491.25</ele></trkpt>
   <trkpt lat="48.374352" lon="10.896085"><ele>491</ele></trkpt>
   <trkpt lat="48.37446" lon="10.895975"><ele>491</ele></trkpt>
   <trkpt lat="48.374694" lon="10.895787"><ele>491</ele></trkpt>
   <trkpt lat="48.374836" lon="10.895688"><ele>490.75</ele></trkpt>
   <trkpt lat="48.375005" lon="10.895607"><ele>490</ele></trkpt>
   <trkpt lat="48.375109" lon="10.89557"><ele>490</ele></trkpt>
   <trkpt lat="48.375149" lon="10.89556"><ele>490</ele></trkpt>
   <trkpt lat="48.375258" lon="10.895535"><ele>490</ele></trkpt>
   <trkpt lat="48.375404" lon="10.895518"><ele>490</ele></trkpt>
   <trkpt lat="48.375564" lon="10.895495"><ele>489.75</ele></trkpt>
   <trkpt lat="48.375706" lon="10.895462"><ele>489.5</ele></trkpt>
   <trkpt lat="48.375934" lon="10.895396"><ele>489.25</ele></trkpt>
   <trkpt lat="48.37603" lon="10.89536"><ele>489</ele></trkpt>
   <trkpt lat="48.376202" lon="10.895289"><ele>489</ele></trkpt>
   <trkpt lat="48.376221" lon="10.89528"><ele>489</ele></trkpt>
   <trkpt lat="48.376256" lon="10.895264"><ele>489</ele></trkpt>
   <trkpt lat="48.376337" lon="10.895227"><ele>489</ele></trkpt>
   <trkpt lat="48.376462" lon="10.89513"><ele>489</ele></trkpt>
   <trkpt lat="48.376566" lon="10.894976"><ele>488.75</ele></trkpt>
   <trkpt lat="48.37663" lon="10.894874"><ele>488.5</ele></trkpt>
   <trkpt lat="48.377179" lon="10.894048"><ele>489</ele></trkpt>
   <trkpt lat="48.377215" lon="10.893991"><ele>489</ele></trkpt>
   <trkpt lat="48.377239" lon="10.893956"><ele>488.75</ele></trkpt>
   <trkpt lat="48.377276" lon="10.893901"><ele>488.75</ele></trkpt>
   <trkpt lat="48.377302" lon="10.893863"><ele>488.5</ele></trkpt>
   <trkpt lat="48.377365" lon="10.89376"><ele>488.5</ele></trkpt>
   <trkpt lat="48.377373" lon="10.893773"><ele>488.5</ele></trkpt>
   <trkpt lat="48.377409" lon="10.893835"><ele>488.25</ele></trkpt>
   <trkpt lat="48.377435" lon="10.893843"><ele>488.25</ele></trkpt>
   <trkpt lat="48.377567" lon="10.894127"><ele>488.5</ele></trkpt>
   <trkpt lat="48.378133" lon="10.895409"><ele>487</ele></trkpt>
   <trkpt lat="48.378305" lon="10.895773"><ele>485.5</ele></trkpt>
   <trkpt lat="48.37847" lon="10.896079"><ele>484.75</ele></trkpt>
   <trkpt lat="48.378915" lon="10.896716"><ele>481.25</ele></trkpt>
   <trkpt lat="48.379278" lon="10.897265"><ele>478.25</ele></trkpt>
   <trkpt lat="48.379308" lon="10.897307"><ele>478</ele></trkpt>
   <trkpt lat="48.379618" lon="10.897735"><ele>475</ele></trkpt>
   <trkpt lat="48.37964" lon="10.897768"><ele>475</ele></trkpt>
   <trkpt lat="48.379538" lon="10.898028"><ele>475</ele></trkpt>
   <trkpt lat="48.379434" lon="10.89834"><ele>475</ele></trkpt>
   <trkpt lat="48.37938" lon="10.898498"><ele>474.5</ele></trkpt>
   <trkpt lat="48.379325" lon="10.898713"><ele>474.25</ele></trkpt>
   <trkpt lat="48.379369" lon="10.89875"><ele>474</ele></trkpt>
   <trkpt lat="48.379476" lon="10.898838"><ele>473.75</ele></trkpt>
   <trkpt lat="48.37951" lon="10.898835"><ele>473.75</ele></trkpt>
   <trkpt lat="48.379595" lon="10.89885"><ele>473.5</ele></trkpt>
   <trkpt lat="48.379644" lon="10.898871"><ele>473.25</ele></trkpt>
   <trkpt lat="48.379709" lon="10.898934"><ele>472.75</ele></trkpt>
   <trkpt lat="48.380255" lon="10.899593"><ele>471.25</ele></trkpt>
   <trkpt lat="48.380499" lon="10.899964"><ele>471</ele></trkpt>
   <trkpt lat="48.380861" lon="10.90039"><ele>471</ele></trkpt>
   <trkpt lat="48.380995" lon="10.900569"><ele>471</ele></trkpt>
   <trkpt lat="48.381174" lon="10.900826"><ele>471</ele></trkpt>
   <trkpt lat="48.381287" lon="10.901079"><ele>472</ele></trkpt>
   <trkpt lat="48.38141" lon="10.901457"><ele>472.25</ele></trkpt>
   <trkpt lat="48.381505" lon="10.901778"><ele>471.5</ele></trkpt>
   <trkpt lat="48.381553" lon="10.902"><ele>471.75</ele></trkpt>
   <trkpt lat="48.381619" lon="10.902218"><ele>474.25</ele></trkpt>
   <trkpt lat="48.381655" lon="10.90233"><ele>474.75</ele></trkpt>
   <trkpt lat="48.381685" lon="10.902416"><ele>474.75</ele></trkpt>
   <trkpt lat="48.381714" lon="10.902503"><ele>474.75</ele></trkpt>
   <trkpt lat="48.381764" lon="10.902656"><ele>473.5</ele></trkpt>
   <trkpt lat="48.381789" lon="10.902731"><ele>472.75</ele></trkpt>
   <trkpt lat="48.382381" lon="10.904659"><ele>470.5</ele></trkpt>
   <trkpt lat="48.382446" lon="10.904836"><ele>472.5</ele></trkpt>
   <trkpt lat="48.382475" lon="10.904905"><ele>472.75</ele></trkpt>
   <trkpt lat="48.382581" lon="10.905209"><ele>472</ele></trkpt>
   <trkpt lat="48.382708" lon="10.905548"><ele>472</ele></trkpt>
   <trkpt lat="48.382723" lon="10.905582"><ele>472</ele></trkpt>
   <trkpt lat="48.382729" lon="10.905682"><ele>472</ele></trkpt>
   <trkpt lat="48.382671" lon="10.905863"><ele>471.75</ele></trkpt>
   <trkpt lat="48.382644" lon="10.905987"><ele>471.5</ele></trkpt>
   <trkpt lat="48.382649" lon="10.90608"><ele>471.5</ele></trkpt>
   <trkpt lat="48.382691" lon="10.906184"><ele>471</ele></trkpt>
   <trkpt lat="48.382745" lon="10.906232"><ele>470.5</ele></trkpt>
   <trkpt lat="48.382814" lon="10.906242"><ele>470.5</ele></trkpt>
   <trkpt lat="48.38285" lon="10.906218"><ele>470.5</ele></trkpt>
   <trkpt lat="48.382931" lon="10.906105"><ele>471</ele></trkpt>
   <trkpt lat="48.383171" lon="10.905749"><ele>471</ele></trkpt>
   <trkpt lat="48.383248" lon="10.90562"><ele>470.5</ele></trkpt>
   <trkpt lat="48.383465" lon="10.905232"><ele>472</ele></trkpt>
   <trkpt lat="48.383489" lon="10.905139"><ele>472</ele></trkpt>
   <trkpt lat="48.383473" lon="10.90503"><ele>472</ele></trkpt>
   <trkpt lat="48.383721" lon="10.90483"><ele>472</ele></trkpt>
   <trkpt lat="48.38414" lon="10.904493"><ele>471.25</ele></trkpt>
   <trkpt lat="48.384361" lon="10.904315"><ele>471</ele></trkpt>
   <trkpt lat="48.384326" lon="10.904278"><ele>471.25</ele></trkpt>
   <trkpt lat="48.384159" lon="10.903779"><ele>471</ele></trkpt>
   <trkpt lat="48.384089" lon="10.903566"><ele>471.25</ele></trkpt>
   <trkpt lat="48.384059" lon="10.903482"><ele>471.25</ele></trkpt>
   <trkpt lat="48.384034" lon="10.903434"><ele>471.25</ele></trkpt>
   <trkpt lat="48.383948" lon="10.903296"><ele>471.5</ele></trkpt>
   <trkpt lat="48.383887" lon="10.903261"><ele>471.5</ele></trkpt>
   <trkpt lat="48.38381" lon="10.903247"><ele>471</ele></trkpt>
   <trkpt lat="48.383801" lon="10.90314"><ele>470.25</ele></trkpt>
   <trkpt lat="48.383825" lon="10.903092"><ele>470.25</ele></trkpt>
   <trkpt lat="48.384141" lon="10.902882"><ele>470</ele></trkpt>
   <trkpt lat="48.385038" lon="10.902293"><ele>469.5</ele></trkpt>
   <trkpt lat="48.385241" lon="10.902189"><ele>470.25</ele></trkpt>
   <trkpt lat="48.385837" lon="10.901853"><ele>469.5</ele></trkpt>
   <trkpt lat="48.386137" lon="10.9017"><ele>469.25</ele></trkpt>
   <trkpt lat="48.386406" lon="10.901563"><ele>469.75</ele></trkpt>
   <trkpt lat="48.387187" lon="10.900992"><ele>468.75</ele></trkpt>
   <trkpt lat="48.387764" lon="10.900565"><ele>469.75</ele></trkpt>
   <trkpt lat="48.388308" lon="10.900216"><ele>468.25</ele></trkpt>
   <trkpt lat="48.388709" lon="10.899978"><ele>468.75</ele></trkpt>
   <trkpt lat="48.388913" lon="10.899803"><ele>468.25</ele></trkpt>
   <trkpt lat="48.389314" lon="10.899385"><ele>468</ele></trkpt>
   <trkpt lat="48.38947" lon="10.899249"><ele>469</ele></trkpt>
   <trkpt lat="48.38969" lon="10.899111"><ele>468.75</ele></trkpt>
   <trkpt lat="48.389765" lon="10.899085"><ele>468.75</ele></trkpt>
   <trkpt lat="48.389998" lon="10.898978"><ele>468</ele></trkpt>
   <trkpt lat="48.390167" lon="10.898869"><ele>468</ele></trkpt>
   <trkpt lat="48.390402" lon="10.898718"><ele>467.75</ele></trkpt>
   <trkpt lat="48.390942" lon="10.898324"><ele>466.75</ele></trkpt>
   <trkpt lat="48.391269" lon="10.898078"><ele>466.5</ele></trkpt>
   <trkpt lat="48.39157" lon="10.897871"><ele>467</ele></trkpt>
   <trkpt lat="48.391741" lon="10.897738"><ele>466.75</ele></trkpt>
   <trkpt lat="48.392156" lon="10.897442"><ele>466.5</ele></trkpt>
   <trkpt lat="48.392557" lon="10.897136"><ele>466.5</ele></trkpt>
   <trkpt lat="48.392974" lon="10.896817"><ele>466.5</ele></trkpt>
   <trkpt lat="48.39367" lon="10.896285"><ele>466.25</ele></trkpt>
   <trkpt lat="48.394769" lon="10.895481"><ele>467.25</ele></trkpt>
   <trkpt lat="48.395845" lon="10.894719"><ele>466.75</ele></trkpt>
   <trkpt lat="48.396251" lon="10.894442"><ele>466.25</ele></trkpt>
   <trkpt lat="48.396606" lon="10.894295"><ele>466.75</ele></trkpt>
   <trkpt lat="48.39785" lon="10.893632"><ele>467</ele></trkpt>
   <trkpt lat="48.399071" lon="10.893166"><ele>466</ele></trkpt>
   <trkpt lat="48.39973" lon="10.89278"><ele>466</ele></trkpt>
   <trkpt lat="48.40067" lon="10.89228"><ele>465.5</ele></trkpt>
   <trkpt lat="48.400861" lon="10.892167"><ele>465.5</ele></trkpt>
   <trkpt lat="48.401927" lon="10.891249"><ele>464.25</ele></trkpt>
   <trkpt lat="48.402264" lon="10.890996"><ele>464.25</ele></trkpt>
   <trkpt lat="48.40249" lon="10.890862"><ele>464.75</ele></trkpt>
   <trkpt lat="48.402717" lon="10.890747"><ele>464.5</ele></trkpt>
   <trkpt lat="48.404112" lon="10.890154"><ele>464.25</ele></trkpt>
   <trkpt lat="48.404423" lon="10.890043"><ele>463.75</ele></trkpt>
   <trkpt lat="48.404662" lon="10.889927"><ele>463</ele></trkpt>
   <trkpt lat="48.404755" lon="10.889868"><ele>463</ele></trkpt>
   <trkpt lat="48.405039" lon="10.889759"><ele>463</ele></trkpt>
   <trkpt lat="48.405473" lon="10.889674"><ele>462.75</ele></trkpt>
   <trkpt lat="48.405839" lon="10.889633"><ele>462.5</ele></trkpt>
   <trkpt lat="48.406205" lon="10.889578"><ele>463.25</ele></trkpt>
   <trkpt lat="48.406327" lon="10.889567"><ele>463.75</ele></trkpt>
   <trkpt lat="48.406794" lon="10.889515"><ele>464</ele></trkpt>
   <trkpt lat="48.406932" lon="10.889531"><ele>464</ele></trkpt>
   <trkpt lat="48.407097" lon="10.889516"><ele>464</ele></trkpt>
   <trkpt lat="48.40818" lon="10.889657"><ele>463.75</ele></trkpt>
   <trkpt lat="48.409468" lon="10.889745"><ele>463</ele></trkpt>
   <trkpt lat="48.410053" lon="10.889822"><ele>463.25</ele></trkpt>
   <trkpt lat="48.410474" lon="10.889842"><ele>463</ele></trkpt>
   <trkpt lat="48.410721" lon="10.889888"><ele>463</ele></trkpt>
   <trkpt lat="48.411047" lon="10.889956"><ele>463</ele></trkpt>
   <trkpt lat="48.411506" lon="10.889999"><ele>463</ele></trkpt>
   <trkpt lat="48.411822" lon="10.890042"><ele>462.75</ele></trkpt>
   <trkpt lat="48.4122" lon="10.890057"><ele>462</ele></trkpt>
   <trkpt lat="48.41238" lon="10.890061"><ele>462</ele></trkpt>
   <trkpt lat="48.41299" lon="10.890109"><ele>462</ele></trkpt>
   <trkpt lat="48.413378" lon="10.890097"><ele>462</ele></trkpt>
   <trkpt lat="48.413553" lon="10.889832"><ele>462</ele></trkpt>
   <trkpt lat="48.413653" lon="10.889752"><ele>461.75</ele></trkpt>
   <trkpt lat="48.413787" lon="10.889891"><ele>461.75</ele></trkpt>
   <trkpt lat="48.413866" lon="10.889905"><ele>461.5</ele></trkpt>
   <trkpt lat="48.413915" lon="10.889877"><ele>461.5</ele></trkpt>
   <trkpt lat="48.41394" lon="10.889812"><ele>461.5</ele></trkpt>
   <trkpt lat="48.413951" lon="10.88974"><ele>461.25</ele></trkpt>
   <trkpt lat="48.414016" lon="10.888216"><ele>461.25</ele></trkpt>
   <trkpt lat="48.414012" lon="10.88812"><ele>462.75</ele></trkpt>
   <trkpt lat="48.413987" lon="10.888062"><ele>463.5</ele></trkpt>
   <trkpt lat="48.413845" lon="10.887983"><ele>463.25</ele></trkpt>
   <trkpt lat="48.41385" lon="10.887571"><ele>464</ele></trkpt>
   <trkpt lat="48.413889" lon="10.886103"><ele>463.75</ele></trkpt>
   <trkpt lat="48.413894" lon="10.885498"><ele>462</ele></trkpt>
   <trkpt lat="48.413896" lon="10.88541"><ele>462</ele></trkpt>
   <trkpt lat="48.414108" lon="10.885424"><ele>463</ele></trkpt>
   <trkpt lat="48.414486" lon="10.885437"><ele>463.25</ele></trkpt>
   <trkpt lat="48.414904" lon="10.885435"><ele>462</ele></trkpt>
   <trkpt lat="48.415195" lon="10.88543"><ele>461.5</ele></trkpt>
   <trkpt lat="48.415293" lon="10.885413"><ele>461.5</ele></trkpt>
   <trkpt lat="48.415404" lon="10.8854"><ele>461.75</ele></trkpt>
   <trkpt lat="48.415627" lon="10.885374"><ele>462</ele></trkpt>
   <trkpt lat="48.4162" lon="10.885272"><ele>460</ele></trkpt>
   <trkpt lat="48.416276" lon="10.885288"><ele>460</ele></trkpt>
   <trkpt lat="48.416363" lon="10.885285"><ele>460</ele></trkpt>
   <trkpt lat="48.416512" lon="10.885296"><ele>460.25</ele></trkpt>
   <trkpt lat="48.41668" lon="10.885331"><ele>461</ele></trkpt>
   <trkpt lat="48.417435" lon="10.885209"><ele>464</ele></trkpt>
   <trkpt lat="48.417742" lon="10.885217"><ele>464</ele></trkpt>
   <trkpt lat="48.41781" lon="10.88522"><ele>464</ele></trkpt>
   <trkpt lat="48.417965" lon="10.885294"><ele>464</ele></trkpt>
   <trkpt lat="48.418147" lon="10.885405"><ele>464</ele></trkpt>
   <trkpt lat="48.418237" lon="10.885426"><ele>464</ele></trkpt>
   <trkpt lat="48.418322" lon="10.885424"><ele>464</ele></trkpt>
   <trkpt lat="48.418401" lon="10.885391"><ele>463</ele></trkpt>
   <trkpt lat="48.418473" lon="10.885302"><ele>462.25</ele></trkpt>
   <trkpt lat="48.418552" lon="10.885221"><ele>462</ele></trkpt>
   <trkpt lat="48.41872" lon="10.885209"><ele>462</ele></trkpt>
   <trkpt lat="48.418785" lon="10.885231"><ele>462</ele></trkpt>
   <trkpt lat="48.418989" lon="10.885324"><ele>462</ele></trkpt>
   <trkpt lat="48.419111" lon="10.885387"><ele>462</ele></trkpt>
   <trkpt lat="48.419178" lon="10.885434"><ele>461.75</ele></trkpt>
   <trkpt lat="48.419293" lon="10.88565"><ele>461.5</ele></trkpt>
   <trkpt lat="48.419349" lon="10.885774"><ele>462</ele></trkpt>
   <trkpt lat="48.419457" lon="10.885942"><ele>462.5</ele></trkpt>
   <trkpt lat="48.419571" lon="10.886075"><ele>461.5</ele></trkpt>
   <trkpt lat="48.419739" lon="10.886138"><ele>461</ele></trkpt>
   <trkpt lat="48.419961" lon="10.886138"><ele>461</ele></trkpt>
   <trkpt lat="48.420125" lon="10.88616"><ele>461.5</ele></trkpt>
   <trkpt lat="48.420316" lon="10.886232"><ele>462.5</ele></trkpt>
   <trkpt lat="48.420393" lon="10.886285"><ele>462.75</ele></trkpt>
   <trkpt lat="48.420388" lon="10.886395"><ele>463</ele></trkpt>
   <trkpt lat="48.420459" lon="10.886526"><ele>463</ele></trkpt>
   <trkpt lat="48.420547" lon="10.886614"><ele>463</ele></trkpt>
   <trkpt lat="48.420788" lon="10.886856"><ele>463</ele></trkpt>
   <trkpt lat="48.420869" lon="10.886937"><ele>463</ele></trkpt>
   <trkpt lat="48.420983" lon="10.887051"><ele>462.75</ele></trkpt>
   <trkpt lat="48.421167" lon="10.88723"><ele>462</ele></trkpt>
   <trkpt lat="48.421243" lon="10.887297"><ele>462</ele></trkpt>
   <trkpt lat="48.421449" lon="10.887508"><ele>461.75</ele></trkpt>
   <trkpt lat="48.421548" lon="10.887554"><ele>461.25</ele></trkpt>
   <trkpt lat="48.421667" lon="10.887572"><ele>461</ele></trkpt>
   <trkpt lat="48.421745" lon="10.887572"><ele>461</ele></trkpt>
   <trkpt lat="48.421915" lon="10.887487"><ele>461</ele></trkpt>
   <trkpt lat="48.42193" lon="10.887476"><ele>461</ele></trkpt>
   <trkpt lat="48.42216" lon="10.887304"><ele>461</ele></trkpt>
   <trkpt lat="48.422207" lon="10.887259"><ele>461</ele></trkpt>
   <trkpt lat="48.422391" lon="10.887082"><ele>460.75</ele></trkpt>
   <trkpt lat="48.422467" lon="10.887009"><ele>460.75</ele></trkpt>
   <trkpt lat="48.422544" lon="10.886936"><ele>460.75</ele></trkpt>
   <trkpt lat="48.422812" lon="10.886679"><ele>460.75</ele></trkpt>
   <trkpt lat="48.422822" lon="10.886669"><ele>460.75</ele></trkpt>
   <trkpt lat="48.422853" lon="10.886633"><ele>460.75</ele></trkpt>
   <trkpt lat="48.422987" lon="10.886477"><ele>460.75</ele></trkpt>
   <trkpt lat="48.423043" lon="10.886412"><ele>460.75</ele></trkpt>
   <trkpt lat="48.423076" lon="10.886349"><ele>461</ele></trkpt>
   <trkpt lat="48.423105" lon="10.886295"><ele>461.25</ele></trkpt>
   <trkpt lat="48.423152" lon="10.886207"><ele>461.25</ele></trkpt>
   <trkpt lat="48.423233" lon="10.886056"><ele>461.25</ele></trkpt>
   <trkpt lat="48.423254" lon="10.886017"><ele>461.25</ele></trkpt>
   <trkpt lat="48.423342" lon="10.885767"><ele>461</ele></trkpt>
   <trkpt lat="48.423366" lon="10.885674"><ele>461.5</ele></trkpt>
   <trkpt lat="48.423409" lon="10.885507"><ele>461.5</ele></trkpt>
   <trkpt lat="48.423424" lon="10.885455"><ele>461.25</ele></trkpt>
   <trkpt lat="48.423453" lon="10.885349"><ele>461</ele></trkpt>
   <trkpt lat="48.423443" lon="10.885294"><ele>461</ele></trkpt>
   <trkpt lat="48.42343" lon="10.885183"><ele>460.75</ele></trkpt>
   <trkpt lat="48.423435" lon="10.885134"><ele>461</ele></trkpt>
   <trkpt lat="48.423447" lon="10.885027"><ele>461</ele></trkpt>
   <trkpt lat="48.423495" lon="10.884772"><ele>461.25</ele></trkpt>
   <trkpt lat="48.423535" lon="10.884563"><ele>461.25</ele></trkpt>
   <trkpt lat="48.423543" lon="10.884523"><ele>461</ele></trkpt>
   <trkpt lat="48.423555" lon="10.884458"><ele>461</ele></trkpt>
   <trkpt lat="48.423597" lon="10.884236"><ele>461</ele></trkpt>
   <trkpt lat="48.423613" lon="10.884154"><ele>461</ele></trkpt>
   <trkpt lat="48.423661" lon="10.883901"><ele>461</ele></trkpt>
   <trkpt lat="48.423669" lon="10.883861"><ele>461</ele></trkpt>
   <trkpt lat="48.423725" lon="10.883566"><ele>461</ele></trkpt>
   <trkpt lat="48.423753" lon="10.88342"><ele>461</ele></trkpt>
   <trkpt lat="48.423787" lon="10.88324"><ele>461</ele></trkpt>
   <trkpt lat="48.423888" lon="10.882786"><ele>461</ele></trkpt>
   <trkpt lat="48.423896" lon="10.882751"><ele>461</ele></trkpt>
   <trkpt lat="48.423923" lon="10.882651"><ele>461</ele></trkpt>
   <trkpt lat="48.423958" lon="10.882552"><ele>461</ele></trkpt>
   <trkpt lat="48.424011" lon="10.882405"><ele>461</ele></trkpt>
   <trkpt lat="48.424019" lon="10.882388"><ele>461</ele></trkpt>
   <trkpt lat="48.424151" lon="10.882084"><ele>461</ele></trkpt>
   <trkpt lat="48.424181" lon="10.882012"><ele>461</ele></trkpt>
   <trkpt lat="48.424212" lon="10.881942"><ele>461</ele></trkpt>
   <trkpt lat="48.424301" lon="10.881696"><ele>461.25</ele></trkpt>
   <trkpt lat="48.424335" lon="10.88157"><ele>461.5</ele></trkpt>
   <trkpt lat="48.424362" lon="10.881475"><ele>461.25</ele></trkpt>
   <trkpt lat="48.424417" lon="10.88115"><ele>461</ele></trkpt>
   <trkpt lat="48.424446" lon="10.880909"><ele>461</ele></trkpt>
   <trkpt lat="48.424456" lon="10.880834"><ele>461</ele></trkpt>
   <trkpt lat="48.424478" lon="10.880653"><ele>461.5</ele></trkpt>
   <trkpt lat="48.424502" lon="10.880457"><ele>462</ele></trkpt>
   <trkpt lat="48.424507" lon="10.880415"><ele>462</ele></trkpt>
   <trkpt lat="48.424527" lon="10.880252"><ele>462</ele></trkpt>
   <trkpt lat="48.424539" lon="10.880169"><ele>462</ele></trkpt>
   <trkpt lat="48.424561" lon="10.879982"><ele>462</ele></trkpt>
   <trkpt lat="48.424604" lon="10.879643"><ele>462</ele></trkpt>
   <trkpt lat="48.424614" lon="10.879567"><ele>462</ele></trkpt>
   <trkpt lat="48.424619" lon="10.879527"><ele>462</ele></trkpt>
   <trkpt lat="48.424636" lon="10.879394"><ele>462</ele></trkpt>
   <trkpt lat="48.42465" lon="10.879287"><ele>462</ele></trkpt>
   <trkpt lat="48.424659" lon="10.879215"><ele>462</ele></trkpt>
   <trkpt lat="48.424682" lon="10.87904"><ele>462</ele></trkpt>
   <trkpt lat="48.424743" lon="10.879048"><ele>462</ele></trkpt>
   <trkpt lat="48.424782" lon="10.879053"><ele>462</ele></trkpt>
   <trkpt lat="48.424815" lon="10.87889"><ele>462</ele></trkpt>
   <trkpt lat="48.424829" lon="10.87882"><ele>462</ele></trkpt>
   <trkpt lat="48.424899" lon="10.878468"><ele>462.5</ele></trkpt>
   <trkpt lat="48.424934" lon="10.878296"><ele>462.75</ele></trkpt>
   <trkpt lat="48.425005" lon="10.877946"><ele>464</ele></trkpt>
   <trkpt lat="48.425055" lon="10.8777"><ele>464.25</ele></trkpt>
   <trkpt lat="48.425185" lon="10.877017"><ele>467</ele></trkpt>
   <trkpt lat="48.425229" lon="10.876741"><ele>467.75</ele></trkpt>
   <trkpt lat="48.425295" lon="10.876185"><ele>469</ele></trkpt>
   <trkpt lat="48.425301" lon="10.876137"><ele>469</ele></trkpt>
   <trkpt lat="48.425308" lon="10.876073"><ele>469</ele></trkpt>
   <trkpt lat="48.425383" lon="10.875445"><ele>470.5</ele></trkpt>
   <trkpt lat="48.42539" lon="10.875393"><ele>470.75</ele></trkpt>
   <trkpt lat="48.425403" lon="10.875281"><ele>470.75</ele></trkpt>
   <trkpt lat="48.425418" lon="10.875105"><ele>471</ele></trkpt>
   <trkpt lat="48.425421" lon="10.875072"><ele>471</ele></trkpt>
   <trkpt lat="48.425483" lon="10.874367"><ele>471</ele></trkpt>
   <trkpt lat="48.425505" lon="10.874111"><ele>471</ele></trkpt>
   <trkpt lat="48.425511" lon="10.874036"><ele>471</ele></trkpt>
   <trkpt lat="48.425517" lon="10.873966"><ele>471</ele></trkpt>
   <trkpt lat="48.425547" lon="10.873602"><ele>471</ele></trkpt>
   <trkpt lat="48.425577" lon="10.873161"><ele>471</ele></trkpt>
   <trkpt lat="48.425577" lon="10.873109"><ele>471</ele></trkpt>
   <trkpt lat="48.425578" lon="10.872917"><ele>471</ele></trkpt>
   <trkpt lat="48.425567" lon="10.872676"><ele>471</ele></trkpt>
   <trkpt lat="48.425549" lon="10.872536"><ele>471</ele></trkpt>
   <trkpt lat="48.425539" lon="10.872446"><ele>471</ele></trkpt>
   <trkpt lat="48.425489" lon="10.872078"><ele>471</ele></trkpt>
   <trkpt lat="48.425439" lon="10.87185"><ele>471.25</ele></trkpt>
   <trkpt lat="48.425437" lon="10.87184"><ele>471.25</ele></trkpt>
   <trkpt lat="48.425337" lon="10.871513"><ele>471.75</ele></trkpt>
   <trkpt lat="48.425274" lon="10.871318"><ele>471.75</ele></trkpt>
   <trkpt lat="48.425236" lon="10.8712"><ele>471.75</ele></trkpt>
   <trkpt lat="48.425157" lon="10.87095"><ele>471.75</ele></trkpt>
   <trkpt lat="48.425091" lon="10.870746"><ele>471.5</ele></trkpt>
   <trkpt lat="48.425024" lon="10.870535"><ele>471</ele></trkpt>
   <trkpt lat="48.424936" lon="10.870242"><ele>471.75</ele></trkpt>
   <trkpt lat="48.424919" lon="10.870185"><ele>471.75</ele></trkpt>
   <trkpt lat="48.424914" lon="10.870169"><ele>471.75</ele></trkpt>
   <trkpt lat="48.424863" lon="10.869998"><ele>472</ele></trkpt>
   <trkpt lat="48.424792" lon="10.869765"><ele>472</ele></trkpt>
   <trkpt lat="48.424787" lon="10.869747"><ele>472</ele></trkpt>
   <trkpt lat="48.424722" lon="10.86953"><ele>472</ele></trkpt>
   <trkpt lat="48.424688" lon="10.869418"><ele>472</ele></trkpt>
   <trkpt lat="48.424656" lon="10.869311"><ele>472</ele></trkpt>
   <trkpt lat="48.424638" lon="10.869252"><ele>472</ele></trkpt>
   <trkpt lat="48.424549" lon="10.868955"><ele>472</ele></trkpt>
   <trkpt lat="48.424404" lon="10.868474"><ele>472</ele></trkpt>
   <trkpt lat="48.424378" lon="10.86839"><ele>472</ele></trkpt>
   <trkpt lat="48.424274" lon="10.868048"><ele>472</ele></trkpt>
   <trkpt lat="48.424211" lon="10.867836"><ele>472.25</ele></trkpt>
   <trkpt lat="48.424183" lon="10.867742"><ele>471.75</ele></trkpt>
   <trkpt lat="48.424161" lon="10.867667"><ele>471.5</ele></trkpt>
   <trkpt lat="48.42423" lon="10.867651"><ele>471.75</ele></trkpt>
   <trkpt lat="48.424262" lon="10.867644"><ele>471.75</ele></trkpt>
   <trkpt lat="48.42425" lon="10.867603"><ele>471.5</ele></trkpt>
   <trkpt lat="48.424239" lon="10.867568"><ele>471.25</ele></trkpt>
   <trkpt lat="48.424221" lon="10.867508"><ele>471</ele></trkpt>
   <trkpt lat="48.424188" lon="10.867494"><ele>470.75</ele></trkpt>
   <trkpt lat="48.424173" lon="10.867456"><ele>470</ele></trkpt>
   <trkpt lat="48.423982" lon="10.86685"><ele>468.75</ele></trkpt>
   <trkpt lat="48.423974" lon="10.866801"><ele>469.5</ele></trkpt>
   <trkpt lat="48.423983" lon="10.866772"><ele>470</ele></trkpt>
   <trkpt lat="48.423966" lon="10.866711"><ele>471</ele></trkpt>
   <trkpt lat="48.423959" lon="10.866684"><ele>471.25</ele></trkpt>
   <trkpt lat="48.423942" lon="10.866614"><ele>471.75</ele></trkpt>
   <trkpt lat="48.423951" lon="10.866567"><ele>471.75</ele></trkpt>
   <trkpt lat="48.423969" lon="10.866456"><ele>471.5</ele></trkpt>
   <trkpt lat="48.423961" lon="10.866307"><ele>471.5</ele></trkpt>
   <trkpt lat="48.423952" lon="10.866283"><ele>471.75</ele></trkpt>
   <trkpt lat="48.423919" lon="10.866265"><ele>471.75</ele></trkpt>
   <trkpt lat="48.423875" lon="10.866184"><ele>472</ele></trkpt>
   <trkpt lat="48.423769" lon="10.865884"><ele>472</ele></trkpt>
   <trkpt lat="48.423731" lon="10.865762"><ele>472</ele></trkpt>
   <trkpt lat="48.423665" lon="10.865732"><ele>472</ele></trkpt>
   <trkpt lat="48.42363" lon="10.865667"><ele>472</ele></trkpt>
   <trkpt lat="48.42357" lon="10.865512"><ele>471.75</ele></trkpt>
   <trkpt lat="48.42346" lon="10.865148"><ele>471.75</ele></trkpt>
   <trkpt lat="48.423402" lon="10.864899"><ele>471.75</ele></trkpt>
   <trkpt lat="48.423194" lon="10.864184"><ele>472.25</ele></trkpt>
   <trkpt lat="48.423133" lon="10.86397"><ele>472</ele></trkpt>
   <trkpt lat="48.423102" lon="10.863864"><ele>471.75</ele></trkpt>
   <trkpt lat="48.42295" lon="10.862977"><ele>471.5</ele></trkpt>
   <trkpt lat="48.422911" lon="10.862683"><ele>470.75</ele></trkpt>
   <trkpt lat="48.422869" lon="10.862386"><ele>470</ele></trkpt>
   <trkpt lat="48.422837" lon="10.862151"><ele>469.25</ele></trkpt>
   <trkpt lat="48.422812" lon="10.86196"><ele>468.25</ele></trkpt>
   <trkpt lat="48.422765" lon="10.861778"><ele>468.75</ele></trkpt>
   <trkpt lat="48.422728" lon="10.861469"><ele>470.5</ele></trkpt>
   <trkpt lat="48.422693" lon="10.861169"><ele>471</ele></trkpt>
   <trkpt lat="48.422684" lon="10.861078"><ele>470.75</ele></trkpt>
   <trkpt lat="48.422692" lon="10.860995"><ele>470</ele></trkpt>
   <trkpt lat="48.422687" lon="10.86089"><ele>469.25</ele></trkpt>
   <trkpt lat="48.42265" lon="10.860584"><ele>470.75</ele></trkpt>
   <trkpt lat="48.422609" lon="10.860189"><ele>470.75</ele></trkpt>
   <trkpt lat="48.422592" lon="10.859668"><ele>471.25</ele></trkpt>
   <trkpt lat="48.42258" lon="10.859334"><ele>471.5</ele></trkpt>
   <trkpt lat="48.422554" lon="10.858908"><ele>472</ele></trkpt>
   <trkpt lat="48.422515" lon="10.858583"><ele>472.75</ele></trkpt>
   <trkpt lat="48.422432" lon="10.858164"><ele>472.5</ele></trkpt>
   <trkpt lat="48.422365" lon="10.85789"><ele>472.75</ele></trkpt>
   <trkpt lat="48.422299" lon="10.857701"><ele>473</ele></trkpt>
   <trkpt lat="48.42224" lon="10.857554"><ele>473</ele></trkpt>
   <trkpt lat="48.421777" lon="10.85646"><ele>473</ele></trkpt>
   <trkpt lat="48.421684" lon="10.856221"><ele>473</ele></trkpt>
   <trkpt lat="48.42158" lon="10.855897"><ele>473</ele></trkpt>
   <trkpt lat="48.421515" lon="10.855654"><ele>473</ele></trkpt>
   <trkpt lat="48.42146" lon="10.855418"><ele>472.75</ele></trkpt>
   <trkpt lat="48.421416" lon="10.855171"><ele>472.75</ele></trkpt>
   <trkpt lat="48.421362" lon="10.854817"><ele>473</ele></trkpt>
   <trkpt lat="48.421108" lon="10.851313"><ele>472.75</ele></trkpt>
   <trkpt lat="48.421034" lon="10.850333"><ele>473</ele></trkpt>
   <trkpt lat="48.420915" lon="10.848376"><ele>472.5</ele></trkpt>
   <trkpt lat="48.420896" lon="10.84757"><ele>472.75</ele></trkpt>
   <trkpt lat="48.420894" lon="10.846833"><ele>472.75</ele></trkpt>
   <trkpt lat="48.420898" lon="10.84276"><ele>472.5</ele></trkpt>
   <trkpt lat="48.420883" lon="10.839076"><ele>471.75</ele></trkpt>
   <trkpt lat="48.420884" lon="10.837431"><ele>471.75</ele></trkpt>
   <trkpt lat="48.420878" lon="10.836461"><ele>472</ele></trkpt>
   <trkpt lat="48.42091" lon="10.835943"><ele>472</ele></trkpt>
   <trkpt lat="48.420973" lon="10.835386"><ele>472.25</ele></trkpt>
   <trkpt lat="48.421037" lon="10.835005"><ele>472</ele></trkpt>
   <trkpt lat="48.421078" lon="10.834655"><ele>472</ele></trkpt>
   <trkpt lat="48.421067" lon="10.834549"><ele>472.5</ele></trkpt>
   <trkpt lat="48.421184" lon="10.834064"><ele>472.25</ele></trkpt>
   <trkpt lat="48.42126" lon="10.833722"><ele>472</ele></trkpt>
   <trkpt lat="48.421263" lon="10.833706"><ele>472</ele></trkpt>
   <trkpt lat="48.421339" lon="10.833376"><ele>472</ele></trkpt>
   <trkpt lat="48.421366" lon="10.833258"><ele>472</ele></trkpt>
   <trkpt lat="48.421396" lon="10.83313"><ele>471.75</ele></trkpt>
   <trkpt lat="48.421408" lon="10.833081"><ele>471.75</ele></trkpt>
   <trkpt lat="48.42145" lon="10.832904"><ele>471.75</ele></trkpt>
   <trkpt lat="48.421535" lon="10.832555"><ele>471</ele></trkpt>
   <trkpt lat="48.421584" lon="10.832384"><ele>471</ele></trkpt>
   <trkpt lat="48.421644" lon="10.832159"><ele>471</ele></trkpt>
   <trkpt lat="48.42172" lon="10.831789"><ele>470.25</ele></trkpt>
   <trkpt lat="48.421764" lon="10.83156"><ele>470</ele></trkpt>
   <trkpt lat="48.421877" lon="10.830734"><ele>467.5</ele></trkpt>
   <trkpt lat="48.421903" lon="10.830602"><ele>467.25</ele></trkpt>
   <trkpt lat="48.421932" lon="10.83047"><ele>466.25</ele></trkpt>
   <trkpt lat="48.421946" lon="10.83041"><ele>465.75</ele></trkpt>
   <trkpt lat="48.421986" lon="10.830226"><ele>465</ele></trkpt>
   <trkpt lat="48.422062" lon="10.829872"><ele>463.5</ele></trkpt>
   <trkpt lat="48.422089" lon="10.829747"><ele>463</ele></trkpt>
   <trkpt lat="48.422106" lon="10.829668"><ele>462.5</ele></trkpt>
   <trkpt lat="48.422135" lon="10.829538"><ele>461.75</ele></trkpt>
   <trkpt lat="48.422172" lon="10.829405"><ele>461</ele></trkpt>
   <trkpt lat="48.422248" lon="10.829103"><ele>459.75</ele></trkpt>
   <trkpt lat="48.422279" lon="10.829033"><ele>459.5</ele></trkpt>
   <trkpt lat="48.422316" lon="10.828976"><ele>459.25</ele></trkpt>
   <trkpt lat="48.422328" lon="10.828962"><ele>459</ele></trkpt>
   <trkpt lat="48.42236" lon="10.82893"><ele>459</ele></trkpt>
   <trkpt lat="48.422425" lon="10.828889"><ele>459</ele></trkpt>
   <trkpt lat="48.422484" lon="10.828877"><ele>458.75</ele></trkpt>
   <trkpt lat="48.422659" lon="10.828881"><ele>458.25</ele></trkpt>
   <trkpt lat="48.422723" lon="10.828882"><ele>458</ele></trkpt>
   <trkpt lat="48.422893" lon="10.828885"><ele>457.5</ele></trkpt>
   <trkpt lat="48.423" lon="10.828887"><ele>457</ele></trkpt>
   <trkpt lat="48.423088" lon="10.828888"><ele>457</ele></trkpt>
   <trkpt lat="48.423287" lon="10.828881"><ele>457</ele></trkpt>
   <trkpt lat="48.423463" lon="10.82885"><ele>457</ele></trkpt>
   <trkpt lat="48.423676" lon="10.828784"><ele>456.75</ele></trkpt>
   <trkpt lat="48.423755" lon="10.828759"><ele>456.75</ele></trkpt>
   <trkpt lat="48.423914" lon="10.828728"><ele>456.25</ele></trkpt>
   <trkpt lat="48.424006" lon="10.828709"><ele>456</ele></trkpt>
   <trkpt lat="48.42423" lon="10.828693"><ele>455.75</ele></trkpt>
   <trkpt lat="48.424284" lon="10.828691"><ele>455.5</ele></trkpt>
   <trkpt lat="48.424559" lon="10.828678"><ele>455</ele></trkpt>
   <trkpt lat="48.424647" lon="10.828674"><ele>455</ele></trkpt>
   <trkpt lat="48.424829" lon="10.828666"><ele>455.5</ele></trkpt>
   <trkpt lat="48.424914" lon="10.828662"><ele>455.5</ele></trkpt>
   <trkpt lat="48.425169" lon="10.82865"><ele>456</ele></trkpt>
   <trkpt lat="48.425633" lon="10.828587"><ele>456</ele></trkpt>
   <trkpt lat="48.42596" lon="10.828529"><ele>455.75</ele></trkpt>
   <trkpt lat="48.42631" lon="10.828476"><ele>455.5</ele></trkpt>
   <trkpt lat="48.426558" lon="10.828439"><ele>455.25</ele></trkpt>
   <trkpt lat="48.426954" lon="10.828377"><ele>455</ele></trkpt>
   <trkpt lat="48.426962" lon="10.828502"><ele>455.5</ele></trkpt>
   <trkpt lat="48.427093" lon="10.828465"><ele>455.25</ele></trkpt>
   <trkpt lat="48.427152" lon="10.828424"><ele>455.25</ele></trkpt>
   <trkpt lat="48.427224" lon="10.828399"><ele>455</ele></trkpt>
   <trkpt lat="48.427512" lon="10.82833"><ele>454.75</ele></trkpt>
   <trkpt lat="48.427593" lon="10.828312"><ele>454.75</ele></trkpt>
   <trkpt lat="48.427727" lon="10.828255"><ele>454.5</ele></trkpt>
   <trkpt lat="48.427862" lon="10.82818"><ele>454.25</ele></trkpt>
   <trkpt lat="48.428189" lon="10.827961"><ele>453.5</ele></trkpt>
   <trkpt lat="48.428399" lon="10.827786"><ele>453.5</ele></trkpt>
   <trkpt lat="48.428991" lon="10.827159"><ele>452.5</ele></trkpt>
   <trkpt lat="48.429071" lon="10.827115"><ele>452.5</ele></trkpt>
   <trkpt lat="48.429106" lon="10.82701"><ele>452.75</ele></trkpt>
   <trkpt lat="48.429125" lon="10.826971"><ele>452.75</ele></trkpt>
   <trkpt lat="48.429144" lon="10.826931"><ele>452.75</ele></trkpt>
   <trkpt lat="48.429168" lon="10.82685"><ele>452.75</ele></trkpt>
   <trkpt lat="48.4292" lon="10.82667"><ele>452.75</ele></trkpt>
   <trkpt lat="48.429468" lon="10.825822"><ele>451.75</ele></trkpt>
   <trkpt lat="48.429508" lon="10.825637"><ele>452</ele></trkpt>
   <trkpt lat="48.429566" lon="10.825348"><ele>451.25</ele></trkpt>
   <trkpt lat="48.429663" lon="10.824576"><ele>450.5</ele></trkpt>
   <trkpt lat="48.429739" lon="10.82356"><ele>450.75</ele></trkpt>
   <trkpt lat="48.429863" lon="10.821818"><ele>450.25</ele></trkpt>
   <trkpt lat="48.429877" lon="10.821463"><ele>450</ele></trkpt>
   <trkpt lat="48.429877" lon="10.821413"><ele>450</ele></trkpt>
   <trkpt lat="48.429916" lon="10.820922"><ele>449.5</ele></trkpt>
   <trkpt lat="48.429937" lon="10.820796"><ele>450.5</ele></trkpt>
   <trkpt lat="48.429985" lon="10.820606"><ele>450.75</ele></trkpt>
   <trkpt lat="48.430028" lon="10.820509"><ele>450.75</ele></trkpt>
   <trkpt lat="48.430077" lon="10.820454"><ele>450.5</ele></trkpt>
   <trkpt lat="48.43015" lon="10.820414"><ele>450.25</ele></trkpt>
   <trkpt lat="48.430219" lon="10.820394"><ele>450</ele></trkpt>
   <trkpt lat="48.430287" lon="10.820358"><ele>449.75</ele></trkpt>
   <trkpt lat="48.430305" lon="10.820333"><ele>449.75</ele></trkpt>
   <trkpt lat="48.430326" lon="10.82025"><ele>450</ele></trkpt>
   <trkpt lat="48.430335" lon="10.820199"><ele>450</ele></trkpt>
   <trkpt lat="48.430342" lon="10.820155"><ele>450</ele></trkpt>
   <trkpt lat="48.430348" lon="10.820114"><ele>450.25</ele></trkpt>
   <trkpt lat="48.430352" lon="10.820083"><ele>450.25</ele></trkpt>
   <trkpt lat="48.43036" lon="10.820024"><ele>450.25</ele></trkpt>
   <trkpt lat="48.430366" lon="10.819976"><ele>450.25</ele></trkpt>
   <trkpt lat="48.430363" lon="10.819943"><ele>450</ele></trkpt>
   <trkpt lat="48.430332" lon="10.819869"><ele>450</ele></trkpt>
   <trkpt lat="48.430317" lon="10.819843"><ele>450</ele></trkpt>
   <trkpt lat="48.430154" lon="10.819662"><ele>450.25</ele></trkpt>
   <trkpt lat="48.430095" lon="10.819548"><ele>450.5</ele></trkpt>
   <trkpt lat="48.430069" lon="10.819467"><ele>450.75</ele></trkpt>
   <trkpt lat="48.430054" lon="10.819387"><ele>450.75</ele></trkpt>
   <trkpt lat="48.430048" lon="10.819301"><ele>450.75</ele></trkpt>
   <trkpt lat="48.43005" lon="10.819187"><ele>450.75</ele></trkpt>
   <trkpt lat="48.429988" lon="10.819108"><ele>450.75</ele></trkpt>
   <trkpt lat="48.430004" lon="10.81878"><ele>450.5</ele></trkpt>
   <trkpt lat="48.430017" lon="10.818595"><ele>450</ele></trkpt>
   <trkpt lat="48.430024" lon="10.818507"><ele>450</ele></trkpt>
   <trkpt lat="48.430042" lon="10.818254"><ele>450</ele></trkpt>
   <trkpt lat="48.430047" lon="10.817982"><ele>450</ele></trkpt>
   <trkpt lat="48.430049" lon="10.817708"><ele>450</ele></trkpt>
   <trkpt lat="48.430046" lon="10.81755"><ele>450</ele></trkpt>
   <trkpt lat="48.430044" lon="10.817483"><ele>450</ele></trkpt>
   <trkpt lat="48.430012" lon="10.816918"><ele>450</ele></trkpt>
   <trkpt lat="48.430009" lon="10.816876"><ele>450.25</ele></trkpt>
   <trkpt lat="48.430004" lon="10.816731"><ele>450.75</ele></trkpt>
   <trkpt lat="48.430013" lon="10.816647"><ele>451</ele></trkpt>
   <trkpt lat="48.430046" lon="10.816486"><ele>451</ele></trkpt>
   <trkpt lat="48.430097" lon="10.816354"><ele>451.25</ele></trkpt>
   <trkpt lat="48.430099" lon="10.816351"><ele>451.25</ele></trkpt>
   <trkpt lat="48.430184" lon="10.816232"><ele>451.5</ele></trkpt>
   <trkpt lat="48.430229" lon="10.816191"><ele>451.75</ele></trkpt>
   <trkpt lat="48.430455" lon="10.816074"><ele>452</ele></trkpt>
   <trkpt lat="48.430628" lon="10.816001"><ele>452.5</ele></trkpt>
   <trkpt lat="48.430694" lon="10.815973"><ele>452.75</ele></trkpt>
   <trkpt lat="48.430861" lon="10.815902"><ele>453.25</ele></trkpt>
   <trkpt lat="48.430968" lon="10.815857"><ele>453.5</ele></trkpt>
   <trkpt lat="48.431021" lon="10.815834"><ele>453.5</ele></trkpt>
   <trkpt lat="48.431392" lon="10.815677"><ele>455</ele></trkpt>
   <trkpt lat="48.431438" lon="10.815658"><ele>455</ele></trkpt>
   <trkpt lat="48.43184" lon="10.815488"><ele>456</ele></trkpt>
   <trkpt lat="48.431969" lon="10.815427"><ele>456</ele></trkpt>
   <trkpt lat="48.432177" lon="10.815328"><ele>456</ele></trkpt>
   <trkpt lat="48.432318" lon="10.815259"><ele>456</ele></trkpt>
   <trkpt lat="48.432547" lon="10.815146"><ele>456.25</ele></trkpt>
   <trkpt lat="48.432695" lon="10.815068"><ele>456</ele></trkpt>
   <trkpt lat="48.432864" lon="10.814991"><ele>456.25</ele></trkpt>
   <trkpt lat="48.433095" lon="10.814944"><ele>457.25</ele></trkpt>
   <trkpt lat="48.433313" lon="10.814919"><ele>457.75</ele></trkpt>
   <trkpt lat="48.433362" lon="10.814924"><ele>458</ele></trkpt>
   <trkpt lat="48.433492" lon="10.814936"><ele>458.25</ele></trkpt>
   <trkpt lat="48.433776" lon="10.815008"><ele>458</ele></trkpt>
   <trkpt lat="48.433928" lon="10.815071"><ele>458</ele></trkpt>
   <trkpt lat="48.434135" lon="10.815174"><ele>458</ele></trkpt>
   <trkpt lat="48.434162" lon="10.81526"><ele>458</ele></trkpt>
   <trkpt lat="48.434245" lon="10.815329"><ele>457.75</ele></trkpt>
   <trkpt lat="48.434367" lon="10.815398"><ele>457.25</ele></trkpt>
   <trkpt lat="48.434542" lon="10.815481"><ele>456.75</ele></trkpt>
   <trkpt lat="48.434858" lon="10.815612"><ele>456.5</ele></trkpt>
   <trkpt lat="48.434937" lon="10.815656"><ele>456.25</ele></trkpt>
   <trkpt lat="48.435016" lon="10.815734"><ele>455.5</ele></trkpt>
   <trkpt lat="48.435066" lon="10.815805"><ele>455</ele></trkpt>
   <trkpt lat="48.435211" lon="10.816099"><ele>453.5</ele></trkpt>
   <trkpt lat="48.435251" lon="10.816164"><ele>453.5</ele></trkpt>
   <trkpt lat="48.435268" lon="10.816189"><ele>453.5</ele></trkpt>
   <trkpt lat="48.435364" lon="10.816265"><ele>454</ele></trkpt>
   <trkpt lat="48.435521" lon="10.816374"><ele>453.25</ele></trkpt>
   <trkpt lat="48.43562" lon="10.816428"><ele>453.25</ele></trkpt>
   <trkpt lat="48.435689" lon="10.816426"><ele>453.5</ele></trkpt>
   <trkpt lat="48.435741" lon="10.816392"><ele>453.5</ele></trkpt>
   <trkpt lat="48.435874" lon="10.816215"><ele>455</ele></trkpt>
   <trkpt lat="48.435935" lon="10.816165"><ele>455.25</ele></trkpt>
   <trkpt lat="48.436002" lon="10.816138"><ele>455.25</ele></trkpt>
   <trkpt lat="48.436125" lon="10.816116"><ele>454.75</ele></trkpt>
   <trkpt lat="48.43619" lon="10.816091"><ele>454.75</ele></trkpt>
   <trkpt lat="48.436494" lon="10.815986"><ele>454.75</ele></trkpt>
   <trkpt lat="48.436616" lon="10.815969"><ele>455</ele></trkpt>
   <trkpt lat="48.437028" lon="10.815987"><ele>454.25</ele></trkpt>
   <trkpt lat="48.437483" lon="10.816025"><ele>454.25</ele></trkpt>
   <trkpt lat="48.437592" lon="10.816058"><ele>454.25</ele></trkpt>
   <trkpt lat="48.437688" lon="10.816124"><ele>454.5</ele></trkpt>
   <trkpt lat="48.437801" lon="10.816039"><ele>454.75</ele></trkpt>
   <trkpt lat="48.437876" lon="10.815998"><ele>454.75</ele></trkpt>
   <trkpt lat="48.437977" lon="10.815976"><ele>454.5</ele></trkpt>
   <trkpt lat="48.43798" lon="10.816085"><ele>454.25</ele></trkpt>
   <trkpt lat="48.43801" lon="10.816232"><ele>453.5</ele></trkpt>
   <trkpt lat="48.438108" lon="10.816552"><ele>453</ele></trkpt>
   <trkpt lat="48.438177" lon="10.816683"><ele>452.75</ele></trkpt>
   <trkpt lat="48.438213" lon="10.816738"><ele>452.5</ele></trkpt>
   <trkpt lat="48.438286" lon="10.81683"><ele>452.25</ele></trkpt>
   <trkpt lat="48.43835" lon="10.816891"><ele>452</ele></trkpt>
   <trkpt lat="48.439351" lon="10.81744"><ele>450.5</ele></trkpt>
   <trkpt lat="48.440243" lon="10.817924"><ele>449.75</ele></trkpt>
   <trkpt lat="48.440667" lon="10.818157"><ele>449.25</ele></trkpt>
   <trkpt lat="48.442431" lon="10.819181"><ele>449.75</ele></trkpt>
   <trkpt lat="48.442839" lon="10.819428"><ele>449</ele></trkpt>
   <trkpt lat="48.443108" lon="10.819569"><ele>449</ele></trkpt>
   <trkpt lat="48.443407" lon="10.819726"><ele>449</ele></trkpt>
   <trkpt lat="48.443854" lon="10.819933"><ele>449.25</ele></trkpt>
   <trkpt lat="48.444186" lon="10.820007"><ele>448.75</ele></trkpt>
   <trkpt lat="48.444495" lon="10.819992"><ele>449</ele></trkpt>
   <trkpt lat="48.444738" lon="10.819925"><ele>449.5</ele></trkpt>
   <trkpt lat="48.44501" lon="10.819808"><ele>450.25</ele></trkpt>
   <trkpt lat="48.445283" lon="10.819661"><ele>450.5</ele></trkpt>
   <trkpt lat="48.445585" lon="10.819536"><ele>450.75</ele></trkpt>
   <trkpt lat="48.445915" lon="10.819451"><ele>450.5</ele></trkpt>
   <trkpt lat="48.446541" lon="10.819372"><ele>451.25</ele></trkpt>
   <trkpt lat="48.44727" lon="10.819349"><ele>451.5</ele></trkpt>
   <trkpt lat="48.447947" lon="10.819357"><ele>451.25</ele></trkpt>
   <trkpt lat="48.448371" lon="10.819371"><ele>451.5</ele></trkpt>
   <trkpt lat="48.448636" lon="10.819408"><ele>451.25</ele></trkpt>
   <trkpt lat="48.448788" lon="10.819441"><ele>451.5</ele></trkpt>
   <trkpt lat="48.44892" lon="10.819486"><ele>451.75</ele></trkpt>
   <trkpt lat="48.449084" lon="10.819569"><ele>451.75</ele></trkpt>
   <trkpt lat="48.449248" lon="10.819668"><ele>451.5</ele></trkpt>
   <trkpt lat="48.449438" lon="10.819815"><ele>451.5</ele></trkpt>
   <trkpt lat="48.450159" lon="10.820362"><ele>452.25</ele></trkpt>
   <trkpt lat="48.450239" lon="10.820408"><ele>452.25</ele></trkpt>
   <trkpt lat="48.450384" lon="10.820458"><ele>452.5</ele></trkpt>
   <trkpt lat="48.450534" lon="10.820487"><ele>453</ele></trkpt>
   <trkpt lat="48.45088" lon="10.820523"><ele>453.75</ele></trkpt>
   <trkpt lat="48.450923" lon="10.820591"><ele>452.75</ele></trkpt>
   <trkpt lat="48.451317" lon="10.820625"><ele>454.5</ele></trkpt>
   <trkpt lat="48.451666" lon="10.820657"><ele>455.75</ele></trkpt>
   <trkpt lat="48.452163" lon="10.820697"><ele>458</ele></trkpt>
   <trkpt lat="48.452254" lon="10.82069"><ele>458.75</ele></trkpt>
   <trkpt lat="48.452362" lon="10.820662"><ele>459.5</ele></trkpt>
   <trkpt lat="48.452416" lon="10.820638"><ele>460</ele></trkpt>
   <trkpt lat="48.452793" lon="10.820386"><ele>461.75</ele></trkpt>
   <trkpt lat="48.452932" lon="10.820335"><ele>461.5</ele></trkpt>
   <trkpt lat="48.453054" lon="10.820349"><ele>461.25</ele></trkpt>
   <trkpt lat="48.45334" lon="10.820422"><ele>459.25</ele></trkpt>
   <trkpt lat="48.453817" lon="10.820221"><ele>454.5</ele></trkpt>
   <trkpt lat="48.453978" lon="10.820106"><ele>454.5</ele></trkpt>
   <trkpt lat="48.454069" lon="10.820029"><ele>454.75</ele></trkpt>
   <trkpt lat="48.454188" lon="10.819969"><ele>455.25</ele></trkpt>
   <trkpt lat="48.455095" lon="10.819737"><ele>461.75</ele></trkpt>
   <trkpt lat="48.455399" lon="10.819665"><ele>462.75</ele></trkpt>
   <trkpt lat="48.455587" lon="10.81964"><ele>462.5</ele></trkpt>
   <trkpt lat="48.455704" lon="10.819625"><ele>462.75</ele></trkpt>
   <trkpt lat="48.456219" lon="10.819615"><ele>463</ele></trkpt>
   <trkpt lat="48.456258" lon="10.819615"><ele>463</ele></trkpt>
   <trkpt lat="48.456435" lon="10.819615"><ele>463</ele></trkpt>
   <trkpt lat="48.456507" lon="10.819616"><ele>463</ele></trkpt>
   <trkpt lat="48.456699" lon="10.81962"><ele>463</ele></trkpt>
   <trkpt lat="48.456947" lon="10.819625"><ele>462.75</ele></trkpt>
   <trkpt lat="48.45696" lon="10.819559"><ele>462.75</ele></trkpt>
   <trkpt lat="48.457842" lon="10.819616"><ele>461.75</ele></trkpt>
   <trkpt lat="48.458007" lon="10.819627"><ele>462</ele></trkpt>
   <trkpt lat="48.458164" lon="10.819639"><ele>461.5</ele></trkpt>
   <trkpt lat="48.458191" lon="10.81964"><ele>461.5</ele></trkpt>
   <trkpt lat="48.458525" lon="10.819653"><ele>461</ele></trkpt>
   <trkpt lat="48.458522" lon="10.820076"><ele>461</ele></trkpt>
   <trkpt lat="48.45851" lon="10.820621"><ele>459.5</ele></trkpt>
   <trkpt lat="48.458505" lon="10.820816"><ele>460.25</ele></trkpt>
   <trkpt lat="48.458503" lon="10.820881"><ele>460.25</ele></trkpt>
   <trkpt lat="48.458492" lon="10.82123"><ele>460.25</ele></trkpt>
   <trkpt lat="48.45848" lon="10.821557"><ele>460.25</ele></trkpt>
   <trkpt lat="48.458465" lon="10.821927"><ele>461.25</ele></trkpt>
   <trkpt lat="48.458431" lon="10.822384"><ele>461.5</ele></trkpt>
   <trkpt lat="48.45836" lon="10.823541"><ele>460.25</ele></trkpt>
   <trkpt lat="48.4585" lon="10.823567"><ele>460.5</ele></trkpt>
   <trkpt lat="48.458536" lon="10.823579"><ele>460.75</ele></trkpt>
   <trkpt lat="48.458786" lon="10.823664"><ele>460.75</ele></trkpt>
   <trkpt lat="48.45907" lon="10.823759"><ele>461.25</ele></trkpt>
   <trkpt lat="48.459247" lon="10.823816"><ele>461</ele></trkpt>
   <trkpt lat="48.459318" lon="10.823839"><ele>461</ele></trkpt>
   <trkpt lat="48.459615" lon="10.823894"><ele>461</ele></trkpt>
   <trkpt lat="48.459757" lon="10.823916"><ele>460.75</ele></trkpt>
   <trkpt lat="48.460032" lon="10.823951"><ele>460</ele></trkpt>
   <trkpt lat="48.460035" lon="10.823906"><ele>460</ele></trkpt>
   <trkpt lat="48.460067" lon="10.82344"><ele>459.75</ele></trkpt>
   <trkpt lat="48.460596" lon="10.823557"><ele>458.25</ele></trkpt>
   <trkpt lat="48.460974" lon="10.823645"><ele>455</ele></trkpt>
   <trkpt lat="48.461198" lon="10.823669"><ele>453.5</ele></trkpt>
   <trkpt lat="48.461307" lon="10.824049"><ele>453.25</ele></trkpt>
   <trkpt lat="48.461471" lon="10.824051"><ele>452.75</ele></trkpt>
   <trkpt lat="48.461516" lon="10.824034"><ele>452.75</ele></trkpt>
   <trkpt lat="48.461557" lon="10.82402"><ele>452.5</ele></trkpt>
   <trkpt lat="48.46183" lon="10.823962"><ele>452.5</ele></trkpt>
   <trkpt lat="48.461925" lon="10.823916"><ele>452.75</ele></trkpt>
   <trkpt lat="48.462014" lon="10.823856"><ele>453</ele></trkpt>
   <trkpt lat="48.462337" lon="10.823571"><ele>454.5</ele></trkpt>
   <trkpt lat="48.462555" lon="10.823401"><ele>453.5</ele></trkpt>
   <trkpt lat="48.463123" lon="10.823063"><ele>450.5</ele></trkpt>
   <trkpt lat="48.463435" lon="10.822867"><ele>450</ele></trkpt>
   <trkpt lat="48.463479" lon="10.822839"><ele>450</ele></trkpt>
   <trkpt lat="48.464214" lon="10.822407"><ele>448.5</ele></trkpt>
   <trkpt lat="48.46441" lon="10.822332"><ele>447.75</ele></trkpt>
   <trkpt lat="48.46447" lon="10.822325"><ele>447.5</ele></trkpt>
   <trkpt lat="48.464654" lon="10.822341"><ele>447</ele></trkpt>
   <trkpt lat="48.465168" lon="10.822466"><ele>447</ele></trkpt>
   <trkpt lat="48.465433" lon="10.822477"><ele>447</ele></trkpt>
   <trkpt lat="48.46593" lon="10.8224"><ele>447</ele></trkpt>
   <trkpt lat="48.466516" lon="10.822212"><ele>447</ele></trkpt>
   <trkpt lat="48.466753" lon="10.822112"><ele>447</ele></trkpt>
   <trkpt lat="48.466945" lon="10.82198"><ele>446.75</ele></trkpt>
   <trkpt lat="48.467089" lon="10.821816"><ele>446.5</ele></trkpt>
   <trkpt lat="48.467499" lon="10.821273"><ele>446.25</ele></trkpt>
   <trkpt lat="48.467776" lon="10.820974"><ele>446</ele></trkpt>
   <trkpt lat="48.46796" lon="10.820814"><ele>446</ele></trkpt>
   <trkpt lat="48.468137" lon="10.820676"><ele>445.75</ele></trkpt>
   <trkpt lat="48.46882" lon="10.820232"><ele>445</ele></trkpt>
   <trkpt lat="48.469046" lon="10.82002"><ele>444.75</ele></trkpt>
   <trkpt lat="48.469189" lon="10.819828"><ele>444.75</ele></trkpt>
   <trkpt lat="48.469261" lon="10.819724"><ele>444.75</ele></trkpt>
   <trkpt lat="48.469388" lon="10.819548"><ele>445</ele></trkpt>
   <trkpt lat="48.469503" lon="10.819384"><ele>444.75</ele></trkpt>
   <trkpt lat="48.470128" lon="10.818227"><ele>443.75</ele></trkpt>
   <trkpt lat="48.470475" lon="10.817689"><ele>444</ele></trkpt>
   <trkpt lat="48.470669" lon="10.817451"><ele>444</ele></trkpt>
   <trkpt lat="48.471129" lon="10.817106"><ele>443.75</ele></trkpt>
   <trkpt lat="48.471931" lon="10.816654"><ele>445</ele></trkpt>
   <trkpt lat="48.472422" lon="10.81639"><ele>445.5</ele></trkpt>
   <trkpt lat="48.473333" lon="10.815951"><ele>446.5</ele></trkpt>
   <trkpt lat="48.473861" lon="10.815773"><ele>446.5</ele></trkpt>
   <trkpt lat="48.474384" lon="10.815673"><ele>447.5</ele></trkpt>
   <trkpt lat="48.475749" lon="10.815466"><ele>449.25</ele></trkpt>
   <trkpt lat="48.475782" lon="10.81552"><ele>449</ele></trkpt>
   <trkpt lat="48.475803" lon="10.816588"><ele>443.25</ele></trkpt>
   <trkpt lat="48.476501" lon="10.816501"><ele>442</ele></trkpt>
   <trkpt lat="48.477217" lon="10.816424"><ele>442.75</ele></trkpt>
   <trkpt lat="48.478441" lon="10.81633"><ele>445.5</ele></trkpt>
   <trkpt lat="48.47866" lon="10.81633"><ele>446</ele></trkpt>
   <trkpt lat="48.47897" lon="10.816247"><ele>446.5</ele></trkpt>
   <trkpt lat="48.479094" lon="10.816183"><ele>446.5</ele></trkpt>
   <trkpt lat="48.479202" lon="10.816128"><ele>447</ele></trkpt>
   <trkpt lat="48.479236" lon="10.816099"><ele>447.25</ele></trkpt>
   <trkpt lat="48.479269" lon="10.816049"><ele>447.5</ele></trkpt>
   <trkpt lat="48.479299" lon="10.81608"><ele>447.5</ele></trkpt>
   <trkpt lat="48.479342" lon="10.816105"><ele>447.5</ele></trkpt>
   <trkpt lat="48.479503" lon="10.816155"><ele>447.75</ele></trkpt>
   <trkpt lat="48.479699" lon="10.816215"><ele>447.5</ele></trkpt>
   <trkpt lat="48.479817" lon="10.816279"><ele>447.25</ele></trkpt>
   <trkpt lat="48.47998" lon="10.816423"><ele>447</ele></trkpt>
   <trkpt lat="48.480049" lon="10.816495"><ele>447</ele></trkpt>
   <trkpt lat="48.480154" lon="10.816603"><ele>447</ele></trkpt>
   <trkpt lat="48.480288" lon="10.81673"><ele>447</ele></trkpt>
   <trkpt lat="48.480398" lon="10.816819"><ele>447.5</ele></trkpt>
   <trkpt lat="48.480432" lon="10.816841"><ele>447.75</ele></trkpt>
   <trkpt lat="48.480583" lon="10.816923"><ele>448</ele></trkpt>
   <trkpt lat="48.480637" lon="10.816956"><ele>447.75</ele></trkpt>
   <trkpt lat="48.480705" lon="10.816984"><ele>447.75</ele></trkpt>
   <trkpt lat="48.480826" lon="10.817033"><ele>447.75</ele></trkpt>
   <trkpt lat="48.481058" lon="10.81709"><ele>447.5</ele></trkpt>
   <trkpt lat="48.48122" lon="10.817125"><ele>447</ele></trkpt>
   <trkpt lat="48.481325" lon="10.817147"><ele>447</ele></trkpt>
   <trkpt lat="48.481431" lon="10.817169"><ele>446.75</ele></trkpt>
   <trkpt lat="48.481531" lon="10.81722"><ele>446.25</ele></trkpt>
   <trkpt lat="48.481619" lon="10.817283"><ele>445.75</ele></trkpt>
   <trkpt lat="48.481708" lon="10.817362"><ele>445.25</ele></trkpt>
   <trkpt lat="48.481792" lon="10.817456"><ele>445</ele></trkpt>
   <trkpt lat="48.481885" lon="10.817595"><ele>445</ele></trkpt>
   <trkpt lat="48.481934" lon="10.817682"><ele>445</ele></trkpt>
   <trkpt lat="48.482015" lon="10.817832"><ele>445</ele></trkpt>
   <trkpt lat="48.482027" lon="10.817871"><ele>444.75</ele></trkpt>
   <trkpt lat="48.482062" lon="10.817981"><ele>444.5</ele></trkpt>
   <trkpt lat="48.482139" lon="10.817948"><ele>445</ele></trkpt>
   <trkpt lat="48.482468" lon="10.817903"><ele>445.75</ele></trkpt>
   <trkpt lat="48.482903" lon="10.817853"><ele>448.25</ele></trkpt>
   <trkpt lat="48.48296" lon="10.817823"><ele>448</ele></trkpt>
   <trkpt lat="48.483009" lon="10.817764"><ele>448</ele></trkpt>
   <trkpt lat="48.483027" lon="10.817732"><ele>448.25</ele></trkpt>
   <trkpt lat="48.48305" lon="10.817649"><ele>448.25</ele></trkpt>
   <trkpt lat="48.483143" lon="10.817106"><ele>452.25</ele></trkpt>
   <trkpt lat="48.483177" lon="10.816953"><ele>453.25</ele></trkpt>
   <trkpt lat="48.483229" lon="10.816823"><ele>453</ele></trkpt>
   <trkpt lat="48.483306" lon="10.816715"><ele>452.25</ele></trkpt>
   <trkpt lat="48.483381" lon="10.816681"><ele>452.25</ele></trkpt>
   <trkpt lat="48.483494" lon="10.816681"><ele>453</ele></trkpt>
   <trkpt lat="48.483561" lon="10.816701"><ele>453.5</ele></trkpt>
   <trkpt lat="48.483729" lon="10.816756"><ele>454.25</ele></trkpt>
   <trkpt lat="48.483756" lon="10.816766"><ele>454.25</ele></trkpt>
   <trkpt lat="48.483869" lon="10.816826"><ele>454.25</ele></trkpt>
   <trkpt lat="48.484056" lon="10.816974"><ele>453.5</ele></trkpt>
   <trkpt lat="48.484319" lon="10.817184"><ele>453</ele></trkpt>
   <trkpt lat="48.484352" lon="10.81721"><ele>453</ele></trkpt>
   <trkpt lat="48.484381" lon="10.817233"><ele>452.75</ele></trkpt>
   <trkpt lat="48.484457" lon="10.817191"><ele>453</ele></trkpt>
   <trkpt lat="48.484596" lon="10.817215"><ele>453</ele></trkpt>
   <trkpt lat="48.48474" lon="10.817282"><ele>452.5</ele></trkpt>
   <trkpt lat="48.484864" lon="10.817324"><ele>452.25</ele></trkpt>
   <trkpt lat="48.48513" lon="10.817347"><ele>452</ele></trkpt>
   <trkpt lat="48.485733" lon="10.817276"><ele>451.75</ele></trkpt>
   <trkpt lat="48.486041" lon="10.81726"><ele>451.5</ele></trkpt>
   <trkpt lat="48.486329" lon="10.81728"><ele>451.5</ele></trkpt>
   <trkpt lat="48.486345" lon="10.817289"><ele>451.5</ele></trkpt>
   <trkpt lat="48.486362" lon="10.817304"><ele>451.25</ele></trkpt>
   <trkpt lat="48.487016" lon="10.817408"><ele>451.75</ele></trkpt>
   <trkpt lat="48.487351" lon="10.817475"><ele>452</ele></trkpt>
   <trkpt lat="48.487626" lon="10.81756"><ele>451.25</ele></trkpt>
   <trkpt lat="48.488678" lon="10.817883"><ele>450</ele></trkpt>
   <trkpt lat="48.488814" lon="10.817942"><ele>450</ele></trkpt>
   <trkpt lat="48.489822" lon="10.818413"><ele>448</ele></trkpt>
   <trkpt lat="48.489892" lon="10.818438"><ele>448</ele></trkpt>
   <trkpt lat="48.490757" lon="10.818809"><ele>447.25</ele></trkpt>
   <trkpt lat="48.490909" lon="10.81885"><ele>447</ele></trkpt>
   <trkpt lat="48.491191" lon="10.818913"><ele>446.75</ele></trkpt>
   <trkpt lat="48.491468" lon="10.818936"><ele>446.5</ele></trkpt>
   <trkpt lat="48.49193" lon="10.818952"><ele>446.75</ele></trkpt>
   <trkpt lat="48.492104" lon="10.818992"><ele>447</ele></trkpt>
   <trkpt lat="48.493285" lon="10.819046"><ele>448</ele></trkpt>
   <trkpt lat="48.493565" lon="10.819144"><ele>447</ele></trkpt>
   <trkpt lat="48.493853" lon="10.81932"><ele>446.75</ele></trkpt>
   <trkpt lat="48.494156" lon="10.81949"><ele>445.5</ele></trkpt>
   <trkpt lat="48.494714" lon="10.819837"><ele>444</ele></trkpt>
   <trkpt lat="48.494866" lon="10.819923"><ele>442.75</ele></trkpt>
   <trkpt lat="48.494998" lon="10.820002"><ele>441.75</ele></trkpt>
   <trkpt lat="48.495509" lon="10.820262"><ele>441</ele></trkpt>
   <trkpt lat="48.495582" lon="10.820258"><ele>441</ele></trkpt>
   <trkpt lat="48.496174" lon="10.820458"><ele>441</ele></trkpt>
   <trkpt lat="48.496651" lon="10.820664"><ele>441.5</ele></trkpt>
   <trkpt lat="48.496997" lon="10.82084"><ele>441</ele></trkpt>
   <trkpt lat="48.497234" lon="10.821"><ele>441.25</ele></trkpt>
   <trkpt lat="48.497375" lon="10.821112"><ele>441.5</ele></trkpt>
   <trkpt lat="48.497839" lon="10.821355"><ele>441.75</ele></trkpt>
   <trkpt lat="48.497871" lon="10.821323"><ele>441.5</ele></trkpt>
   <trkpt lat="48.498354" lon="10.821527"><ele>441.5</ele></trkpt>
   <trkpt lat="48.499071" lon="10.821725"><ele>441.25</ele></trkpt>
   <trkpt lat="48.499221" lon="10.821789"><ele>441.5</ele></trkpt>
   <trkpt lat="48.499437" lon="10.82184"><ele>441.25</ele></trkpt>
   <trkpt lat="48.499773" lon="10.821908"><ele>442</ele></trkpt>
   <trkpt lat="48.499867" lon="10.821897"><ele>442</ele></trkpt>
   <trkpt lat="48.500171" lon="10.821981"><ele>442.25</ele></trkpt>
   <trkpt lat="48.500648" lon="10.822143"><ele>442</ele></trkpt>
   <trkpt lat="48.50094" lon="10.822241"><ele>441.75</ele></trkpt>
   <trkpt lat="48.501251" lon="10.822292"><ele>441.75</ele></trkpt>
   <trkpt lat="48.502346" lon="10.822546"><ele>442.5</ele></trkpt>
   <trkpt lat="48.502425" lon="10.822572"><ele>442.5</ele></trkpt>
   <trkpt lat="48.503572" lon="10.822829"><ele>444.5</ele></trkpt>
   <trkpt lat="48.504658" lon="10.822914"><ele>446.25</ele></trkpt>
   <trkpt lat="48.505105" lon="10.822927"><ele>447</ele></trkpt>
   <trkpt lat="48.505188" lon="10.823003"><ele>447</ele></trkpt>
   <trkpt lat="48.505558" lon="10.823035"><ele>447</ele></trkpt>
   <trkpt lat="48.505778" lon="10.823071"><ele>446.75</ele></trkpt>
   <trkpt lat="48.506067" lon="10.823119"><ele>446.5</ele></trkpt>
   <trkpt lat="48.506183" lon="10.823138"><ele>446.5</ele></trkpt>
   <trkpt lat="48.506256" lon="10.823155"><ele>446.25</ele></trkpt>
   <trkpt lat="48.506311" lon="10.823167"><ele>446</ele></trkpt>
   <trkpt lat="48.506476" lon="10.823205"><ele>446</ele></trkpt>
   <trkpt lat="48.506531" lon="10.823214"><ele>446</ele></trkpt>
   <trkpt lat="48.506661" lon="10.823236"><ele>446.25</ele></trkpt>
   <trkpt lat="48.506905" lon="10.823277"><ele>446</ele></trkpt>
   <trkpt lat="48.50702" lon="10.823296"><ele>446.25</ele></trkpt>
   <trkpt lat="48.507198" lon="10.823326"><ele>446.75</ele></trkpt>
   <trkpt lat="48.507254" lon="10.823336"><ele>446.75</ele></trkpt>
   <trkpt lat="48.507467" lon="10.823372"><ele>446.75</ele></trkpt>
   <trkpt lat="48.507632" lon="10.823395"><ele>446.75</ele></trkpt>
   <trkpt lat="48.507953" lon="10.823435"><ele>447</ele></trkpt>
   <trkpt lat="48.508058" lon="10.823442"><ele>447</ele></trkpt>
   <trkpt lat="48.508229" lon="10.823461"><ele>447.25</ele></trkpt>
   <trkpt lat="48.508353" lon="10.823461"><ele>447.5</ele></trkpt>
   <trkpt lat="48.508411" lon="10.823447"><ele>447.5</ele></trkpt>
   <trkpt lat="48.508481" lon="10.823425"><ele>447.5</ele></trkpt>
   <trkpt lat="48.508556" lon="10.82338"><ele>447.75</ele></trkpt>
   <trkpt lat="48.508657" lon="10.823417"><ele>447.5</ele></trkpt>
   <trkpt lat="48.508861" lon="10.82342"><ele>447.5</ele></trkpt>
   <trkpt lat="48.509096" lon="10.823444"><ele>447.25</ele></trkpt>
   <trkpt lat="48.509488" lon="10.823538"><ele>447</ele></trkpt>
   <trkpt lat="48.509843" lon="10.823551"><ele>447.25</ele></trkpt>
   <trkpt lat="48.510047" lon="10.8235"><ele>448</ele></trkpt>
   <trkpt lat="48.510262" lon="10.823465"><ele>448</ele></trkpt>
   <trkpt lat="48.510657" lon="10.8234"><ele>447.75</ele></trkpt>
   <trkpt lat="48.511082" lon="10.823332"><ele>447</ele></trkpt>
   <trkpt lat="48.511446" lon="10.82319"><ele>446.75</ele></trkpt>
   <trkpt lat="48.511612" lon="10.823093"><ele>446.75</ele></trkpt>
   <trkpt lat="48.511881" lon="10.822863"><ele>446.5</ele></trkpt>
   <trkpt lat="48.511965" lon="10.822768"><ele>446.75</ele></trkpt>
   <trkpt lat="48.512093" lon="10.822579"><ele>446.25</ele></trkpt>
   <trkpt lat="48.512155" lon="10.822536"><ele>446</ele></trkpt>
   <trkpt lat="48.51225" lon="10.822524"><ele>446</ele></trkpt>
   <trkpt lat="48.512331" lon="10.822549"><ele>446.25</ele></trkpt>
   <trkpt lat="48.512471" lon="10.822566"><ele>446.75</ele></trkpt>
   <trkpt lat="48.513149" lon="10.822044"><ele>448</ele></trkpt>
   <trkpt lat="48.513412" lon="10.821862"><ele>448.25</ele></trkpt>
   <trkpt lat="48.513707" lon="10.821534"><ele>448.75</ele></trkpt>
   <trkpt lat="48.515186" lon="10.819625"><ele>447.25</ele></trkpt>
   <trkpt lat="48.515742" lon="10.818849"><ele>447</ele></trkpt>
   <trkpt lat="48.515932" lon="10.818612"><ele>446.75</ele></trkpt>
   <trkpt lat="48.516161" lon="10.81841"><ele>447.5</ele></trkpt>
   <trkpt lat="48.516411" lon="10.818233"><ele>446.75</ele></trkpt>
   <trkpt lat="48.516547" lon="10.81815"><ele>446.75</ele></trkpt>
   <trkpt lat="48.516824" lon="10.817913"><ele>446.5</ele></trkpt>
   <trkpt lat="48.517405" lon="10.817329"><ele>445</ele></trkpt>
   <trkpt lat="48.517577" lon="10.817174"><ele>444.25</ele></trkpt>
   <trkpt lat="48.517783" lon="10.817015"><ele>443.25</ele></trkpt>
   <trkpt lat="48.517976" lon="10.816962"><ele>441.5</ele></trkpt>
   <trkpt lat="48.518123" lon="10.816934"><ele>440.5</ele></trkpt>
   <trkpt lat="48.518396" lon="10.816948"><ele>438.5</ele></trkpt>
   <trkpt lat="48.518447" lon="10.81695"><ele>438</ele></trkpt>
   <trkpt lat="48.518693" lon="10.816938"><ele>436.5</ele></trkpt>
   <trkpt lat="48.51892" lon="10.816919"><ele>436</ele></trkpt>
   <trkpt lat="48.519149" lon="10.816851"><ele>436</ele></trkpt>
   <trkpt lat="48.519168" lon="10.816846"><ele>435.75</ele></trkpt>
   <trkpt lat="48.519329" lon="10.816727"><ele>435.5</ele></trkpt>
   <trkpt lat="48.519469" lon="10.816545"><ele>435</ele></trkpt>
   <trkpt lat="48.51956" lon="10.816428"><ele>435</ele></trkpt>
   <trkpt lat="48.51944" lon="10.81622"><ele>435</ele></trkpt>
   <trkpt lat="48.519327" lon="10.816026"><ele>435.25</ele></trkpt>
   <trkpt lat="48.519145" lon="10.81571"><ele>436</ele></trkpt>
   <trkpt lat="48.519117" lon="10.81566"><ele>436</ele></trkpt>
   <trkpt lat="48.518925" lon="10.815327"><ele>436</ele></trkpt>
   <trkpt lat="48.518866" lon="10.815223"><ele>436</ele></trkpt>
   <trkpt lat="48.51876" lon="10.814913"><ele>435.75</ele></trkpt>
   <trkpt lat="48.518738" lon="10.81485"><ele>435.75</ele></trkpt>
   <trkpt lat="48.518674" lon="10.814662"><ele>435.75</ele></trkpt>
   <trkpt lat="48.518662" lon="10.814627"><ele>435.75</ele></trkpt>
   <trkpt lat="48.518612" lon="10.814479"><ele>435.75</ele></trkpt>
   <trkpt lat="48.518483" lon="10.814101"><ele>435.25</ele></trkpt>
   <trkpt lat="48.518474" lon="10.814049"><ele>435.25</ele></trkpt>
   <trkpt lat="48.518371" lon="10.813415"><ele>436</ele></trkpt>
   <trkpt lat="48.518362" lon="10.813365"><ele>436</ele></trkpt>
   <trkpt lat="48.5183" lon="10.813157"><ele>435.5</ele></trkpt>
   <trkpt lat="48.518238" lon="10.813026"><ele>435.5</ele></trkpt>
   <trkpt lat="48.518057" lon="10.812706"><ele>435.5</ele></trkpt>
   <trkpt lat="48.518014" lon="10.812668"><ele>435.75</ele></trkpt>
   <trkpt lat="48.517792" lon="10.812472"><ele>436.75</ele></trkpt>
   <trkpt lat="48.518103" lon="10.812183"><ele>436</ele></trkpt>
   <trkpt lat="48.518158" lon="10.812133"><ele>436</ele></trkpt>
   <trkpt lat="48.518183" lon="10.812109"><ele>436</ele></trkpt>
   <trkpt lat="48.518252" lon="10.812014"><ele>436</ele></trkpt>
   <trkpt lat="48.518333" lon="10.811856"><ele>436</ele></trkpt>
   <trkpt lat="48.518375" lon="10.811613"><ele>436</ele></trkpt>
   <trkpt lat="48.518539" lon="10.811662"><ele>436</ele></trkpt>
   <trkpt lat="48.518668" lon="10.81175"><ele>436.25</ele></trkpt>
   <trkpt lat="48.518743" lon="10.811834"><ele>436.5</ele></trkpt>
   <trkpt lat="48.51879" lon="10.811878"><ele>436.25</ele></trkpt>
   <trkpt lat="48.518826" lon="10.811912"><ele>436.25</ele></trkpt>
   <trkpt lat="48.51886" lon="10.811964"><ele>436</ele></trkpt>
   <trkpt lat="48.518923" lon="10.812071"><ele>436</ele></trkpt>
   <trkpt lat="48.519008" lon="10.812255"><ele>436</ele></trkpt>
   <trkpt lat="48.519089" lon="10.8125"><ele>436.25</ele></trkpt>
   <trkpt lat="48.519144" lon="10.812666"><ele>436</ele></trkpt>
   <trkpt lat="48.51924" lon="10.812977"><ele>436</ele></trkpt>
   <trkpt lat="48.51935" lon="10.813304"><ele>436</ele></trkpt>
   <trkpt lat="48.5195" lon="10.813638"><ele>436</ele></trkpt>
   <trkpt lat="48.519526" lon="10.813697"><ele>436</ele></trkpt>
   <trkpt lat="48.51958" lon="10.813784"><ele>436</ele></trkpt>
   <trkpt lat="48.51969" lon="10.813963"><ele>436</ele></trkpt>
   <trkpt lat="48.519706" lon="10.813988"><ele>436</ele></trkpt>
   <trkpt lat="48.519871" lon="10.814201"><ele>435.75</ele></trkpt>
   <trkpt lat="48.520018" lon="10.814327"><ele>436</ele></trkpt>
   <trkpt lat="48.52008" lon="10.814373"><ele>436</ele></trkpt>
   <trkpt lat="48.520192" lon="10.814456"><ele>435.75</ele></trkpt>
   <trkpt lat="48.520277" lon="10.814519"><ele>435.5</ele></trkpt>
   <trkpt lat="48.520358" lon="10.814579"><ele>435.75</ele></trkpt>
   <trkpt lat="48.520583" lon="10.814836"><ele>436.75</ele></trkpt>
   <trkpt lat="48.520705" lon="10.815127"><ele>436.75</ele></trkpt>
   <trkpt lat="48.520743" lon="10.815347"><ele>436.25</ele></trkpt>
   <trkpt lat="48.520749" lon="10.81565"><ele>435.5</ele></trkpt>
   <trkpt lat="48.520746" lon="10.81633"><ele>435.25</ele></trkpt>
   <trkpt lat="48.520764" lon="10.816643"><ele>435</ele></trkpt>
   <trkpt lat="48.52081" lon="10.816618"><ele>435</ele></trkpt>
   <trkpt lat="48.520896" lon="10.816572"><ele>435</ele></trkpt>
   <trkpt lat="48.521147" lon="10.816411"><ele>435</ele></trkpt>
   <trkpt lat="48.521356" lon="10.816241"><ele>435</ele></trkpt>
   <trkpt lat="48.521538" lon="10.816056"><ele>435</ele></trkpt>
   <trkpt lat="48.521638" lon="10.815902"><ele>435</ele></trkpt>
   <trkpt lat="48.521749" lon="10.815612"><ele>435.5</ele></trkpt>
   <trkpt lat="48.521873" lon="10.815306"><ele>435.5</ele></trkpt>
   <trkpt lat="48.522038" lon="10.81495"><ele>435.5</ele></trkpt>
   <trkpt lat="48.522276" lon="10.814598"><ele>435.75</ele></trkpt>
   <trkpt lat="48.522431" lon="10.814429"><ele>436</ele></trkpt>
   <trkpt lat="48.522648" lon="10.814192"><ele>435.75</ele></trkpt>
   <trkpt lat="48.522873" lon="10.814012"><ele>436.25</ele></trkpt>
   <trkpt lat="48.522971" lon="10.813956"><ele>436.5</ele></trkpt>
   <trkpt lat="48.523221" lon="10.813816"><ele>436.5</ele></trkpt>
   <trkpt lat="48.523528" lon="10.813645"><ele>436.75</ele></trkpt>
   <trkpt lat="48.523552" lon="10.813554"><ele>437</ele></trkpt>
   <trkpt lat="48.523691" lon="10.813475"><ele>436.75</ele></trkpt>
   <trkpt lat="48.523886" lon="10.813341"><ele>437.75</ele></trkpt>
   <trkpt lat="48.52409" lon="10.813161"><ele>439</ele></trkpt>
   <trkpt lat="48.524393" lon="10.812876"><ele>438.25</ele></trkpt>
   <trkpt lat="48.524692" lon="10.812568"><ele>441</ele></trkpt>
   <trkpt lat="48.525358" lon="10.811869"><ele>439.25</ele></trkpt>
   <trkpt lat="48.525406" lon="10.811811"><ele>439.5</ele></trkpt>
   <trkpt lat="48.525571" lon="10.811653"><ele>439</ele></trkpt>
   <trkpt lat="48.525711" lon="10.811559"><ele>439.5</ele></trkpt>
   <trkpt lat="48.525885" lon="10.811474"><ele>439.5</ele></trkpt>
   <trkpt lat="48.526287" lon="10.811347"><ele>439.5</ele></trkpt>
   <trkpt lat="48.526722" lon="10.81123"><ele>439.25</ele></trkpt>
   <trkpt lat="48.526914" lon="10.811178"><ele>439.5</ele></trkpt>
   <trkpt lat="48.527122" lon="10.8111"><ele>439.25</ele></trkpt>
   <trkpt lat="48.527165" lon="10.811083"><ele>439.25</ele></trkpt>
   <trkpt lat="48.527674" lon="10.810896"><ele>438</ele></trkpt>
   <trkpt lat="48.529206" lon="10.810208"><ele>438.25</ele></trkpt>
   <trkpt lat="48.529567" lon="10.810053"><ele>438.5</ele></trkpt>
   <trkpt lat="48.52992" lon="10.809927"><ele>438.25</ele></trkpt>
   <trkpt lat="48.530345" lon="10.809915"><ele>438.5</ele></trkpt>
   <trkpt lat="48.53042" lon="10.809971"><ele>438</ele></trkpt>
   <trkpt lat="48.530665" lon="10.80994"><ele>438.25</ele></trkpt>
   <trkpt lat="48.531084" lon="10.809891"><ele>438.75</ele></trkpt>
   <trkpt lat="48.531319" lon="10.809846"><ele>437.75</ele></trkpt>
   <trkpt lat="48.531531" lon="10.809766"><ele>437.75</ele></trkpt>
   <trkpt lat="48.53174" lon="10.809671"><ele>438</ele></trkpt>
   <trkpt lat="48.531962" lon="10.80957"><ele>438.25</ele></trkpt>
   <trkpt lat="48.532215" lon="10.809434"><ele>438</ele></trkpt>
   <trkpt lat="48.532472" lon="10.809295"><ele>438</ele></trkpt>
   <trkpt lat="48.532769" lon="10.809136"><ele>438</ele></trkpt>
   <trkpt lat="48.532877" lon="10.809063"><ele>438</ele></trkpt>
   <trkpt lat="48.532917" lon="10.809039"><ele>438</ele></trkpt>
   <trkpt lat="48.533021" lon="10.808975"><ele>438</ele></trkpt>
   <trkpt lat="48.533199" lon="10.808869"><ele>437.5</ele></trkpt>
   <trkpt lat="48.533388" lon="10.808817"><ele>437.25</ele></trkpt>
   <trkpt lat="48.533446" lon="10.808814"><ele>437.5</ele></trkpt>
   <trkpt lat="48.533703" lon="10.80883"><ele>438</ele></trkpt>
   <trkpt lat="48.533879" lon="10.808859"><ele>438</ele></trkpt>
   <trkpt lat="48.534121" lon="10.808919"><ele>438.5</ele></trkpt>
   <trkpt lat="48.534154" lon="10.808671"><ele>438</ele></trkpt>
   <trkpt lat="48.534178" lon="10.808528"><ele>438.5</ele></trkpt>
   <trkpt lat="48.534179" lon="10.808518"><ele>441.25</ele></trkpt>
   <trkpt lat="48.534178" lon="10.808528"><ele>438.5</ele></trkpt>
   <trkpt lat="48.534154" lon="10.808671"><ele>438</ele></trkpt>
   <trkpt lat="48.534121" lon="10.808919"><ele>438.5</ele></trkpt>
   <trkpt lat="48.534158" lon="10.809192"><ele>438</ele></trkpt>
   <trkpt lat="48.534175" lon="10.809325"><ele>438</ele></trkpt>
   <trkpt lat="48.534213" lon="10.80965"><ele>437.75</ele></trkpt>
   <trkpt lat="48.534297" lon="10.810315"><ele>437.25</ele></trkpt>
   <trkpt lat="48.534303" lon="10.810373"><ele>437.25</ele></trkpt>
   <trkpt lat="48.53431" lon="10.81042"><ele>437.25</ele></trkpt>
   <trkpt lat="48.534315" lon="10.810466"><ele>437</ele></trkpt>
   <trkpt lat="48.534338" lon="10.810732"><ele>437</ele></trkpt>
   <trkpt lat="48.534373" lon="10.8109"><ele>436.75</ele></trkpt>
   <trkpt lat="48.534432" lon="10.811069"><ele>436</ele></trkpt>
   <trkpt lat="48.534503" lon="10.811229"><ele>436</ele></trkpt>
   <trkpt lat="48.53462" lon="10.811453"><ele>436</ele></trkpt>
   <trkpt lat="48.534868" lon="10.811929"><ele>435.5</ele></trkpt>
   <trkpt lat="48.535001" lon="10.812196"><ele>435.75</ele></trkpt>
   <trkpt lat="48.535109" lon="10.812542"><ele>435.75</ele></trkpt>
   <trkpt lat="48.535379" lon="10.812425"><ele>435.25</ele></trkpt>
   <trkpt lat="48.536027" lon="10.8119"><ele>435.25</ele></trkpt>
   <trkpt lat="48.536231" lon="10.81179"><ele>435.75</ele></trkpt>
   <trkpt lat="48.536508" lon="10.811721"><ele>435.5</ele></trkpt>
   <trkpt lat="48.537" lon="10.811633"><ele>436.25</ele></trkpt>
   <trkpt lat="48.537251" lon="10.811597"><ele>436</ele></trkpt>
   <trkpt lat="48.537416" lon="10.811622"><ele>436</ele></trkpt>
   <trkpt lat="48.537586" lon="10.811685"><ele>435.75</ele></trkpt>
   <trkpt lat="48.537679" lon="10.811729"><ele>435.75</ele></trkpt>
   <trkpt lat="48.537799" lon="10.811802"><ele>435.5</ele></trkpt>
   <trkpt lat="48.538197" lon="10.812122"><ele>437</ele></trkpt>
   <trkpt lat="48.538374" lon="10.812202"><ele>436.5</ele></trkpt>
   <trkpt lat="48.538551" lon="10.812229"><ele>435.75</ele></trkpt>
   <trkpt lat="48.539069" lon="10.812167"><ele>436</ele></trkpt>
   <trkpt lat="48.539221" lon="10.812163"><ele>436</ele></trkpt>
   <trkpt lat="48.539381" lon="10.812181"><ele>436</ele></trkpt>
   <trkpt lat="48.539612" lon="10.812222"><ele>436</ele></trkpt>
   <trkpt lat="48.539917" lon="10.812299"><ele>436</ele></trkpt>
   <trkpt lat="48.540204" lon="10.812421"><ele>435.5</ele></trkpt>
   <trkpt lat="48.542087" lon="10.813235"><ele>433.5</ele></trkpt>
   <trkpt lat="48.542334" lon="10.81332"><ele>433</ele></trkpt>
   <trkpt lat="48.54267" lon="10.81342"><ele>433</ele></trkpt>
   <trkpt lat="48.542856" lon="10.81345"><ele>433.25</ele></trkpt>
   <trkpt lat="48.543106" lon="10.813454"><ele>433.5</ele></trkpt>
   <trkpt lat="48.543454" lon="10.813436"><ele>434.25</ele></trkpt>
   <trkpt lat="48.544557" lon="10.813137"><ele>435.5</ele></trkpt>
   <trkpt lat="48.54494" lon="10.813169"><ele>435.25</ele></trkpt>
   <trkpt lat="48.545663" lon="10.813268"><ele>435.5</ele></trkpt>
   <trkpt lat="48.54625" lon="10.81359"><ele>434</ele></trkpt>
   <trkpt lat="48.546573" lon="10.813778"><ele>434</ele></trkpt>
   <trkpt lat="48.546757" lon="10.813948"><ele>433.5</ele></trkpt>
   <trkpt lat="48.546879" lon="10.814088"><ele>433</ele></trkpt>
   <trkpt lat="48.54735" lon="10.814611"><ele>432</ele></trkpt>
   <trkpt lat="48.547632" lon="10.814802"><ele>432</ele></trkpt>
   <trkpt lat="48.54839" lon="10.815194"><ele>431.25</ele></trkpt>
   <trkpt lat="48.548637" lon="10.815349"><ele>430.75</ele></trkpt>
   <trkpt lat="48.548775" lon="10.815472"><ele>430.75</ele></trkpt>
   <trkpt lat="48.548884" lon="10.815658"><ele>430.5</ele></trkpt>
   <trkpt lat="48.549111" lon="10.816076"><ele>429.75</ele></trkpt>
   <trkpt lat="48.549342" lon="10.816385"><ele>429.5</ele></trkpt>
   <trkpt lat="48.549519" lon="10.816545"><ele>429</ele></trkpt>
   <trkpt lat="48.549683" lon="10.816673"><ele>428.75</ele></trkpt>
   <trkpt lat="48.550131" lon="10.816921"><ele>428.5</ele></trkpt>
   <trkpt lat="48.551544" lon="10.817599"><ele>433.25</ele></trkpt>
   <trkpt lat="48.551556" lon="10.817181"><ele>433.5</ele></trkpt>
   <trkpt lat="48.551565" lon="10.817044"><ele>434</ele></trkpt>
   <trkpt lat="48.551635" lon="10.817068"><ele>435.25</ele></trkpt>
   <trkpt lat="48.551769" lon="10.817113"><ele>434.5</ele></trkpt>
   <trkpt lat="48.551808" lon="10.817132"><ele>433.75</ele></trkpt>
   <trkpt lat="48.55184" lon="10.817171"><ele>433.5</ele></trkpt>
   <trkpt lat="48.551899" lon="10.817266"><ele>432.5</ele></trkpt>
   <trkpt lat="48.551984" lon="10.817372"><ele>431.75</ele></trkpt>
   <trkpt lat="48.552043" lon="10.817401"><ele>431.5</ele></trkpt>
   <trkpt lat="48.552386" lon="10.81739"><ele>430.75</ele></trkpt>
   <trkpt lat="48.552638" lon="10.817433"><ele>430.25</ele></trkpt>
   <trkpt lat="48.552797" lon="10.817495"><ele>429.75</ele></trkpt>
   <trkpt lat="48.553036" lon="10.817603"><ele>429</ele></trkpt>
   <trkpt lat="48.553235" lon="10.817741"><ele>429</ele></trkpt>
   <trkpt lat="48.554534" lon="10.818576"><ele>428</ele></trkpt>
   <trkpt lat="48.555185" lon="10.818913"><ele>428</ele></trkpt>
   <trkpt lat="48.556139" lon="10.819355"><ele>428</ele></trkpt>
   <trkpt lat="48.556857" lon="10.81963"><ele>427</ele></trkpt>
   <trkpt lat="48.557978" lon="10.82002"><ele>426.75</ele></trkpt>
   <trkpt lat="48.558928" lon="10.820331"><ele>426.75</ele></trkpt>
   <trkpt lat="48.558921" lon="10.820402"><ele>426.5</ele></trkpt>
   <trkpt lat="48.559237" lon="10.820466"><ele>427</ele></trkpt>
   <trkpt lat="48.559689" lon="10.820599"><ele>426.75</ele></trkpt>
   <trkpt lat="48.560092" lon="10.820721"><ele>427.25</ele></trkpt>
   <trkpt lat="48.56029" lon="10.820788"><ele>427</ele></trkpt>
   <trkpt lat="48.560998" lon="10.821029"><ele>427</ele></trkpt>
   <trkpt lat="48.561257" lon="10.821114"><ele>427</ele></trkpt>
   <trkpt lat="48.56207" lon="10.821381"><ele>427</ele></trkpt>
   <trkpt lat="48.562148" lon="10.821407"><ele>426.75</ele></trkpt>
   <trkpt lat="48.562297" lon="10.821456"><ele>427</ele></trkpt>
   <trkpt lat="48.562783" lon="10.821628"><ele>426.75</ele></trkpt>
   <trkpt lat="48.563509" lon="10.821974"><ele>426.5</ele></trkpt>
   <trkpt lat="48.564182" lon="10.822287"><ele>427</ele></trkpt>
   <trkpt lat="48.564492" lon="10.822432"><ele>426.75</ele></trkpt>
   <trkpt lat="48.564808" lon="10.822632"><ele>426.25</ele></trkpt>
   <trkpt lat="48.565014" lon="10.822736"><ele>425.75</ele></trkpt>
   <trkpt lat="48.565147" lon="10.822795"><ele>425.25</ele></trkpt>
   <trkpt lat="48.565382" lon="10.822875"><ele>425.25</ele></trkpt>
   <trkpt lat="48.565564" lon="10.822906"><ele>425.75</ele></trkpt>
   <trkpt lat="48.565883" lon="10.822989"><ele>425</ele></trkpt>
   <trkpt lat="48.566078" lon="10.823081"><ele>425</ele></trkpt>
   <trkpt lat="48.566316" lon="10.823214"><ele>425.5</ele></trkpt>
   <trkpt lat="48.566519" lon="10.823338"><ele>425.25</ele></trkpt>
   <trkpt lat="48.566667" lon="10.823423"><ele>426</ele></trkpt>
   <trkpt lat="48.566753" lon="10.823406"><ele>426</ele></trkpt>
   <trkpt lat="48.566665" lon="10.82307"><ele>426.75</ele></trkpt>
   <trkpt lat="48.566967" lon="10.822923"><ele>426</ele></trkpt>
   <trkpt lat="48.567338" lon="10.822751"><ele>426</ele></trkpt>
   <trkpt lat="48.567384" lon="10.822729"><ele>426</ele></trkpt>
   <trkpt lat="48.567597" lon="10.822625"><ele>425.75</ele></trkpt>
   <trkpt lat="48.567677" lon="10.822595"><ele>425.75</ele></trkpt>
   <trkpt lat="48.567774" lon="10.822573"><ele>425.5</ele></trkpt>
   <trkpt lat="48.567992" lon="10.822539"><ele>425.75</ele></trkpt>
   <trkpt lat="48.568151" lon="10.822542"><ele>425.75</ele></trkpt>
   <trkpt lat="48.568452" lon="10.822549"><ele>425.75</ele></trkpt>
   <trkpt lat="48.569008" lon="10.822583"><ele>425.5</ele></trkpt>
   <trkpt lat="48.569592" lon="10.822582"><ele>425.75</ele></trkpt>
   <trkpt lat="48.57008" lon="10.822534"><ele>426</ele></trkpt>
   <trkpt lat="48.570326" lon="10.822492"><ele>426</ele></trkpt>
   <trkpt lat="48.570388" lon="10.822562"><ele>425.75</ele></trkpt>
   <trkpt lat="48.571334" lon="10.822457"><ele>425</ele></trkpt>
   <trkpt lat="48.571696" lon="10.822436"><ele>426</ele></trkpt>
   <trkpt lat="48.571798" lon="10.822445"><ele>426</ele></trkpt>
   <trkpt lat="48.571931" lon="10.822474"><ele>426</ele></trkpt>
   <trkpt lat="48.572082" lon="10.822521"><ele>425.25</ele></trkpt>
   <trkpt lat="48.572323" lon="10.822657"><ele>424.75</ele></trkpt>
   <trkpt lat="48.572462" lon="10.82276"><ele>424.75</ele></trkpt>
   <trkpt lat="48.5727" lon="10.82296"><ele>424.25</ele></trkpt>
   <trkpt lat="48.572951" lon="10.823126"><ele>424</ele></trkpt>
   <trkpt lat="48.573086" lon="10.823188"><ele>424</ele></trkpt>
   <trkpt lat="48.573409" lon="10.823271"><ele>423.5</ele></trkpt>
   <trkpt lat="48.573561" lon="10.823281"><ele>424</ele></trkpt>
   <trkpt lat="48.573712" lon="10.823274"><ele>423.75</ele></trkpt>
   <trkpt lat="48.573993" lon="10.823229"><ele>423.75</ele></trkpt>
   <trkpt lat="48.574164" lon="10.823214"><ele>423.75</ele></trkpt>
   <trkpt lat="48.574363" lon="10.823228"><ele>423</ele></trkpt>
   <trkpt lat="48.574544" lon="10.823279"><ele>422.5</ele></trkpt>
   <trkpt lat="48.574728" lon="10.823356"><ele>422.75</ele></trkpt>
   <trkpt lat="48.575478" lon="10.823797"><ele>423</ele></trkpt>
   <trkpt lat="48.575658" lon="10.823908"><ele>423.25</ele></trkpt>
   <trkpt lat="48.575828" lon="10.824001"><ele>423</ele></trkpt>
   <trkpt lat="48.576044" lon="10.824081"><ele>423</ele></trkpt>
   <trkpt lat="48.576229" lon="10.824139"><ele>423</ele></trkpt>
   <trkpt lat="48.577764" lon="10.824354"><ele>423.25</ele></trkpt>
   <trkpt lat="48.57814" lon="10.824426"><ele>424</ele></trkpt>
   <trkpt lat="48.578244" lon="10.824468"><ele>423.75</ele></trkpt>
   <trkpt lat="48.578437" lon="10.824547"><ele>423.25</ele></trkpt>
   <trkpt lat="48.579391" lon="10.825115"><ele>422.5</ele></trkpt>
   <trkpt lat="48.579555" lon="10.825193"><ele>422.25</ele></trkpt>
   <trkpt lat="48.579871" lon="10.825311"><ele>422.25</ele></trkpt>
   <trkpt lat="48.580102" lon="10.825381"><ele>422.5</ele></trkpt>
   <trkpt lat="48.580363" lon="10.825421"><ele>422.25</ele></trkpt>
   <trkpt lat="48.580743" lon="10.825438"><ele>422.5</ele></trkpt>
   <trkpt lat="48.581112" lon="10.825446"><ele>422</ele></trkpt>
   <trkpt lat="48.581755" lon="10.825364"><ele>423</ele></trkpt>
   <trkpt lat="48.582116" lon="10.825303"><ele>423.5</ele></trkpt>
   <trkpt lat="48.582512" lon="10.825173"><ele>424.25</ele></trkpt>
   <trkpt lat="48.582646" lon="10.825111"><ele>424.5</ele></trkpt>
   <trkpt lat="48.582771" lon="10.824996"><ele>425</ele></trkpt>
   <trkpt lat="48.58302" lon="10.824628"><ele>425.25</ele></trkpt>
   <trkpt lat="48.583082" lon="10.824377"><ele>427</ele></trkpt>
   <trkpt lat="48.583153" lon="10.824393"><ele>426.25</ele></trkpt>
   <trkpt lat="48.583241" lon="10.824369"><ele>425.75</ele></trkpt>
   <trkpt lat="48.583508" lon="10.824182"><ele>424.5</ele></trkpt>
   <trkpt lat="48.58365" lon="10.824056"><ele>424.25</ele></trkpt>
   <trkpt lat="48.583723" lon="10.823978"><ele>424.25</ele></trkpt>
   <trkpt lat="48.58382" lon="10.823924"><ele>424</ele></trkpt>
   <trkpt lat="48.583914" lon="10.823894"><ele>423.75</ele></trkpt>
   <trkpt lat="48.583963" lon="10.823893"><ele>423.75</ele></trkpt>
   <trkpt lat="48.583999" lon="10.823903"><ele>423.75</ele></trkpt>
   <trkpt lat="48.584063" lon="10.82393"><ele>423.75</ele></trkpt>
   <trkpt lat="48.584234" lon="10.824011"><ele>423.25</ele></trkpt>
   <trkpt lat="48.584324" lon="10.824072"><ele>423</ele></trkpt>
   <trkpt lat="48.584653" lon="10.824327"><ele>422</ele></trkpt>
   <trkpt lat="48.584784" lon="10.824434"><ele>422</ele></trkpt>
   <trkpt lat="48.58486" lon="10.824557"><ele>422</ele></trkpt>
   <trkpt lat="48.584903" lon="10.824661"><ele>422</ele></trkpt>
   <trkpt lat="48.584939" lon="10.824811"><ele>421.75</ele></trkpt>
   <trkpt lat="48.584963" lon="10.824924"><ele>421.75</ele></trkpt>
   <trkpt lat="48.584998" lon="10.825113"><ele>421.75</ele></trkpt>
   <trkpt lat="48.585001" lon="10.825352"><ele>421.75</ele></trkpt>
   <trkpt lat="48.585188" lon="10.825404"><ele>421.25</ele></trkpt>
   <trkpt lat="48.585334" lon="10.825362"><ele>421</ele></trkpt>
   <trkpt lat="48.58578" lon="10.825087"><ele>421.5</ele></trkpt>
   <trkpt lat="48.586008" lon="10.825034"><ele>421.75</ele></trkpt>
   <trkpt lat="48.586062" lon="10.825038"><ele>421.75</ele></trkpt>
   <trkpt lat="48.586178" lon="10.825082"><ele>421.75</ele></trkpt>
   <trkpt lat="48.586257" lon="10.825079"><ele>421.5</ele></trkpt>
   <trkpt lat="48.586311" lon="10.825077"><ele>421.25</ele></trkpt>
   <trkpt lat="48.586402" lon="10.825054"><ele>421</ele></trkpt>
   <trkpt lat="48.586451" lon="10.825041"><ele>421</ele></trkpt>
   <trkpt lat="48.586607" lon="10.824987"><ele>421</ele></trkpt>
   <trkpt lat="48.586683" lon="10.824961"><ele>421</ele></trkpt>
   <trkpt lat="48.586879" lon="10.82489"><ele>421</ele></trkpt>
   <trkpt lat="48.586999" lon="10.824877"><ele>421</ele></trkpt>
   <trkpt lat="48.587075" lon="10.824871"><ele>421</ele></trkpt>
   <trkpt lat="48.587408" lon="10.824845"><ele>421</ele></trkpt>
   <trkpt lat="48.587971" lon="10.824821"><ele>421</ele></trkpt>
   <trkpt lat="48.588378" lon="10.824753"><ele>420.75</ele></trkpt>
   <trkpt lat="48.589242" lon="10.824567"><ele>420.5</ele></trkpt>
   <trkpt lat="48.591367" lon="10.824059"><ele>420</ele></trkpt>
   <trkpt lat="48.592323" lon="10.823816"><ele>419.75</ele></trkpt>
   <trkpt lat="48.592392" lon="10.824043"><ele>420</ele></trkpt>
   <trkpt lat="48.592477" lon="10.824187"><ele>420</ele></trkpt>
   <trkpt lat="48.593218" lon="10.824955"><ele>420</ele></trkpt>
   <trkpt lat="48.594065" lon="10.825902"><ele>419.75</ele></trkpt>
   <trkpt lat="48.594125" lon="10.825975"><ele>419.5</ele></trkpt>
   <trkpt lat="48.59414" lon="10.825993"><ele>419.25</ele></trkpt>
   <trkpt lat="48.594323" lon="10.826263"><ele>419.5</ele></trkpt>
   <trkpt lat="48.594387" lon="10.826371"><ele>419.75</ele></trkpt>
   <trkpt lat="48.594396" lon="10.826675"><ele>420</ele></trkpt>
   <trkpt lat="48.594406" lon="10.826798"><ele>420</ele></trkpt>
   <trkpt lat="48.594421" lon="10.82697"><ele>420</ele></trkpt>
   <trkpt lat="48.594299" lon="10.827127"><ele>420</ele></trkpt>
   <trkpt lat="48.59415" lon="10.827475"><ele>419.75</ele></trkpt>
   <trkpt lat="48.594115" lon="10.827622"><ele>420</ele></trkpt>
   <trkpt lat="48.594104" lon="10.827672"><ele>420</ele></trkpt>
   <trkpt lat="48.59408" lon="10.827889"><ele>420</ele></trkpt>
   <trkpt lat="48.594137" lon="10.827968"><ele>420</ele></trkpt>
   <trkpt lat="48.594316" lon="10.828599"><ele>420</ele></trkpt>
   <trkpt lat="48.594399" lon="10.828957"><ele>420</ele></trkpt>
   <trkpt lat="48.594443" lon="10.829147"><ele>420</ele></trkpt>
   <trkpt lat="48.594467" lon="10.829273"><ele>420</ele></trkpt>
   <trkpt lat="48.594537" lon="10.829643"><ele>420.75</ele></trkpt>
   <trkpt lat="48.594577" lon="10.829853"><ele>421</ele></trkpt>
   <trkpt lat="48.594618" lon="10.83003"><ele>421</ele></trkpt>
   <trkpt lat="48.594784" lon="10.830745"><ele>421</ele></trkpt>
   <trkpt lat="48.594936" lon="10.831375"><ele>421</ele></trkpt>
   <trkpt lat="48.595139" lon="10.83123"><ele>421</ele></trkpt>
   <trkpt lat="48.595191" lon="10.831201"><ele>421</ele></trkpt>
   <trkpt lat="48.595503" lon="10.831025"><ele>421</ele></trkpt>
   <trkpt lat="48.5957" lon="10.830869"><ele>420.5</ele></trkpt>
   <trkpt lat="48.595785" lon="10.830782"><ele>420</ele></trkpt>
   <trkpt lat="48.596013" lon="10.83055"><ele>420</ele></trkpt>
   <trkpt lat="48.596043" lon="10.83052"><ele>420</ele></trkpt>
   <trkpt lat="48.596201" lon="10.830358"><ele>420</ele></trkpt>
   <trkpt lat="48.596277" lon="10.830272"><ele>420</ele></trkpt>
   <trkpt lat="48.596373" lon="10.830162"><ele>420</ele></trkpt>
   <trkpt lat="48.596536" lon="10.829978"><ele>420.5</ele></trkpt>
   <trkpt lat="48.596843" lon="10.829647"><ele>421</ele></trkpt>
   <trkpt lat="48.596916" lon="10.829582"><ele>421</ele></trkpt>
   <trkpt lat="48.597118" lon="10.829414"><ele>421</ele></trkpt>
   <trkpt lat="48.59742" lon="10.829143"><ele>421</ele></trkpt>
   <trkpt lat="48.597895" lon="10.82875"><ele>421.25</ele></trkpt>
   <trkpt lat="48.598117" lon="10.828576"><ele>421.75</ele></trkpt>
   <trkpt lat="48.598428" lon="10.828335"><ele>421.75</ele></trkpt>
   <trkpt lat="48.598653" lon="10.828184"><ele>421.25</ele></trkpt>
   <trkpt lat="48.598709" lon="10.828239"><ele>421.5</ele></trkpt>
   <trkpt lat="48.599378" lon="10.827932"><ele>421.25</ele></trkpt>
   <trkpt lat="48.599818" lon="10.827773"><ele>421.5</ele></trkpt>
   <trkpt lat="48.600132" lon="10.827688"><ele>421</ele></trkpt>
   <trkpt lat="48.600297" lon="10.827645"><ele>421</ele></trkpt>
   <trkpt lat="48.600606" lon="10.827544"><ele>421</ele></trkpt>
   <trkpt lat="48.600858" lon="10.827457"><ele>421</ele></trkpt>
   <trkpt lat="48.600914" lon="10.82744"><ele>421</ele></trkpt>
   <trkpt lat="48.601035" lon="10.827434"><ele>421</ele></trkpt>
   <trkpt lat="48.60107" lon="10.827451"><ele>421</ele></trkpt>
   <trkpt lat="48.601152" lon="10.827538"><ele>420.75</ele></trkpt>
   <trkpt lat="48.601216" lon="10.827587"><ele>420.75</ele></trkpt>
   <trkpt lat="48.601258" lon="10.827603"><ele>420.75</ele></trkpt>
   <trkpt lat="48.601302" lon="10.827654"><ele>420.5</ele></trkpt>
   <trkpt lat="48.601357" lon="10.827621"><ele>420.5</ele></trkpt>
   <trkpt lat="48.601408" lon="10.827577"><ele>420.75</ele></trkpt>
   <trkpt lat="48.601453" lon="10.827535"><ele>421.25</ele></trkpt>
   <trkpt lat="48.601459" lon="10.827506"><ele>421.25</ele></trkpt>
   <trkpt lat="48.601461" lon="10.827428"><ele>421.5</ele></trkpt>
   <trkpt lat="48.601478" lon="10.827361"><ele>421.5</ele></trkpt>
   <trkpt lat="48.601497" lon="10.827324"><ele>421.5</ele></trkpt>
   <trkpt lat="48.601526" lon="10.827299"><ele>421.5</ele></trkpt>
   <trkpt lat="48.601597" lon="10.827256"><ele>421.25</ele></trkpt>
   <trkpt lat="48.601718" lon="10.82723"><ele>421</ele></trkpt>
   <trkpt lat="48.601854" lon="10.827225"><ele>421</ele></trkpt>
   <trkpt lat="48.602223" lon="10.827249"><ele>419.75</ele></trkpt>
   <trkpt lat="48.602602" lon="10.827286"><ele>419.5</ele></trkpt>
   <trkpt lat="48.6031" lon="10.827359"><ele>419.5</ele></trkpt>
   <trkpt lat="48.60358" lon="10.827412"><ele>419</ele></trkpt>
   <trkpt lat="48.604396" lon="10.827431"><ele>419</ele></trkpt>
   <trkpt lat="48.605017" lon="10.827479"><ele>419</ele></trkpt>
   <trkpt lat="48.606873" lon="10.82777"><ele>418.75</ele></trkpt>
   <trkpt lat="48.60692" lon="10.827788"><ele>419</ele></trkpt>
   <trkpt lat="48.606976" lon="10.827821"><ele>419</ele></trkpt>
   <trkpt lat="48.607915" lon="10.82795"><ele>419</ele></trkpt>
   <trkpt lat="48.60822" lon="10.828005"><ele>419</ele></trkpt>
   <trkpt lat="48.608621" lon="10.828119"><ele>418.75</ele></trkpt>
   <trkpt lat="48.609125" lon="10.828289"><ele>418.75</ele></trkpt>
   <trkpt lat="48.609796" lon="10.828532"><ele>418.25</ele></trkpt>
   <trkpt lat="48.610081" lon="10.828663"><ele>418</ele></trkpt>
   <trkpt lat="48.610312" lon="10.82871"><ele>418.5</ele></trkpt>
   <trkpt lat="48.61051" lon="10.82872"><ele>418.25</ele></trkpt>
   <trkpt lat="48.611035" lon="10.828672"><ele>418.25</ele></trkpt>
   <trkpt lat="48.611453" lon="10.828623"><ele>417.5</ele></trkpt>
   <trkpt lat="48.61154" lon="10.828596"><ele>417.5</ele></trkpt>
   <trkpt lat="48.61161" lon="10.828574"><ele>417.25</ele></trkpt>
   <trkpt lat="48.611844" lon="10.828467"><ele>417.5</ele></trkpt>
   <trkpt lat="48.612114" lon="10.828322"><ele>417.25</ele></trkpt>
   <trkpt lat="48.612684" lon="10.827988"><ele>417.25</ele></trkpt>
   <trkpt lat="48.612889" lon="10.827884"><ele>417.25</ele></trkpt>
   <trkpt lat="48.613734" lon="10.82749"><ele>417</ele></trkpt>
   <trkpt lat="48.61385" lon="10.827434"><ele>417</ele></trkpt>
   <trkpt lat="48.615342" lon="10.826709"><ele>416.75</ele></trkpt>
   <trkpt lat="48.616598" lon="10.82608"><ele>416.25</ele></trkpt>
   <trkpt lat="48.616986" lon="10.825901"><ele>416.5</ele></trkpt>
   <trkpt lat="48.618839" lon="10.825086"><ele>416.5</ele></trkpt>
   <trkpt lat="48.619995" lon="10.824602"><ele>416.25</ele></trkpt>
   <trkpt lat="48.620483" lon="10.82445"><ele>416</ele></trkpt>
   <trkpt lat="48.620609" lon="10.824362"><ele>416</ele></trkpt>
   <trkpt lat="48.620655" lon="10.824323"><ele>415.75</ele></trkpt>
   <trkpt lat="48.620927" lon="10.824199"><ele>415.75</ele></trkpt>
   <trkpt lat="48.621152" lon="10.824115"><ele>415.75</ele></trkpt>
   <trkpt lat="48.62217" lon="10.823692"><ele>415.75</ele></trkpt>
   <trkpt lat="48.62301" lon="10.823337"><ele>415.75</ele></trkpt>
   <trkpt lat="48.623816" lon="10.823012"><ele>415.25</ele></trkpt>
   <trkpt lat="48.624118" lon="10.823002"><ele>415</ele></trkpt>
   <trkpt lat="48.625141" lon="10.822953"><ele>415</ele></trkpt>
   <trkpt lat="48.62596" lon="10.822921"><ele>415.5</ele></trkpt>
   <trkpt lat="48.626625" lon="10.822889"><ele>415.5</ele></trkpt>
   <trkpt lat="48.627081" lon="10.822886"><ele>415</ele></trkpt>
   <trkpt lat="48.627396" lon="10.822889"><ele>415</ele></trkpt>
   <trkpt lat="48.628766" lon="10.82284"><ele>414.75</ele></trkpt>
   <trkpt lat="48.62891" lon="10.822813"><ele>414.75</ele></trkpt>
   <trkpt lat="48.62902" lon="10.82275"><ele>415</ele></trkpt>
   <trkpt lat="48.629318" lon="10.822585"><ele>415</ele></trkpt>
   <trkpt lat="48.629527" lon="10.822435"><ele>414.5</ele></trkpt>
   <trkpt lat="48.629779" lon="10.82222"><ele>415</ele></trkpt>
   <trkpt lat="48.630153" lon="10.821794"><ele>415</ele></trkpt>
   <trkpt lat="48.630262" lon="10.821639"><ele>415</ele></trkpt>
   <trkpt lat="48.630466" lon="10.821316"><ele>413.75</ele></trkpt>
   <trkpt lat="48.630807" lon="10.820707"><ele>414.25</ele></trkpt>
   <trkpt lat="48.631023" lon="10.820292"><ele>414.5</ele></trkpt>
   <trkpt lat="48.631081" lon="10.82031"><ele>414.75</ele></trkpt>
   <trkpt lat="48.63116" lon="10.820276"><ele>414.75</ele></trkpt>
   <trkpt lat="48.631205" lon="10.820213"><ele>414.5</ele></trkpt>
   <trkpt lat="48.631219" lon="10.820164"><ele>414.5</ele></trkpt>
   <trkpt lat="48.631192" lon="10.819989"><ele>414.5</ele></trkpt>
   <trkpt lat="48.631239" lon="10.819886"><ele>414.5</ele></trkpt>
   <trkpt lat="48.63136" lon="10.819429"><ele>414.75</ele></trkpt>
   <trkpt lat="48.631411" lon="10.819184"><ele>414.75</ele></trkpt>
   <trkpt lat="48.631504" lon="10.818528"><ele>414.5</ele></trkpt>
   <trkpt lat="48.631532" lon="10.818388"><ele>414.75</ele></trkpt>
   <trkpt lat="48.631548" lon="10.81835"><ele>414.75</ele></trkpt>
   <trkpt lat="48.63159" lon="10.81826"><ele>414.75</ele></trkpt>
   <trkpt lat="48.631631" lon="10.818152"><ele>414.25</ele></trkpt>
   <trkpt lat="48.631656" lon="10.817987"><ele>414</ele></trkpt>
   <trkpt lat="48.631644" lon="10.817763"><ele>414</ele></trkpt>
   <trkpt lat="48.63166" lon="10.817645"><ele>414.25</ele></trkpt>
   <trkpt lat="48.631691" lon="10.817483"><ele>414.75</ele></trkpt>
   <trkpt lat="48.631694" lon="10.817349"><ele>414.75</ele></trkpt>
   <trkpt lat="48.631654" lon="10.817201"><ele>414.75</ele></trkpt>
   <trkpt lat="48.631614" lon="10.817102"><ele>414</ele></trkpt>
   <trkpt lat="48.631677" lon="10.816593"><ele>413.75</ele></trkpt>
   <trkpt lat="48.631697" lon="10.816447"><ele>415.25</ele></trkpt>
   <trkpt lat="48.631715" lon="10.816333"><ele>416</ele></trkpt>
   <trkpt lat="48.631782" lon="10.816127"><ele>416</ele></trkpt>
   <trkpt lat="48.631798" lon="10.816089"><ele>416</ele></trkpt>
   <trkpt lat="48.631862" lon="10.815999"><ele>416.25</ele></trkpt>
   <trkpt lat="48.631892" lon="10.815957"><ele>416.25</ele></trkpt>
   <trkpt lat="48.632014" lon="10.815865"><ele>416.75</ele></trkpt>
   <trkpt lat="48.632233" lon="10.81574"><ele>418</ele></trkpt>
   <trkpt lat="48.632408" lon="10.815608"><ele>419</ele></trkpt>
   <trkpt lat="48.632558" lon="10.815463"><ele>419.75</ele></trkpt>
   <trkpt lat="48.632763" lon="10.815257"><ele>421</ele></trkpt>
   <trkpt lat="48.632918" lon="10.815117"><ele>423</ele></trkpt>
   <trkpt lat="48.632994" lon="10.815064"><ele>423.5</ele></trkpt>
   <trkpt lat="48.633074" lon="10.815052"><ele>424</ele></trkpt>
   <trkpt lat="48.633128" lon="10.815044"><ele>424.5</ele></trkpt>
   <trkpt lat="48.63329" lon="10.815073"><ele>425.75</ele></trkpt>
   <trkpt lat="48.63335" lon="10.815095"><ele>426.5</ele></trkpt>
   <trkpt lat="48.633397" lon="10.815114"><ele>427</ele></trkpt>
   <trkpt lat="48.633571" lon="10.815174"><ele>428.5</ele></trkpt>
   <trkpt lat="48.633755" lon="10.815247"><ele>429.5</ele></trkpt>
   <trkpt lat="48.633843" lon="10.815283"><ele>429.75</ele></trkpt>
   <trkpt lat="48.633994" lon="10.815347"><ele>430.75</ele></trkpt>
   <trkpt lat="48.634027" lon="10.815362"><ele>430.75</ele></trkpt>
   <trkpt lat="48.634205" lon="10.815457"><ele>432</ele></trkpt>
   <trkpt lat="48.634333" lon="10.815539"><ele>432</ele></trkpt>
   <trkpt lat="48.634439" lon="10.815607"><ele>431.75</ele></trkpt>
   <trkpt lat="48.634596" lon="10.815677"><ele>431.25</ele></trkpt>
   <trkpt lat="48.634685" lon="10.815718"><ele>431</ele></trkpt>
   <trkpt lat="48.634732" lon="10.815726"><ele>430.75</ele></trkpt>
   <trkpt lat="48.634803" lon="10.815731"><ele>430.25</ele></trkpt>
   <trkpt lat="48.634921" lon="10.815716"><ele>429.25</ele></trkpt>
   <trkpt lat="48.634978" lon="10.8157"><ele>428.5</ele></trkpt>
   <trkpt lat="48.635218" lon="10.815567"><ele>427</ele></trkpt>
   <trkpt lat="48.635296" lon="10.815523"><ele>426.75</ele></trkpt>
   <trkpt lat="48.635396" lon="10.815479"><ele>425.75</ele></trkpt>
   <trkpt lat="48.635556" lon="10.815413"><ele>425</ele></trkpt>
   <trkpt lat="48.635703" lon="10.815387"><ele>425</ele></trkpt>
   <trkpt lat="48.635875" lon="10.815399"><ele>424.75</ele></trkpt>
   <trkpt lat="48.63599" lon="10.81542"><ele>425.5</ele></trkpt>
   <trkpt lat="48.636632" lon="10.815616"><ele>427.25</ele></trkpt>
   <trkpt lat="48.636775" lon="10.815649"><ele>427.5</ele></trkpt>
   <trkpt lat="48.637065" lon="10.815717"><ele>428.25</ele></trkpt>
   <trkpt lat="48.637158" lon="10.815739"><ele>428.75</ele></trkpt>
   <trkpt lat="48.637251" lon="10.815761"><ele>429</ele></trkpt>
   <trkpt lat="48.637412" lon="10.815799"><ele>429.5</ele></trkpt>
   <trkpt lat="48.637539" lon="10.815828"><ele>430</ele></trkpt>
   <trkpt lat="48.637801" lon="10.81589"><ele>431.25</ele></trkpt>
   <trkpt lat="48.637892" lon="10.815911"><ele>431.75</ele></trkpt>
   <trkpt lat="48.637906" lon="10.815799"><ele>431.75</ele></trkpt>
   <trkpt lat="48.63808" lon="10.815795"><ele>433.25</ele></trkpt>
   <trkpt lat="48.638193" lon="10.815821"><ele>434.25</ele></trkpt>
   <trkpt lat="48.63833" lon="10.81586"><ele>435.5</ele></trkpt>
   <trkpt lat="48.638612" lon="10.815972"><ele>437.5</ele></trkpt>
   <trkpt lat="48.638789" lon="10.815995"><ele>438.25</ele></trkpt>
   <trkpt lat="48.638912" lon="10.81598"><ele>439</ele></trkpt>
   <trkpt lat="48.639086" lon="10.815916"><ele>439.25</ele></trkpt>
   <trkpt lat="48.639821" lon="10.815502"><ele>440</ele></trkpt>
   <trkpt lat="48.640572" lon="10.815036"><ele>439.75</ele></trkpt>
   <trkpt lat="48.641452" lon="10.814491"><ele>436.5</ele></trkpt>
   <trkpt lat="48.642095" lon="10.814162"><ele>432.75</ele></trkpt>
   <trkpt lat="48.642435" lon="10.813978"><ele>431</ele></trkpt>
   <trkpt lat="48.642776" lon="10.81377"><ele>429.5</ele></trkpt>
   <trkpt lat="48.643074" lon="10.813509"><ele>427.75</ele></trkpt>
   <trkpt lat="48.64353" lon="10.813043"><ele>427.25</ele></trkpt>
   <trkpt lat="48.645341" lon="10.811284"><ele>422</ele></trkpt>
   <trkpt lat="48.645575" lon="10.811056"><ele>422</ele></trkpt>
   <trkpt lat="48.646132" lon="10.810441"><ele>420.75</ele></trkpt>
   <trkpt lat="48.646366" lon="10.810169"><ele>420</ele></trkpt>
   <trkpt lat="48.646589" lon="10.809913"><ele>419.25</ele></trkpt>
   <trkpt lat="48.647007" lon="10.809381"><ele>417.5</ele></trkpt>
   <trkpt lat="48.64746" lon="10.808708"><ele>416</ele></trkpt>
   <trkpt lat="48.647595" lon="10.80847"><ele>415.25</ele></trkpt>
   <trkpt lat="48.647656" lon="10.808301"><ele>415.25</ele></trkpt>
   <trkpt lat="48.64771" lon="10.807976"><ele>415</ele></trkpt>
   <trkpt lat="48.647798" lon="10.808028"><ele>414.75</ele></trkpt>
   <trkpt lat="48.647849" lon="10.808071"><ele>415</ele></trkpt>
   <trkpt lat="48.647886" lon="10.808101"><ele>415</ele></trkpt>
   <trkpt lat="48.648002" lon="10.808142"><ele>415</ele></trkpt>
   <trkpt lat="48.648017" lon="10.808093"><ele>415</ele></trkpt>
   <trkpt lat="48.648059" lon="10.80801"><ele>414.75</ele></trkpt>
   <trkpt lat="48.648087" lon="10.807923"><ele>414.25</ele></trkpt>
   <trkpt lat="48.648093" lon="10.807827"><ele>414</ele></trkpt>
   <trkpt lat="48.648082" lon="10.807744"><ele>413.75</ele></trkpt>
   <trkpt lat="48.648058" lon="10.807676"><ele>413.5</ele></trkpt>
   <trkpt lat="48.648055" lon="10.807584"><ele>413.25</ele></trkpt>
   <trkpt lat="48.648062" lon="10.807501"><ele>413</ele></trkpt>
   <trkpt lat="48.648096" lon="10.807436"><ele>413</ele></trkpt>
   <trkpt lat="48.648157" lon="10.807397"><ele>413.25</ele></trkpt>
   <trkpt lat="48.648297" lon="10.807386"><ele>413.25</ele></trkpt>
   <trkpt lat="48.648334" lon="10.807371"><ele>413.25</ele></trkpt>
   <trkpt lat="48.648443" lon="10.807285"><ele>413.25</ele></trkpt>
   <trkpt lat="48.648481" lon="10.807252"><ele>413</ele></trkpt>
   <trkpt lat="48.648534" lon="10.807249"><ele>412.5</ele></trkpt>
   <trkpt lat="48.648676" lon="10.80731"><ele>412.75</ele></trkpt>
   <trkpt lat="48.648727" lon="10.807313"><ele>412.75</ele></trkpt>
   <trkpt lat="48.648783" lon="10.807298"><ele>412.75</ele></trkpt>
   <trkpt lat="48.648837" lon="10.807254"><ele>412.75</ele></trkpt>
   <trkpt lat="48.648881" lon="10.807184"><ele>413</ele></trkpt>
   <trkpt lat="48.648914" lon="10.807085"><ele>413.5</ele></trkpt>
   <trkpt lat="48.64896" lon="10.806866"><ele>413.75</ele></trkpt>
   <trkpt lat="48.648965" lon="10.806815"><ele>413.5</ele></trkpt>
   <trkpt lat="48.649078" lon="10.806712"><ele>413.5</ele></trkpt>
   <trkpt lat="48.649478" lon="10.806378"><ele>413</ele></trkpt>
   <trkpt lat="48.649751" lon="10.806172"><ele>413.25</ele></trkpt>
   <trkpt lat="48.649803" lon="10.80614"><ele>413.25</ele></trkpt>
   <trkpt lat="48.649839" lon="10.806245"><ele>413.25</ele></trkpt>
   <trkpt lat="48.649981" lon="10.806123"><ele>413.75</ele></trkpt>
   <trkpt lat="48.65013" lon="10.805995"><ele>413.5</ele></trkpt>
   <trkpt lat="48.650211" lon="10.805929"><ele>413</ele></trkpt>
   <trkpt lat="48.650328" lon="10.805829"><ele>412.75</ele></trkpt>
   <trkpt lat="48.650434" lon="10.805745"><ele>412.5</ele></trkpt>
   <trkpt lat="48.650632" lon="10.805576"><ele>412.5</ele></trkpt>
   <trkpt lat="48.650977" lon="10.805291"><ele>411.75</ele></trkpt>
   <trkpt lat="48.65113" lon="10.805159"><ele>411.75</ele></trkpt>
   <trkpt lat="48.651521" lon="10.804848"><ele>411.5</ele></trkpt>
   <trkpt lat="48.651726" lon="10.804684"><ele>412</ele></trkpt>
   <trkpt lat="48.651788" lon="10.804636"><ele>412</ele></trkpt>
   <trkpt lat="48.651961" lon="10.804503"><ele>412</ele></trkpt>
   <trkpt lat="48.652115" lon="10.804384"><ele>412</ele></trkpt>
   <trkpt lat="48.652434" lon="10.804136"><ele>411.75</ele></trkpt>
   <trkpt lat="48.652696" lon="10.80395"><ele>411.75</ele></trkpt>
   <trkpt lat="48.652775" lon="10.803891"><ele>411.75</ele></trkpt>
   <trkpt lat="48.65296" lon="10.803768"><ele>411.75</ele></trkpt>
   <trkpt lat="48.653065" lon="10.803708"><ele>411.75</ele></trkpt>
   <trkpt lat="48.653152" lon="10.803673"><ele>411.5</ele></trkpt>
   <trkpt lat="48.653364" lon="10.803615"><ele>411</ele></trkpt>
   <trkpt lat="48.65349" lon="10.803591"><ele>411</ele></trkpt>
   <trkpt lat="48.653635" lon="10.803568"><ele>410.75</ele></trkpt>
   <trkpt lat="48.653901" lon="10.803534"><ele>410</ele></trkpt>
   <trkpt lat="48.65406" lon="10.803505"><ele>410</ele></trkpt>
   <trkpt lat="48.654168" lon="10.803489"><ele>409.75</ele></trkpt>
   <trkpt lat="48.654305" lon="10.803451"><ele>409.75</ele></trkpt>
   <trkpt lat="48.654441" lon="10.803382"><ele>409.75</ele></trkpt>
   <trkpt lat="48.65455" lon="10.803295"><ele>409.75</ele></trkpt>
   <trkpt lat="48.654606" lon="10.803238"><ele>409.75</ele></trkpt>
   <trkpt lat="48.654759" lon="10.803063"><ele>409</ele></trkpt>
   <trkpt lat="48.65492" lon="10.802851"><ele>409.5</ele></trkpt>
   <trkpt lat="48.655044" lon="10.802688"><ele>409.75</ele></trkpt>
   <trkpt lat="48.655106" lon="10.802589"><ele>409.75</ele></trkpt>
   <trkpt lat="48.655147" lon="10.802526"><ele>409.75</ele></trkpt>
   <trkpt lat="48.655315" lon="10.802193"><ele>409.75</ele></trkpt>
   <trkpt lat="48.655395" lon="10.802024"><ele>410.25</ele></trkpt>
   <trkpt lat="48.655426" lon="10.801954"><ele>410.25</ele></trkpt>
   <trkpt lat="48.65554" lon="10.801724"><ele>410.75</ele></trkpt>
   <trkpt lat="48.655666" lon="10.801552"><ele>411</ele></trkpt>
   <trkpt lat="48.655742" lon="10.80148"><ele>411</ele></trkpt>
   <trkpt lat="48.655818" lon="10.801429"><ele>411</ele></trkpt>
   <trkpt lat="48.655933" lon="10.801389"><ele>410.5</ele></trkpt>
   <trkpt lat="48.6562" lon="10.801383"><ele>409.5</ele></trkpt>
   <trkpt lat="48.656387" lon="10.801361"><ele>409</ele></trkpt>
   <trkpt lat="48.656576" lon="10.80131"><ele>409.25</ele></trkpt>
   <trkpt lat="48.656603" lon="10.801301"><ele>409.25</ele></trkpt>
   <trkpt lat="48.65682" lon="10.801216"><ele>409.25</ele></trkpt>
   <trkpt lat="48.656925" lon="10.801176"><ele>409</ele></trkpt>
   <trkpt lat="48.657089" lon="10.80112"><ele>408.75</ele></trkpt>
   <trkpt lat="48.657216" lon="10.801076"><ele>409</ele></trkpt>
   <trkpt lat="48.657476" lon="10.800977"><ele>408.5</ele></trkpt>
   <trkpt lat="48.657669" lon="10.800908"><ele>408.75</ele></trkpt>
   <trkpt lat="48.657815" lon="10.800837"><ele>409</ele></trkpt>
   <trkpt lat="48.657959" lon="10.800748"><ele>409.5</ele></trkpt>
   <trkpt lat="48.65809" lon="10.80064"><ele>409.25</ele></trkpt>
   <trkpt lat="48.658179" lon="10.800551"><ele>409</ele></trkpt>
   <trkpt lat="48.658237" lon="10.800491"><ele>409</ele></trkpt>
   <trkpt lat="48.658297" lon="10.800435"><ele>409</ele></trkpt>
   <trkpt lat="48.658422" lon="10.800313"><ele>408.5</ele></trkpt>
   <trkpt lat="48.658503" lon="10.800256"><ele>408.25</ele></trkpt>
   <trkpt lat="48.658594" lon="10.800223"><ele>408</ele></trkpt>
   <trkpt lat="48.658696" lon="10.800209"><ele>408</ele></trkpt>
   <trkpt lat="48.658815" lon="10.800247"><ele>408</ele></trkpt>
   <trkpt lat="48.658942" lon="10.800375"><ele>407.75</ele></trkpt>
   <trkpt lat="48.659196" lon="10.800722"><ele>407</ele></trkpt>
   <trkpt lat="48.659359" lon="10.800864"><ele>407</ele></trkpt>
   <trkpt lat="48.659608" lon="10.800931"><ele>407.25</ele></trkpt>
   <trkpt lat="48.659677" lon="10.800925"><ele>407.5</ele></trkpt>
   <trkpt lat="48.659839" lon="10.800889"><ele>407.75</ele></trkpt>
   <trkpt lat="48.659901" lon="10.800873"><ele>407.75</ele></trkpt>
   <trkpt lat="48.660137" lon="10.800815"><ele>408</ele></trkpt>
   <trkpt lat="48.660262" lon="10.800788"><ele>408</ele></trkpt>
   <trkpt lat="48.660624" lon="10.800705"><ele>408</ele></trkpt>
   <trkpt lat="48.660887" lon="10.800635"><ele>408</ele></trkpt>
   <trkpt lat="48.661032" lon="10.800604"><ele>408</ele></trkpt>
   <trkpt lat="48.661203" lon="10.800568"><ele>407.75</ele></trkpt>
   <trkpt lat="48.661362" lon="10.800533"><ele>407.75</ele></trkpt>
   <trkpt lat="48.661712" lon="10.800455"><ele>407.5</ele></trkpt>
   <trkpt lat="48.661912" lon="10.80041"><ele>407.75</ele></trkpt>
   <trkpt lat="48.661953" lon="10.800401"><ele>407.75</ele></trkpt>
   <trkpt lat="48.661951" lon="10.800295"><ele>407.75</ele></trkpt>
   <trkpt lat="48.662291" lon="10.800209"><ele>407</ele></trkpt>
   <trkpt lat="48.662716" lon="10.800077"><ele>407</ele></trkpt>
   <trkpt lat="48.66288" lon="10.799958"><ele>407.25</ele></trkpt>
   <trkpt lat="48.663056" lon="10.79979"><ele>407</ele></trkpt>
   <trkpt lat="48.663308" lon="10.799528"><ele>407.25</ele></trkpt>
   <trkpt lat="48.6636" lon="10.799265"><ele>407.25</ele></trkpt>
   <trkpt lat="48.664049" lon="10.798877"><ele>407</ele></trkpt>
   <trkpt lat="48.664823" lon="10.798184"><ele>407</ele></trkpt>
   <trkpt lat="48.665165" lon="10.797939"><ele>407.25</ele></trkpt>
   <trkpt lat="48.665406" lon="10.797829"><ele>407.25</ele></trkpt>
   <trkpt lat="48.665706" lon="10.797732"><ele>407.5</ele></trkpt>
   <trkpt lat="48.667177" lon="10.797508"><ele>407</ele></trkpt>
   <trkpt lat="48.667386" lon="10.797447"><ele>407.25</ele></trkpt>
   <trkpt lat="48.667701" lon="10.797277"><ele>406.25</ele></trkpt>
   <trkpt lat="48.66794" lon="10.797214"><ele>406.5</ele></trkpt>
   <trkpt lat="48.668144" lon="10.797109"><ele>406.25</ele></trkpt>
   <trkpt lat="48.668361" lon="10.796909"><ele>405.75</ele></trkpt>
   <trkpt lat="48.668533" lon="10.796652"><ele>406</ele></trkpt>
   <trkpt lat="48.66882" lon="10.796108"><ele>405.75</ele></trkpt>
   <trkpt lat="48.669055" lon="10.795712"><ele>405.75</ele></trkpt>
   <trkpt lat="48.669263" lon="10.795424"><ele>405.5</ele></trkpt>
   <trkpt lat="48.670062" lon="10.794452"><ele>405.75</ele></trkpt>
   <trkpt lat="48.670327" lon="10.794171"><ele>405.75</ele></trkpt>
   <trkpt lat="48.670454" lon="10.794038"><ele>405.5</ele></trkpt>
   <trkpt lat="48.671471" lon="10.793107"><ele>405.25</ele></trkpt>
   <trkpt lat="48.672663" lon="10.792066"><ele>404.5</ele></trkpt>
   <trkpt lat="48.672881" lon="10.791906"><ele>404.75</ele></trkpt>
   <trkpt lat="48.673064" lon="10.791805"><ele>404.25</ele></trkpt>
   <trkpt lat="48.67326" lon="10.791738"><ele>404.5</ele></trkpt>
   <trkpt lat="48.673528" lon="10.791689"><ele>404.75</ele></trkpt>
   <trkpt lat="48.674196" lon="10.791676"><ele>404.75</ele></trkpt>
   <trkpt lat="48.674583" lon="10.791617"><ele>404.75</ele></trkpt>
   <trkpt lat="48.674883" lon="10.791529"><ele>404.5</ele></trkpt>
   <trkpt lat="48.675176" lon="10.791366"><ele>404.5</ele></trkpt>
   <trkpt lat="48.675935" lon="10.790803"><ele>403.75</ele></trkpt>
   <trkpt lat="48.676626" lon="10.790219"><ele>404</ele></trkpt>
   <trkpt lat="48.67742" lon="10.789426"><ele>403.5</ele></trkpt>
   <trkpt lat="48.677755" lon="10.78898"><ele>403.25</ele></trkpt>
   <trkpt lat="48.679661" lon="10.786561"><ele>403</ele></trkpt>
   <trkpt lat="48.680374" lon="10.785726"><ele>403</ele></trkpt>
   <trkpt lat="48.680657" lon="10.785438"><ele>403</ele></trkpt>
   <trkpt lat="48.68091" lon="10.785213"><ele>404</ele></trkpt>
   <trkpt lat="48.681434" lon="10.784922"><ele>403.5</ele></trkpt>
   <trkpt lat="48.683734" lon="10.783808"><ele>404</ele></trkpt>
   <trkpt lat="48.684049" lon="10.783642"><ele>404</ele></trkpt>
   <trkpt lat="48.684197" lon="10.783574"><ele>403.75</ele></trkpt>
   <trkpt lat="48.685219" lon="10.783192"><ele>403.75</ele></trkpt>
   <trkpt lat="48.685322" lon="10.783284"><ele>404</ele></trkpt>
   <trkpt lat="48.68537" lon="10.783268"><ele>404</ele></trkpt>
   <trkpt lat="48.685561" lon="10.783205"><ele>404</ele></trkpt>
   <trkpt lat="48.685651" lon="10.783178"><ele>404</ele></trkpt>
   <trkpt lat="48.685961" lon="10.783087"><ele>404</ele></trkpt>
   <trkpt lat="48.686114" lon="10.783036"><ele>403.75</ele></trkpt>
   <trkpt lat="48.686215" lon="10.783003"><ele>403.75</ele></trkpt>
   <trkpt lat="48.686418" lon="10.782929"><ele>403.5</ele></trkpt>
   <trkpt lat="48.686715" lon="10.782813"><ele>403</ele></trkpt>
   <trkpt lat="48.686774" lon="10.782786"><ele>403</ele></trkpt>
   <trkpt lat="48.68684" lon="10.782758"><ele>403</ele></trkpt>
   <trkpt lat="48.687019" lon="10.782678"><ele>403</ele></trkpt>
   <trkpt lat="48.687349" lon="10.782522"><ele>403</ele></trkpt>
   <trkpt lat="48.687421" lon="10.782483"><ele>403</ele></trkpt>
   <trkpt lat="48.687626" lon="10.782373"><ele>403</ele></trkpt>
   <trkpt lat="48.687672" lon="10.782349"><ele>403.25</ele></trkpt>
   <trkpt lat="48.687895" lon="10.782218"><ele>403</ele></trkpt>
   <trkpt lat="48.688241" lon="10.782058"><ele>403</ele></trkpt>
   <trkpt lat="48.688345" lon="10.782006"><ele>402.75</ele></trkpt>
   <trkpt lat="48.688598" lon="10.781904"><ele>402.75</ele></trkpt>
   <trkpt lat="48.688795" lon="10.781824"><ele>402.5</ele></trkpt>
   <trkpt lat="48.688852" lon="10.781801"><ele>402.25</ele></trkpt>
   <trkpt lat="48.688993" lon="10.781739"><ele>402</ele></trkpt>
   <trkpt lat="48.68914" lon="10.78168"><ele>402</ele></trkpt>
   <trkpt lat="48.689189" lon="10.781667"><ele>402</ele></trkpt>
   <trkpt lat="48.68942" lon="10.781608"><ele>402</ele></trkpt>
   <trkpt lat="48.689493" lon="10.781596"><ele>402.25</ele></trkpt>
   <trkpt lat="48.689592" lon="10.781584"><ele>402.5</ele></trkpt>
   <trkpt lat="48.68979" lon="10.781615"><ele>402.75</ele></trkpt>
   <trkpt lat="48.689881" lon="10.781615"><ele>402.75</ele></trkpt>
   <trkpt lat="48.689998" lon="10.781615"><ele>402.75</ele></trkpt>
   <trkpt lat="48.690121" lon="10.78164"><ele>402.75</ele></trkpt>
   <trkpt lat="48.69015" lon="10.781645"><ele>402.75</ele></trkpt>
   <trkpt lat="48.690467" lon="10.781691"><ele>403</ele></trkpt>
   <trkpt lat="48.690654" lon="10.781717"><ele>402.5</ele></trkpt>
   <trkpt lat="48.690728" lon="10.781722"><ele>402.25</ele></trkpt>
   <trkpt lat="48.690795" lon="10.781726"><ele>402</ele></trkpt>
   <trkpt lat="48.690943" lon="10.781735"><ele>402</ele></trkpt>
   <trkpt lat="48.691451" lon="10.781701"><ele>402</ele></trkpt>
   <trkpt lat="48.691682" lon="10.781654"><ele>402</ele></trkpt>
   <trkpt lat="48.691933" lon="10.781567"><ele>402</ele></trkpt>
   <trkpt lat="48.692172" lon="10.781496"><ele>402</ele></trkpt>
   <trkpt lat="48.692367" lon="10.781428"><ele>402</ele></trkpt>
   <trkpt lat="48.692424" lon="10.781406"><ele>402</ele></trkpt>
   <trkpt lat="48.692647" lon="10.781326"><ele>401.75</ele></trkpt>
   <trkpt lat="48.692822" lon="10.781251"><ele>402</ele></trkpt>
   <trkpt lat="48.693257" lon="10.781077"><ele>401.75</ele></trkpt>
   <trkpt lat="48.693561" lon="10.780971"><ele>402</ele></trkpt>
   <trkpt lat="48.693597" lon="10.780873"><ele>402</ele></trkpt>
   <trkpt lat="48.694463" lon="10.780493"><ele>403</ele></trkpt>
   <trkpt lat="48.694577" lon="10.780424"><ele>403</ele></trkpt>
   <trkpt lat="48.694721" lon="10.78031"><ele>403</ele></trkpt>
   <trkpt lat="48.6949" lon="10.78009"><ele>402.75</ele></trkpt>
   <trkpt lat="48.695223" lon="10.779738"><ele>402.75</ele></trkpt>
   <trkpt lat="48.69528" lon="10.779663"><ele>402.75</ele></trkpt>
   <trkpt lat="48.695349" lon="10.779621"><ele>402.25</ele></trkpt>
   <trkpt lat="48.695713" lon="10.779543"><ele>401.5</ele></trkpt>
   <trkpt lat="48.696" lon="10.779628"><ele>401.5</ele></trkpt>
   <trkpt lat="48.696148" lon="10.779698"><ele>401.75</ele></trkpt>
   <trkpt lat="48.697781" lon="10.780674"><ele>400.75</ele></trkpt>
   <trkpt lat="48.698547" lon="10.781161"><ele>400.75</ele></trkpt>
   <trkpt lat="48.699086" lon="10.781434"><ele>400</ele></trkpt>
   <trkpt lat="48.699503" lon="10.781514"><ele>400.75</ele></trkpt>
   <trkpt lat="48.699664" lon="10.781527"><ele>400.75</ele></trkpt>
   <trkpt lat="48.700123" lon="10.781557"><ele>401.75</ele></trkpt>
   <trkpt lat="48.701402" lon="10.781583"><ele>401</ele></trkpt>
   <trkpt lat="48.701647" lon="10.781535"><ele>401</ele></trkpt>
   <trkpt lat="48.701779" lon="10.781498"><ele>401</ele></trkpt>
   <trkpt lat="48.702131" lon="10.781381"><ele>401.5</ele></trkpt>
   <trkpt lat="48.70216" lon="10.781286"><ele>401.25</ele></trkpt>
   <trkpt lat="48.702244" lon="10.781251"><ele>401.25</ele></trkpt>
   <trkpt lat="48.702273" lon="10.781227"><ele>400.75</ele></trkpt>
   <trkpt lat="48.702481" lon="10.781058"><ele>399</ele></trkpt>
   <trkpt lat="48.702538" lon="10.78101"><ele>399.25</ele></trkpt>
   <trkpt lat="48.702654" lon="10.780892"><ele>400</ele></trkpt>
   <trkpt lat="48.702813" lon="10.78073"><ele>401</ele></trkpt>
   <trkpt lat="48.703688" lon="10.779824"><ele>401</ele></trkpt>
   <trkpt lat="48.703922" lon="10.77961"><ele>401.25</ele></trkpt>
   <trkpt lat="48.704115" lon="10.779482"><ele>401</ele></trkpt>
   <trkpt lat="48.704239" lon="10.779411"><ele>402</ele></trkpt>
   <trkpt lat="48.704266" lon="10.779153"><ele>403.25</ele></trkpt>
   <trkpt lat="48.704215" lon="10.777211"><ele>404.25</ele></trkpt>
   <trkpt lat="48.704215" lon="10.776308"><ele>404.25</ele></trkpt>
   <trkpt lat="48.704239" lon="10.775226"><ele>404.25</ele></trkpt>
   <trkpt lat="48.704331" lon="10.774272"><ele>404.5</ele></trkpt>
   <trkpt lat="48.704443" lon="10.773485"><ele>404.5</ele></trkpt>
   <trkpt lat="48.704597" lon="10.772747"><ele>404.5</ele></trkpt>
   <trkpt lat="48.704722" lon="10.772253"><ele>404.5</ele></trkpt>
   <trkpt lat="48.704845" lon="10.771841"><ele>404.75</ele></trkpt>
   <trkpt lat="48.705" lon="10.771359"><ele>404.75</ele></trkpt>
   <trkpt lat="48.705037" lon="10.771148"><ele>403.25</ele></trkpt>
   <trkpt lat="48.705046" lon="10.770945"><ele>401.5</ele></trkpt>
   <trkpt lat="48.704883" lon="10.771422"><ele>402.75</ele></trkpt>
   <trkpt lat="48.704722" lon="10.771842"><ele>401.5</ele></trkpt>
   <trkpt lat="48.704945" lon="10.771995"><ele>400.75</ele></trkpt>
   <trkpt lat="48.705347" lon="10.772245"><ele>401.25</ele></trkpt>
   <trkpt lat="48.705665" lon="10.772442"><ele>401.25</ele></trkpt>
   <trkpt lat="48.706233" lon="10.772794"><ele>401.25</ele></trkpt>
   <trkpt lat="48.70653" lon="10.772899"><ele>401</ele></trkpt>
   <trkpt lat="48.706981" lon="10.772997"><ele>401.5</ele></trkpt>
   <trkpt lat="48.70738" lon="10.773084"><ele>400.75</ele></trkpt>
   <trkpt lat="48.708037" lon="10.773187"><ele>400.5</ele></trkpt>
   <trkpt lat="48.708214" lon="10.773247"><ele>400.5</ele></trkpt>
   <trkpt lat="48.708649" lon="10.773512"><ele>401</ele></trkpt>
   <trkpt lat="48.709006" lon="10.773786"><ele>400.5</ele></trkpt>
   <trkpt lat="48.709199" lon="10.773934"><ele>400.75</ele></trkpt>
   <trkpt lat="48.709246" lon="10.773972"><ele>400.75</ele></trkpt>
   <trkpt lat="48.709664" lon="10.774289"><ele>400.75</ele></trkpt>
   <trkpt lat="48.710736" lon="10.775108"><ele>400.75</ele></trkpt>
   <trkpt lat="48.710792" lon="10.77515"><ele>400.75</ele></trkpt>
   <trkpt lat="48.711134" lon="10.775466"><ele>400.75</ele></trkpt>
   <trkpt lat="48.711378" lon="10.775729"><ele>400.75</ele></trkpt>
   <trkpt lat="48.71146" lon="10.775801"><ele>401</ele></trkpt>
   <trkpt lat="48.711577" lon="10.77588"><ele>400.75</ele></trkpt>
   <trkpt lat="48.71168" lon="10.775932"><ele>401</ele></trkpt>
   <trkpt lat="48.711782" lon="10.776003"><ele>401</ele></trkpt>
   <trkpt lat="48.711848" lon="10.776095"><ele>401</ele></trkpt>
   <trkpt lat="48.711871" lon="10.776133"><ele>400.75</ele></trkpt>
   <trkpt lat="48.711904" lon="10.776185"><ele>400.75</ele></trkpt>
   <trkpt lat="48.712004" lon="10.776338"><ele>401</ele></trkpt>
   <trkpt lat="48.712122" lon="10.776537"><ele>400.25</ele></trkpt>
   <trkpt lat="48.712241" lon="10.776686"><ele>400</ele></trkpt>
   <trkpt lat="48.712488" lon="10.776882"><ele>401.5</ele></trkpt>
   <trkpt lat="48.712603" lon="10.776924"><ele>401</ele></trkpt>
   <trkpt lat="48.712749" lon="10.776905"><ele>401</ele></trkpt>
   <trkpt lat="48.712902" lon="10.776841"><ele>401.25</ele></trkpt>
   <trkpt lat="48.713179" lon="10.776623"><ele>401</ele></trkpt>
   <trkpt lat="48.713332" lon="10.776565"><ele>401.25</ele></trkpt>
   <trkpt lat="48.713478" lon="10.77658"><ele>401</ele></trkpt>
   <trkpt lat="48.713647" lon="10.776663"><ele>401</ele></trkpt>
   <trkpt lat="48.713756" lon="10.776714"><ele>401</ele></trkpt>
   <trkpt lat="48.713852" lon="10.776723"><ele>401</ele></trkpt>
   <trkpt lat="48.71419" lon="10.776669"><ele>401</ele></trkpt>
   <trkpt lat="48.714556" lon="10.776574"><ele>401</ele></trkpt>
   <trkpt lat="48.714836" lon="10.776499"><ele>401</ele></trkpt>
   <trkpt lat="48.715162" lon="10.776478"><ele>401</ele></trkpt>
   <trkpt lat="48.715393" lon="10.776502"><ele>401</ele></trkpt>
   <trkpt lat="48.715494" lon="10.776518"><ele>401.25</ele></trkpt>
   <trkpt lat="48.715764" lon="10.77661"><ele>401.75</ele></trkpt>
   <trkpt lat="48.715844" lon="10.776592"><ele>401.75</ele></trkpt>
   <trkpt lat="48.715791" lon="10.776256"><ele>402</ele></trkpt>
   <trkpt lat="48.715782" lon="10.776074"><ele>402</ele></trkpt>
   <trkpt lat="48.715796" lon="10.775461"><ele>402</ele></trkpt>
   <trkpt lat="48.715805" lon="10.775308"><ele>402</ele></trkpt>
   <trkpt lat="48.715814" lon="10.775157"><ele>402</ele></trkpt>
   <trkpt lat="48.715824" lon="10.774829"><ele>402</ele></trkpt>
   <trkpt lat="48.715818" lon="10.774514"><ele>402</ele></trkpt>
   <trkpt lat="48.715814" lon="10.774357"><ele>401.5</ele></trkpt>
   <trkpt lat="48.715803" lon="10.774057"><ele>401.25</ele></trkpt>
   <trkpt lat="48.7158" lon="10.773961"><ele>401.75</ele></trkpt>
   <trkpt lat="48.715778" lon="10.773426"><ele>401.25</ele></trkpt>
   <trkpt lat="48.715763" lon="10.77322"><ele>401.25</ele></trkpt>
   <trkpt lat="48.715719" lon="10.7726"><ele>401.75</ele></trkpt>
   <trkpt lat="48.715713" lon="10.772494"><ele>401.75</ele></trkpt>
   <trkpt lat="48.715699" lon="10.772223"><ele>401.25</ele></trkpt>
   <trkpt lat="48.715691" lon="10.772077"><ele>401</ele></trkpt>
   <trkpt lat="48.715684" lon="10.771906"><ele>401</ele></trkpt>
   <trkpt lat="48.715693" lon="10.771662"><ele>401</ele></trkpt>
   <trkpt lat="48.715726" lon="10.771485"><ele>401</ele></trkpt>
   <trkpt lat="48.715781" lon="10.771303"><ele>401</ele></trkpt>
   <trkpt lat="48.715999" lon="10.770897"><ele>401.25</ele></trkpt>
   <trkpt lat="48.71606" lon="10.770786"><ele>401.5</ele></trkpt>
   <trkpt lat="48.716183" lon="10.77051"><ele>401</ele></trkpt>
   <trkpt lat="48.716191" lon="10.770483"><ele>401</ele></trkpt>
   <trkpt lat="48.716244" lon="10.77028"><ele>401.25</ele></trkpt>
   <trkpt lat="48.716283" lon="10.770059"><ele>401</ele></trkpt>
   <trkpt lat="48.716307" lon="10.769814"><ele>401</ele></trkpt>
   <trkpt lat="48.71631" lon="10.76957"><ele>401.25</ele></trkpt>
   <trkpt lat="48.716309" lon="10.769458"><ele>401.5</ele></trkpt>
   <trkpt lat="48.716297" lon="10.769247"><ele>401</ele></trkpt>
   <trkpt lat="48.716274" lon="10.768787"><ele>401.25</ele></trkpt>
   <trkpt lat="48.71627" lon="10.768709"><ele>401</ele></trkpt>
   <trkpt lat="48.716263" lon="10.768612"><ele>401</ele></trkpt>
   <trkpt lat="48.716261" lon="10.768612"><ele>401</ele></trkpt>
   <trkpt lat="48.716263" lon="10.768612"><ele>401</ele></trkpt>
   <trkpt lat="48.71627" lon="10.768709"><ele>401</ele></trkpt>
   <trkpt lat="48.716274" lon="10.768787"><ele>401.25</ele></trkpt>
   <trkpt lat="48.716297" lon="10.769247"><ele>401</ele></trkpt>
   <trkpt lat="48.716309" lon="10.769458"><ele>401.5</ele></trkpt>
   <trkpt lat="48.71631" lon="10.76957"><ele>401.25</ele></trkpt>
   <trkpt lat="48.716307" lon="10.769814"><ele>401</ele></trkpt>
   <trkpt lat="48.716283" lon="10.770059"><ele>401</ele></trkpt>
   <trkpt lat="48.716244" lon="10.77028"><ele>401.25</ele></trkpt>
   <trkpt lat="48.716191" lon="10.770483"><ele>401</ele></trkpt>
   <trkpt lat="48.716183" lon="10.77051"><ele>401</ele></trkpt>
   <trkpt lat="48.71606" lon="10.770786"><ele>401.5</ele></trkpt>
   <trkpt lat="48.715999" lon="10.770897"><ele>401.25</ele></trkpt>
   <trkpt lat="48.715781" lon="10.771303"><ele>401</ele></trkpt>
   <trkpt lat="48.715726" lon="10.771485"><ele>401</ele></trkpt>
   <trkpt lat="48.715693" lon="10.771662"><ele>401</ele></trkpt>
   <trkpt lat="48.715684" lon="10.771906"><ele>401</ele></trkpt>
   <trkpt lat="48.715691" lon="10.772077"><ele>401</ele></trkpt>
   <trkpt lat="48.715699" lon="10.772223"><ele>401.25</ele></trkpt>
   <trkpt lat="48.715713" lon="10.772494"><ele>401.75</ele></trkpt>
   <trkpt lat="48.715719" lon="10.7726"><ele>401.75</ele></trkpt>
   <trkpt lat="48.715763" lon="10.77322"><ele>401.25</ele></trkpt>
   <trkpt lat="48.715778" lon="10.773426"><ele>401.25</ele></trkpt>
   <trkpt lat="48.7158" lon="10.773961"><ele>401.75</ele></trkpt>
   <trkpt lat="48.715803" lon="10.774057"><ele>401.25</ele></trkpt>
   <trkpt lat="48.715814" lon="10.774357"><ele>401.5</ele></trkpt>
   <trkpt lat="48.715818" lon="10.774514"><ele>402</ele></trkpt>
   <trkpt lat="48.715824" lon="10.774829"><ele>402</ele></trkpt>
   <trkpt lat="48.715814" lon="10.775157"><ele>402</ele></trkpt>
   <trkpt lat="48.715805" lon="10.775308"><ele>402</ele></trkpt>
   <trkpt lat="48.715796" lon="10.775461"><ele>402</ele></trkpt>
   <trkpt lat="48.715782" lon="10.776074"><ele>402</ele></trkpt>
   <trkpt lat="48.715791" lon="10.776256"><ele>402</ele></trkpt>
   <trkpt lat="48.715844" lon="10.776592"><ele>401.75</ele></trkpt>
   <trkpt lat="48.715957" lon="10.77712"><ele>401.25</ele></trkpt>
   <trkpt lat="48.715986" lon="10.777288"><ele>401</ele></trkpt>
   <trkpt lat="48.715997" lon="10.777471"><ele>400.5</ele></trkpt>
   <trkpt lat="48.71609" lon="10.777513"><ele>399.75</ele></trkpt>
   <trkpt lat="48.716374" lon="10.777712"><ele>399.5</ele></trkpt>
   <trkpt lat="48.716382" lon="10.777716"><ele>399.5</ele></trkpt>
   <trkpt lat="48.716507" lon="10.77781"><ele>400.75</ele></trkpt>
   <trkpt lat="48.716595" lon="10.777894"><ele>401.25</ele></trkpt>
   <trkpt lat="48.716708" lon="10.778063"><ele>401</ele></trkpt>
   <trkpt lat="48.716783" lon="10.778237"><ele>401</ele></trkpt>
   <trkpt lat="48.716865" lon="10.778458"><ele>401</ele></trkpt>
   <trkpt lat="48.716926" lon="10.778653"><ele>401</ele></trkpt>
   <trkpt lat="48.71703" lon="10.779227"><ele>401</ele></trkpt>
   <trkpt lat="48.717118" lon="10.779365"><ele>401.25</ele></trkpt>
   <trkpt lat="48.717243" lon="10.779683"><ele>398.5</ele></trkpt>
   <trkpt lat="48.717248" lon="10.779695"><ele>398.5</ele></trkpt>
   <trkpt lat="48.717249" lon="10.779699"><ele>398.25</ele></trkpt>
   <trkpt lat="48.717341" lon="10.779856"><ele>399.5</ele></trkpt>
   <trkpt lat="48.717355" lon="10.779882"><ele>399.75</ele></trkpt>
   <trkpt lat="48.717387" lon="10.779939"><ele>400.25</ele></trkpt>
   <trkpt lat="48.717399" lon="10.779959"><ele>400.5</ele></trkpt>
   <trkpt lat="48.717506" lon="10.780108"><ele>402.25</ele></trkpt>
   <trkpt lat="48.717748" lon="10.780364"><ele>403.75</ele></trkpt>
   <trkpt lat="48.717806" lon="10.780443"><ele>404</ele></trkpt>
   <trkpt lat="48.717829" lon="10.780515"><ele>404</ele></trkpt>
   <trkpt lat="48.717843" lon="10.780593"><ele>404</ele></trkpt>
   <trkpt lat="48.717897" lon="10.780584"><ele>404.25</ele></trkpt>
   <trkpt lat="48.717949" lon="10.780596"><ele>404.5</ele></trkpt>
   <trkpt lat="48.718045" lon="10.780695"><ele>404.75</ele></trkpt>
   <trkpt lat="48.71811" lon="10.780556"><ele>405.25</ele></trkpt>
   <trkpt lat="48.718267" lon="10.780204"><ele>406.75</ele></trkpt>
   <trkpt lat="48.71848" lon="10.779771"><ele>408</ele></trkpt>
   <trkpt lat="48.718596" lon="10.779508"><ele>408.75</ele></trkpt>
   <trkpt lat="48.71882" lon="10.778999"><ele>411.5</ele></trkpt>
   <trkpt lat="48.718906" lon="10.77878"><ele>412</ele></trkpt>
   <trkpt lat="48.719051" lon="10.778397"><ele>413.25</ele></trkpt>
   <trkpt lat="48.719249" lon="10.777856"><ele>415.5</ele></trkpt>
   <trkpt lat="48.719305" lon="10.777704"><ele>416</ele></trkpt>
   <trkpt lat="48.719391" lon="10.777306"><ele>416.75</ele></trkpt>
   <trkpt lat="48.71943" lon="10.77697"><ele>417.75</ele></trkpt>
   <trkpt lat="48.719463" lon="10.776679"><ele>418</ele></trkpt>
   <trkpt lat="48.719481" lon="10.776484"><ele>418</ele></trkpt>
   <trkpt lat="48.719519" lon="10.776298"><ele>418</ele></trkpt>
   <trkpt lat="48.71955" lon="10.776258"><ele>418</ele></trkpt>
   <trkpt lat="48.719557" lon="10.776249"><ele>418</ele></trkpt>
   <trkpt lat="48.71961" lon="10.776239"><ele>418</ele></trkpt>
   <trkpt lat="48.719877" lon="10.776343"><ele>417.25</ele></trkpt>
   <trkpt lat="48.720306" lon="10.776691"><ele>415.75</ele></trkpt>
   <trkpt lat="48.720582" lon="10.776968"><ele>414.75</ele></trkpt>
   <trkpt lat="48.720808" lon="10.77719"><ele>414.75</ele></trkpt>
   <trkpt lat="48.720848" lon="10.777229"><ele>414.75</ele></trkpt>
   <trkpt lat="48.720973" lon="10.777361"><ele>414.25</ele></trkpt>
   <trkpt lat="48.721034" lon="10.777428"><ele>414</ele></trkpt>
   <trkpt lat="48.721265" lon="10.777699"><ele>414</ele></trkpt>
   <trkpt lat="48.721395" lon="10.777783"><ele>414</ele></trkpt>
   <trkpt lat="48.72149" lon="10.777564"><ele>415</ele></trkpt>
   <trkpt lat="48.721593" lon="10.777341"><ele>415.5</ele></trkpt>
   <trkpt lat="48.721646" lon="10.777301"><ele>415.75</ele></trkpt>
   <trkpt lat="48.721941" lon="10.77713"><ele>415.75</ele></trkpt>
   <trkpt lat="48.722514" lon="10.776805"><ele>413.25</ele></trkpt>
   <trkpt lat="48.722598" lon="10.776365"><ele>412</ele></trkpt>
   <trkpt lat="48.722643" lon="10.776129"><ele>411</ele></trkpt>
   <trkpt lat="48.722381" lon="10.775719"><ele>406</ele></trkpt>
   <trkpt lat="48.722529" lon="10.775413"><ele>405.5</ele></trkpt>
   <trkpt lat="48.72271" lon="10.77506"><ele>405</ele></trkpt>
   <trkpt lat="48.722936" lon="10.774685"><ele>403.75</ele></trkpt>
   <trkpt lat="48.723146" lon="10.774362"><ele>403.5</ele></trkpt>
   <trkpt lat="48.723327" lon="10.774144"><ele>404.5</ele></trkpt>
   <trkpt lat="48.723516" lon="10.773946"><ele>403.5</ele></trkpt>
   <trkpt lat="48.724016" lon="10.773485"><ele>403.75</ele></trkpt>
   <trkpt lat="48.724197" lon="10.773268"><ele>403.5</ele></trkpt>
   <trkpt lat="48.724249" lon="10.773079"><ele>402.5</ele></trkpt>
   <trkpt lat="48.724767" lon="10.772774"><ele>404</ele></trkpt>
   <trkpt lat="48.72482" lon="10.772713"><ele>404</ele></trkpt>
   <trkpt lat="48.724943" lon="10.772696"><ele>404.5</ele></trkpt>
   <trkpt lat="48.724971" lon="10.772675"><ele>404.75</ele></trkpt>
   <trkpt lat="48.724994" lon="10.772645"><ele>404.75</ele></trkpt>
   <trkpt lat="48.725009" lon="10.772582"><ele>404.75</ele></trkpt>
   <trkpt lat="48.725054" lon="10.772611"><ele>404.75</ele></trkpt>
   <trkpt lat="48.725098" lon="10.77264"><ele>405</ele></trkpt>
   <trkpt lat="48.725202" lon="10.772623"><ele>404.75</ele></trkpt>
   <trkpt lat="48.725335" lon="10.772506"><ele>404</ele></trkpt>
   <trkpt lat="48.725752" lon="10.772122"><ele>404</ele></trkpt>
   <trkpt lat="48.725965" lon="10.771927"><ele>404</ele></trkpt>
   <trkpt lat="48.726115" lon="10.771772"><ele>404</ele></trkpt>
   <trkpt lat="48.726212" lon="10.771602"><ele>404.25</ele></trkpt>
   <trkpt lat="48.726257" lon="10.771508"><ele>404.5</ele></trkpt>
   <trkpt lat="48.726261" lon="10.771254"><ele>404.25</ele></trkpt>
   <trkpt lat="48.726305" lon="10.770965"><ele>404</ele></trkpt>
   <trkpt lat="48.726382" lon="10.770727"><ele>403.5</ele></trkpt>
   <trkpt lat="48.726872" lon="10.769834"><ele>403.5</ele></trkpt>
   <trkpt lat="48.727577" lon="10.768483"><ele>402.75</ele></trkpt>
   <trkpt lat="48.728091" lon="10.767684"><ele>403</ele></trkpt>
   <trkpt lat="48.728248" lon="10.76753"><ele>404</ele></trkpt>
   <trkpt lat="48.728434" lon="10.767305"><ele>404.75</ele></trkpt>
   <trkpt lat="48.728508" lon="10.767234"><ele>405.5</ele></trkpt>
   <trkpt lat="48.728618" lon="10.767156"><ele>406</ele></trkpt>
   <trkpt lat="48.728662" lon="10.767114"><ele>406</ele></trkpt>
   <trkpt lat="48.728752" lon="10.766991"><ele>405.5</ele></trkpt>
   <trkpt lat="48.729352" lon="10.765363"><ele>403.25</ele></trkpt>
   <trkpt lat="48.729435" lon="10.765139"><ele>403.75</ele></trkpt>
   <trkpt lat="48.729479" lon="10.76502"><ele>403</ele></trkpt>
   <trkpt lat="48.729559" lon="10.764805"><ele>403.25</ele></trkpt>
   <trkpt lat="48.729599" lon="10.764698"><ele>403.5</ele></trkpt>
   <trkpt lat="48.730065" lon="10.763464"><ele>407</ele></trkpt>
   <trkpt lat="48.731284" lon="10.760222"><ele>409.25</ele></trkpt>
   <trkpt lat="48.731562" lon="10.759315"><ele>407.5</ele></trkpt>
   <trkpt lat="48.731867" lon="10.758247"><ele>407.5</ele></trkpt>
   <trkpt lat="48.731972" lon="10.757754"><ele>408</ele></trkpt>
   <trkpt lat="48.732218" lon="10.756531"><ele>408.75</ele></trkpt>
   <trkpt lat="48.732338" lon="10.75583"><ele>410</ele></trkpt>
   <trkpt lat="48.73241" lon="10.755299"><ele>410</ele></trkpt>
   <trkpt lat="48.732439" lon="10.755035"><ele>410</ele></trkpt>
   <trkpt lat="48.732535" lon="10.75404"><ele>409.5</ele></trkpt>
   <trkpt lat="48.732562" lon="10.753576"><ele>409.25</ele></trkpt>
   <trkpt lat="48.732587" lon="10.752928"><ele>409.25</ele></trkpt>
   <trkpt lat="48.732589" lon="10.751791"><ele>408.75</ele></trkpt>
   <trkpt lat="48.732533" lon="10.750485"><ele>410.5</ele></trkpt>
   <trkpt lat="48.732477" lon="10.749691"><ele>409.5</ele></trkpt>
   <trkpt lat="48.732442" lon="10.749338"><ele>408.75</ele></trkpt>
   <trkpt lat="48.732398" lon="10.74901"><ele>408.5</ele></trkpt>
   <trkpt lat="48.732324" lon="10.748474"><ele>408.75</ele></trkpt>
   <trkpt lat="48.732241" lon="10.747919"><ele>410.25</ele></trkpt>
   <trkpt lat="48.732114" lon="10.747242"><ele>409</ele></trkpt>
   <trkpt lat="48.731999" lon="10.746729"><ele>411</ele></trkpt>
   <trkpt lat="48.731863" lon="10.74619"><ele>411.25</ele></trkpt>
   <trkpt lat="48.731709" lon="10.745538"><ele>410.25</ele></trkpt>
   <trkpt lat="48.731347" lon="10.744384"><ele>408</ele></trkpt>
   <trkpt lat="48.730904" lon="10.743142"><ele>409</ele></trkpt>
   <trkpt lat="48.730509" lon="10.742211"><ele>408.25</ele></trkpt>
   <trkpt lat="48.729703" lon="10.740536"><ele>410</ele></trkpt>
   <trkpt lat="48.72963" lon="10.740397"><ele>410.5</ele></trkpt>
   <trkpt lat="48.729374" lon="10.739888"><ele>413.25</ele></trkpt>
   <trkpt lat="48.729218" lon="10.739612"><ele>411.5</ele></trkpt>
   <trkpt lat="48.729109" lon="10.739604"><ele>410.25</ele></trkpt>
   <trkpt lat="48.72897" lon="10.739594"><ele>409</ele></trkpt>
   <trkpt lat="48.728784" lon="10.739557"><ele>408</ele></trkpt>
   <trkpt lat="48.728498" lon="10.739449"><ele>407.5</ele></trkpt>
   <trkpt lat="48.728284" lon="10.739349"><ele>407.25</ele></trkpt>
   <trkpt lat="48.728195" lon="10.739283"><ele>407.25</ele></trkpt>
   <trkpt lat="48.728127" lon="10.739187"><ele>407.25</ele></trkpt>
   <trkpt lat="48.727862" lon="10.738665"><ele>409.25</ele></trkpt>
   <trkpt lat="48.727798" lon="10.738574"><ele>409.25</ele></trkpt>
   <trkpt lat="48.727733" lon="10.738497"><ele>409.5</ele></trkpt>
   <trkpt lat="48.727632" lon="10.738423"><ele>409.5</ele></trkpt>
   <trkpt lat="48.727427" lon="10.738295"><ele>409</ele></trkpt>
   <trkpt lat="48.727336" lon="10.738238"><ele>409</ele></trkpt>
   <trkpt lat="48.727283" lon="10.738193"><ele>408.75</ele></trkpt>
   <trkpt lat="48.727122" lon="10.738054"><ele>408.25</ele></trkpt>
   <trkpt lat="48.726969" lon="10.737901"><ele>407.75</ele></trkpt>
   <trkpt lat="48.726888" lon="10.737795"><ele>407.5</ele></trkpt>
   <trkpt lat="48.726843" lon="10.737734"><ele>407.5</ele></trkpt>
   <trkpt lat="48.726786" lon="10.737641"><ele>407.5</ele></trkpt>
   <trkpt lat="48.726724" lon="10.73751"><ele>407.25</ele></trkpt>
   <trkpt lat="48.726665" lon="10.737346"><ele>407.5</ele></trkpt>
   <trkpt lat="48.726608" lon="10.737111"><ele>407.75</ele></trkpt>
   <trkpt lat="48.726539" lon="10.736816"><ele>408.5</ele></trkpt>
   <trkpt lat="48.726498" lon="10.73665"><ele>408.75</ele></trkpt>
   <trkpt lat="48.726462" lon="10.736491"><ele>408.75</ele></trkpt>
   <trkpt lat="48.726398" lon="10.73624"><ele>409.5</ele></trkpt>
   <trkpt lat="48.726361" lon="10.736092"><ele>409.75</ele></trkpt>
   <trkpt lat="48.726276" lon="10.735769"><ele>409.25</ele></trkpt>
   <trkpt lat="48.726241" lon="10.735644"><ele>409.25</ele></trkpt>
   <trkpt lat="48.726092" lon="10.735157"><ele>409.75</ele></trkpt>
   <trkpt lat="48.725901" lon="10.734561"><ele>409.5</ele></trkpt>
   <trkpt lat="48.725523" lon="10.733525"><ele>409.75</ele></trkpt>
   <trkpt lat="48.725295" lon="10.732877"><ele>409.5</ele></trkpt>
   <trkpt lat="48.725117" lon="10.732278"><ele>409.25</ele></trkpt>
   <trkpt lat="48.72492" lon="10.731442"><ele>408.5</ele></trkpt>
   <trkpt lat="48.724841" lon="10.731018"><ele>409</ele></trkpt>
   <trkpt lat="48.724778" lon="10.730617"><ele>409</ele></trkpt>
   <trkpt lat="48.724699" lon="10.729934"><ele>408.75</ele></trkpt>
   <trkpt lat="48.724666" lon="10.729527"><ele>408.5</ele></trkpt>
   <trkpt lat="48.724649" lon="10.729156"><ele>409.25</ele></trkpt>
   <trkpt lat="48.724638" lon="10.728662"><ele>409.25</ele></trkpt>
   <trkpt lat="48.724645" lon="10.728078"><ele>407.75</ele></trkpt>
   <trkpt lat="48.724658" lon="10.727667"><ele>407</ele></trkpt>
   <trkpt lat="48.72469" lon="10.727193"><ele>407.5</ele></trkpt>
   <trkpt lat="48.724733" lon="10.726775"><ele>407.25</ele></trkpt>
   <trkpt lat="48.724797" lon="10.726329"><ele>406.25</ele></trkpt>
   <trkpt lat="48.724854" lon="10.726002"><ele>406</ele></trkpt>
   <trkpt lat="48.724928" lon="10.725644"><ele>406.75</ele></trkpt>
   <trkpt lat="48.72515" lon="10.724748"><ele>406.75</ele></trkpt>
   <trkpt lat="48.725255" lon="10.724348"><ele>407.25</ele></trkpt>
   <trkpt lat="48.725527" lon="10.723428"><ele>407</ele></trkpt>
   <trkpt lat="48.725631" lon="10.723118"><ele>407.25</ele></trkpt>
   <trkpt lat="48.725683" lon="10.722994"><ele>406.75</ele></trkpt>
   <trkpt lat="48.725775" lon="10.722793"><ele>405.5</ele></trkpt>
   <trkpt lat="48.725883" lon="10.722622"><ele>406</ele></trkpt>
   <trkpt lat="48.725993" lon="10.7225"><ele>405.25</ele></trkpt>
   <trkpt lat="48.726107" lon="10.722405"><ele>404.5</ele></trkpt>
   <trkpt lat="48.726228" lon="10.722344"><ele>405</ele></trkpt>
   <trkpt lat="48.726344" lon="10.722303"><ele>405.25</ele></trkpt>
   <trkpt lat="48.726545" lon="10.722299"><ele>404.5</ele></trkpt>
   <trkpt lat="48.726716" lon="10.722336"><ele>404.25</ele></trkpt>
   <trkpt lat="48.72707" lon="10.722434"><ele>402.75</ele></trkpt>
   <trkpt lat="48.727249" lon="10.722475"><ele>402.75</ele></trkpt>
   <trkpt lat="48.727968" lon="10.722587"><ele>403.5</ele></trkpt>
   <trkpt lat="48.728324" lon="10.722654"><ele>403.75</ele></trkpt>
   <trkpt lat="48.728895" lon="10.722891"><ele>403</ele></trkpt>
   <trkpt lat="48.729053" lon="10.722933"><ele>403.25</ele></trkpt>
   <trkpt lat="48.729268" lon="10.722953"><ele>403.25</ele></trkpt>
   <trkpt lat="48.729558" lon="10.722943"><ele>402.5</ele></trkpt>
   <trkpt lat="48.729756" lon="10.722926"><ele>402</ele></trkpt>
   <trkpt lat="48.7301" lon="10.72289"><ele>402.25</ele></trkpt>
   <trkpt lat="48.730668" lon="10.722822"><ele>403</ele></trkpt>
   <trkpt lat="48.730661" lon="10.722713"><ele>402.25</ele></trkpt>
   <trkpt lat="48.73058" lon="10.721234"><ele>402.75</ele></trkpt>
   <trkpt lat="48.730567" lon="10.720838"><ele>402.75</ele></trkpt>
   <trkpt lat="48.730583" lon="10.720462"><ele>402.25</ele></trkpt>
   <trkpt lat="48.730627" lon="10.720212"><ele>402.5</ele></trkpt>
   <trkpt lat="48.730713" lon="10.71989"><ele>402.25</ele></trkpt>
   <trkpt lat="48.730878" lon="10.719489"><ele>402.75</ele></trkpt>
   <trkpt lat="48.731121" lon="10.719012"><ele>402.75</ele></trkpt>
   <trkpt lat="48.731226" lon="10.718809"><ele>402.75</ele></trkpt>
   <trkpt lat="48.731403" lon="10.718552"><ele>403</ele></trkpt>
   <trkpt lat="48.731507" lon="10.718448"><ele>403</ele></trkpt>
   <trkpt lat="48.731739" lon="10.71826"><ele>403.75</ele></trkpt>
   <trkpt lat="48.731813" lon="10.718243"><ele>403.5</ele></trkpt>
   <trkpt lat="48.731906" lon="10.718217"><ele>403.25</ele></trkpt>
   <trkpt lat="48.732139" lon="10.718205"><ele>403</ele></trkpt>
   <trkpt lat="48.732326" lon="10.718206"><ele>403</ele></trkpt>
   <trkpt lat="48.73239" lon="10.718198"><ele>403</ele></trkpt>
   <trkpt lat="48.73253" lon="10.718179"><ele>402.75</ele></trkpt>
   <trkpt lat="48.732734" lon="10.718131"><ele>402.75</ele></trkpt>
   <trkpt lat="48.732983" lon="10.718034"><ele>403</ele></trkpt>
   <trkpt lat="48.733562" lon="10.717695"><ele>403</ele></trkpt>
   <trkpt lat="48.735423" lon="10.716602"><ele>405</ele></trkpt>
   <trkpt lat="48.735464" lon="10.716579"><ele>405</ele></trkpt>
   <trkpt lat="48.735877" lon="10.716366"><ele>404.75</ele></trkpt>
   <trkpt lat="48.737545" lon="10.715502"><ele>403.75</ele></trkpt>
   <trkpt lat="48.739143" lon="10.714787"><ele>403.25</ele></trkpt>
   <trkpt lat="48.739593" lon="10.714662"><ele>403</ele></trkpt>
   <trkpt lat="48.739976" lon="10.714658"><ele>403.75</ele></trkpt>
   <trkpt lat="48.74074" lon="10.714702"><ele>404</ele></trkpt>
   <trkpt lat="48.741162" lon="10.714672"><ele>404</ele></trkpt>
   <trkpt lat="48.743488" lon="10.714305"><ele>405.75</ele></trkpt>
   <trkpt lat="48.743962" lon="10.714266"><ele>406.5</ele></trkpt>
   <trkpt lat="48.744505" lon="10.714389"><ele>407.5</ele></trkpt>
   <trkpt lat="48.745091" lon="10.714682"><ele>408.5</ele></trkpt>
   <trkpt lat="48.74638" lon="10.715443"><ele>409</ele></trkpt>
   <trkpt lat="48.746779" lon="10.715595"><ele>409</ele></trkpt>
   <trkpt lat="48.74719" lon="10.715688"><ele>409.75</ele></trkpt>
   <trkpt lat="48.748074" lon="10.715797"><ele>412.25</ele></trkpt>
   <trkpt lat="48.748582" lon="10.7159"><ele>412.25</ele></trkpt>
   <trkpt lat="48.749941" lon="10.716289"><ele>412</ele></trkpt>
   <trkpt lat="48.750192" lon="10.716371"><ele>412</ele></trkpt>
   <trkpt lat="48.750585" lon="10.716499"><ele>411.75</ele></trkpt>
   <trkpt lat="48.751068" lon="10.716619"><ele>413.25</ele></trkpt>
   <trkpt lat="48.751509" lon="10.716671"><ele>414.75</ele></trkpt>
   <trkpt lat="48.751841" lon="10.716641"><ele>414.5</ele></trkpt>
   <trkpt lat="48.752035" lon="10.716604"><ele>414</ele></trkpt>
   <trkpt lat="48.752227" lon="10.716525"><ele>413.5</ele></trkpt>
   <trkpt lat="48.75254" lon="10.716331"><ele>414</ele></trkpt>
   <trkpt lat="48.752695" lon="10.716253"><ele>413.25</ele></trkpt>
   <trkpt lat="48.752859" lon="10.716199"><ele>412.75</ele></trkpt>
   <trkpt lat="48.753094" lon="10.716172"><ele>412</ele></trkpt>
   <trkpt lat="48.753309" lon="10.716221"><ele>411</ele></trkpt>
   <trkpt lat="48.753678" lon="10.716423"><ele>408.5</ele></trkpt>
   <trkpt lat="48.753832" lon="10.716441"><ele>407.25</ele></trkpt>
   <trkpt lat="48.753928" lon="10.716418"><ele>406.5</ele></trkpt>
   <trkpt lat="48.754014" lon="10.716386"><ele>406</ele></trkpt>
   <trkpt lat="48.754165" lon="10.716271"><ele>405</ele></trkpt>
   <trkpt lat="48.754234" lon="10.716199"><ele>404.75</ele></trkpt>
   <trkpt lat="48.754324" lon="10.716094"><ele>404.25</ele></trkpt>
   <trkpt lat="48.754525" lon="10.715841"><ele>404</ele></trkpt>
   <trkpt lat="48.754676" lon="10.715663"><ele>403.25</ele></trkpt>
   <trkpt lat="48.754756" lon="10.715576"><ele>403</ele></trkpt>
   <trkpt lat="48.754899" lon="10.715389"><ele>403.25</ele></trkpt>
   <trkpt lat="48.754953" lon="10.715191"><ele>403.25</ele></trkpt>
   <trkpt lat="48.754949" lon="10.714794"><ele>404</ele></trkpt>
   <trkpt lat="48.755319" lon="10.714776"><ele>404</ele></trkpt>
   <trkpt lat="48.755398" lon="10.714784"><ele>404.5</ele></trkpt>
   <trkpt lat="48.755608" lon="10.714828"><ele>405</ele></trkpt>
   <trkpt lat="48.755763" lon="10.714886"><ele>404.75</ele></trkpt>
   <trkpt lat="48.755968" lon="10.715008"><ele>404.25</ele></trkpt>
   <trkpt lat="48.756089" lon="10.715173"><ele>404</ele></trkpt>
   <trkpt lat="48.756618" lon="10.716083"><ele>403</ele></trkpt>
   <trkpt lat="48.756907" lon="10.716546"><ele>403</ele></trkpt>
   <trkpt lat="48.757059" lon="10.716768"><ele>403</ele></trkpt>
   <trkpt lat="48.757316" lon="10.717019"><ele>402.75</ele></trkpt>
   <trkpt lat="48.757739" lon="10.717345"><ele>403.25</ele></trkpt>
   <trkpt lat="48.75784" lon="10.717452"><ele>404.25</ele></trkpt>
   <trkpt lat="48.757957" lon="10.71759"><ele>405</ele></trkpt>
   <trkpt lat="48.75806" lon="10.71774"><ele>403.25</ele></trkpt>
   <trkpt lat="48.758135" lon="10.717895"><ele>403</ele></trkpt>
   <trkpt lat="48.758357" lon="10.718473"><ele>403.25</ele></trkpt>
   <trkpt lat="48.758456" lon="10.718716"><ele>403.5</ele></trkpt>
   <trkpt lat="48.758589" lon="10.719"><ele>404.25</ele></trkpt>
   <trkpt lat="48.758818" lon="10.719344"><ele>405</ele></trkpt>
   <trkpt lat="48.75888" lon="10.719426"><ele>405.75</ele></trkpt>
   <trkpt lat="48.758949" lon="10.719517"><ele>405.25</ele></trkpt>
   <trkpt lat="48.759135" lon="10.719699"><ele>405.5</ele></trkpt>
   <trkpt lat="48.759301" lon="10.719816"><ele>405</ele></trkpt>
   <trkpt lat="48.7598" lon="10.720116"><ele>404.75</ele></trkpt>
   <trkpt lat="48.760587" lon="10.720608"><ele>404.75</ele></trkpt>
   <trkpt lat="48.761088" lon="10.720938"><ele>404.25</ele></trkpt>
   <trkpt lat="48.761327" lon="10.72111"><ele>404.75</ele></trkpt>
   <trkpt lat="48.761613" lon="10.721354"><ele>404.75</ele></trkpt>
   <trkpt lat="48.76177" lon="10.721513"><ele>404.75</ele></trkpt>
   <trkpt lat="48.762085" lon="10.721839"><ele>404.25</ele></trkpt>
   <trkpt lat="48.76262" lon="10.722506"><ele>404.75</ele></trkpt>
   <trkpt lat="48.763" lon="10.723027"><ele>405</ele></trkpt>
   <trkpt lat="48.764798" lon="10.725565"><ele>405</ele></trkpt>
   <trkpt lat="48.765115" lon="10.725898"><ele>405.75</ele></trkpt>
   <trkpt lat="48.765389" lon="10.726113"><ele>406</ele></trkpt>
   <trkpt lat="48.765599" lon="10.726266"><ele>407.25</ele></trkpt>
   <trkpt lat="48.765808" lon="10.726392"><ele>407.25</ele></trkpt>
   <trkpt lat="48.765948" lon="10.726451"><ele>407.5</ele></trkpt>
   <trkpt lat="48.766066" lon="10.726485"><ele>407.25</ele></trkpt>
   <trkpt lat="48.766174" lon="10.726487"><ele>407.25</ele></trkpt>
   <trkpt lat="48.766274" lon="10.726464"><ele>407.25</ele></trkpt>
   <trkpt lat="48.76641" lon="10.726368"><ele>406.75</ele></trkpt>
   <trkpt lat="48.766532" lon="10.726247"><ele>406.5</ele></trkpt>
   <trkpt lat="48.76812" lon="10.724408"><ele>404.75</ele></trkpt>
   <trkpt lat="48.768447" lon="10.724013"><ele>404</ele></trkpt>
   <trkpt lat="48.768769" lon="10.723596"><ele>404.5</ele></trkpt>
   <trkpt lat="48.769425" lon="10.722621"><ele>405.25</ele></trkpt>
   <trkpt lat="48.769759" lon="10.722108"><ele>405.5</ele></trkpt>
   <trkpt lat="48.769919" lon="10.72183"><ele>405.25</ele></trkpt>
   <trkpt lat="48.770062" lon="10.72157"><ele>406</ele></trkpt>
   <trkpt lat="48.770239" lon="10.721164"><ele>405.75</ele></trkpt>
   <trkpt lat="48.770414" lon="10.720687"><ele>405.25</ele></trkpt>
   <trkpt lat="48.770515" lon="10.720354"><ele>405.25</ele></trkpt>
   <trkpt lat="48.770597" lon="10.720016"><ele>406.25</ele></trkpt>
   <trkpt lat="48.770663" lon="10.719651"><ele>406</ele></trkpt>
   <trkpt lat="48.770835" lon="10.718282"><ele>407</ele></trkpt>
   <trkpt lat="48.770909" lon="10.717816"><ele>407.5</ele></trkpt>
   <trkpt lat="48.771051" lon="10.717094"><ele>407.25</ele></trkpt>
   <trkpt lat="48.771151" lon="10.716617"><ele>409.25</ele></trkpt>
   <trkpt lat="48.771379" lon="10.715647"><ele>410.75</ele></trkpt>
   <trkpt lat="48.771539" lon="10.714943"><ele>413</ele></trkpt>
   <trkpt lat="48.771599" lon="10.714677"><ele>413.5</ele></trkpt>
   <trkpt lat="48.771824" lon="10.713688"><ele>414.5</ele></trkpt>
   <trkpt lat="48.771995" lon="10.713029"><ele>416</ele></trkpt>
   <trkpt lat="48.772107" lon="10.712679"><ele>415.75</ele></trkpt>
   <trkpt lat="48.772334" lon="10.712006"><ele>415</ele></trkpt>
   <trkpt lat="48.772468" lon="10.711642"><ele>413.75</ele></trkpt>
   <trkpt lat="48.772612" lon="10.711299"><ele>413</ele></trkpt>
   <trkpt lat="48.772824" lon="10.71085"><ele>413</ele></trkpt>
   <trkpt lat="48.772946" lon="10.710608"><ele>412.5</ele></trkpt>
   <trkpt lat="48.773106" lon="10.710324"><ele>413</ele></trkpt>
   <trkpt lat="48.773402" lon="10.709837"><ele>413</ele></trkpt>
   <trkpt lat="48.773717" lon="10.709371"><ele>414</ele></trkpt>
   <trkpt lat="48.774008" lon="10.70899"><ele>414</ele></trkpt>
   <trkpt lat="48.774349" lon="10.708594"><ele>413.5</ele></trkpt>
   <trkpt lat="48.7753" lon="10.707612"><ele>416</ele></trkpt>
   <trkpt lat="48.77613" lon="10.706754"><ele>423</ele></trkpt>
   <trkpt lat="48.776733" lon="10.70616"><ele>429.75</ele></trkpt>
   <trkpt lat="48.776957" lon="10.705929"><ele>431</ele></trkpt>
   <trkpt lat="48.77711" lon="10.705754"><ele>432.5</ele></trkpt>
   <trkpt lat="48.777286" lon="10.705522"><ele>431.75</ele></trkpt>
   <trkpt lat="48.77748" lon="10.705228"><ele>431.5</ele></trkpt>
   <trkpt lat="48.777651" lon="10.704918"><ele>430</ele></trkpt>
   <trkpt lat="48.778212" lon="10.704074"><ele>421.25</ele></trkpt>
   <trkpt lat="48.778535" lon="10.703697"><ele>418.25</ele></trkpt>
   <trkpt lat="48.7787" lon="10.703548"><ele>416</ele></trkpt>
   <trkpt lat="48.778946" lon="10.703379"><ele>416</ele></trkpt>
   <trkpt lat="48.779567" lon="10.70308"><ele>414.25</ele></trkpt>
   <trkpt lat="48.779988" lon="10.702839"><ele>413.25</ele></trkpt>
   <trkpt lat="48.780233" lon="10.702672"><ele>412.5</ele></trkpt>
   <trkpt lat="48.780513" lon="10.702422"><ele>414</ele></trkpt>
   <trkpt lat="48.780829" lon="10.702121"><ele>413.25</ele></trkpt>
   <trkpt lat="48.781017" lon="10.701916"><ele>413</ele></trkpt>
   <trkpt lat="48.781192" lon="10.70168"><ele>412.75</ele></trkpt>
   <trkpt lat="48.781279" lon="10.701546"><ele>412.25</ele></trkpt>
   <trkpt lat="48.781597" lon="10.700943"><ele>411.5</ele></trkpt>
   <trkpt lat="48.781957" lon="10.700152"><ele>410.25</ele></trkpt>
   <trkpt lat="48.782231" lon="10.699553"><ele>409.75</ele></trkpt>
   <trkpt lat="48.78236" lon="10.699318"><ele>409.25</ele></trkpt>
   <trkpt lat="48.782532" lon="10.699017"><ele>408.5</ele></trkpt>
   <trkpt lat="48.782758" lon="10.698655"><ele>408.25</ele></trkpt>
   <trkpt lat="48.782961" lon="10.698387"><ele>407.5</ele></trkpt>
   <trkpt lat="48.783122" lon="10.698191"><ele>407</ele></trkpt>
   <trkpt lat="48.783209" lon="10.69806"><ele>406.5</ele></trkpt>
   <trkpt lat="48.783268" lon="10.697966"><ele>406.5</ele></trkpt>
   <trkpt lat="48.78335" lon="10.697783"><ele>407</ele></trkpt>
   <trkpt lat="48.783399" lon="10.697647"><ele>408</ele></trkpt>
   <trkpt lat="48.783476" lon="10.697275"><ele>408.5</ele></trkpt>
   <trkpt lat="48.783518" lon="10.697032"><ele>408.5</ele></trkpt>
   <trkpt lat="48.783603" lon="10.696543"><ele>409.25</ele></trkpt>
   <trkpt lat="48.783676" lon="10.696111"><ele>411</ele></trkpt>
   <trkpt lat="48.783727" lon="10.695983"><ele>411.5</ele></trkpt>
   <trkpt lat="48.783813" lon="10.695894"><ele>411.75</ele></trkpt>
   <trkpt lat="48.784067" lon="10.695765"><ele>413</ele></trkpt>
   <trkpt lat="48.784606" lon="10.695477"><ele>414.75</ele></trkpt>
   <trkpt lat="48.784724" lon="10.695417"><ele>415</ele></trkpt>
   <trkpt lat="48.784852" lon="10.695364"><ele>414.25</ele></trkpt>
   <trkpt lat="48.785139" lon="10.695269"><ele>413</ele></trkpt>
   <trkpt lat="48.785504" lon="10.695188"><ele>413.75</ele></trkpt>
   <trkpt lat="48.785498" lon="10.694918"><ele>413.25</ele></trkpt>
   <trkpt lat="48.785492" lon="10.694838"><ele>413</ele></trkpt>
   <trkpt lat="48.785467" lon="10.694469"><ele>412</ele></trkpt>
   <trkpt lat="48.785488" lon="10.694338"><ele>411.75</ele></trkpt>
   <trkpt lat="48.785369" lon="10.694278"><ele>411.5</ele></trkpt>
   <trkpt lat="48.785308" lon="10.694094"><ele>411</ele></trkpt>
   <trkpt lat="48.785292" lon="10.69398"><ele>411</ele></trkpt>
   <trkpt lat="48.785341" lon="10.693827"><ele>410.75</ele></trkpt>
   <trkpt lat="48.785601" lon="10.693318"><ele>410</ele></trkpt>
   <trkpt lat="48.785737" lon="10.693005"><ele>409.5</ele></trkpt>
   <trkpt lat="48.785785" lon="10.692873"><ele>408</ele></trkpt>
   <trkpt lat="48.785821" lon="10.692778"><ele>408</ele></trkpt>
   <trkpt lat="48.785885" lon="10.692607"><ele>408.5</ele></trkpt>
   <trkpt lat="48.785957" lon="10.692321"><ele>407.75</ele></trkpt>
   <trkpt lat="48.786019" lon="10.692066"><ele>406.25</ele></trkpt>
   <trkpt lat="48.78609" lon="10.691602"><ele>404</ele></trkpt>
   <trkpt lat="48.786258" lon="10.691695"><ele>404</ele></trkpt>
   <trkpt lat="48.786372" lon="10.69172"><ele>404.5</ele></trkpt>
   <trkpt lat="48.786482" lon="10.691731"><ele>404.75</ele></trkpt>
   <trkpt lat="48.786474" lon="10.691617"><ele>404.25</ele></trkpt>
   <trkpt lat="48.786471" lon="10.691568"><ele>404.25</ele></trkpt>
   <trkpt lat="48.786445" lon="10.691124"><ele>404.75</ele></trkpt>
   <trkpt lat="48.786454" lon="10.690871"><ele>405</ele></trkpt>
   <trkpt lat="48.786478" lon="10.690567"><ele>405.25</ele></trkpt>
   <trkpt lat="48.786508" lon="10.690337"><ele>405.5</ele></trkpt>
   <trkpt lat="48.786569" lon="10.690029"><ele>406</ele></trkpt>
   <trkpt lat="48.786697" lon="10.689644"><ele>406.25</ele></trkpt>
   <trkpt lat="48.786773" lon="10.689403"><ele>406.5</ele></trkpt>
   <trkpt lat="48.786999" lon="10.689408"><ele>407</ele></trkpt>
   <trkpt lat="48.787036" lon="10.689406"><ele>407</ele></trkpt>
   <trkpt lat="48.787133" lon="10.689093"><ele>409</ele></trkpt>
   <trkpt lat="48.787188" lon="10.688914"><ele>410</ele></trkpt>
   <trkpt lat="48.787187" lon="10.68885"><ele>410.25</ele></trkpt>
   <trkpt lat="48.7872" lon="10.688703"><ele>410.75</ele></trkpt>
   <trkpt lat="48.787223" lon="10.688556"><ele>411.25</ele></trkpt>
   <trkpt lat="48.78724" lon="10.688323"><ele>413.25</ele></trkpt>
   <trkpt lat="48.787233" lon="10.6883"><ele>413.25</ele></trkpt>
   <trkpt lat="48.78712" lon="10.687951"><ele>420</ele></trkpt>
   <trkpt lat="48.787005" lon="10.687671"><ele>421.25</ele></trkpt>
   <trkpt lat="48.786928" lon="10.68754"><ele>420.25</ele></trkpt>
   <trkpt lat="48.786864" lon="10.68744"><ele>423</ele></trkpt>
   <trkpt lat="48.786819" lon="10.68738"><ele>424.5</ele></trkpt>
   <trkpt lat="48.786778" lon="10.687327"><ele>424.75</ele></trkpt>
   <trkpt lat="48.786626" lon="10.687204"><ele>425.75</ele></trkpt>
   <trkpt lat="48.786598" lon="10.687169"><ele>427.25</ele></trkpt>
   <trkpt lat="48.786525" lon="10.687052"><ele>429.75</ele></trkpt>
   <trkpt lat="48.786297" lon="10.686549"><ele>433.25</ele></trkpt>
   <trkpt lat="48.786245" lon="10.686449"><ele>433.75</ele></trkpt>
   <trkpt lat="48.786087" lon="10.686196"><ele>434.5</ele></trkpt>
   <trkpt lat="48.78524" lon="10.685217"><ele>446.5</ele></trkpt>
   <trkpt lat="48.785147" lon="10.685058"><ele>448.5</ele></trkpt>
   <trkpt lat="48.785053" lon="10.684922"><ele>449.25</ele></trkpt>
   <trkpt lat="48.784943" lon="10.684718"><ele>450.25</ele></trkpt>
   <trkpt lat="48.784888" lon="10.684568"><ele>451.75</ele></trkpt>
   <trkpt lat="48.784738" lon="10.684043"><ele>454.5</ele></trkpt>
   <trkpt lat="48.784679" lon="10.683841"><ele>455.75</ele></trkpt>
   <trkpt lat="48.784572" lon="10.683802"><ele>457</ele></trkpt>
   <trkpt lat="48.784464" lon="10.683841"><ele>457.75</ele></trkpt>
   <trkpt lat="48.784445" lon="10.683913"><ele>458</ele></trkpt>
   <trkpt lat="48.784428" lon="10.684127"><ele>460.25</ele></trkpt>
   <trkpt lat="48.784432" lon="10.684348"><ele>462.25</ele></trkpt>
   <trkpt lat="48.784528" lon="10.68477"><ele>463.75</ele></trkpt>
   <trkpt lat="48.784742" lon="10.685309"><ele>466.25</ele></trkpt>
   <trkpt lat="48.784792" lon="10.685485"><ele>466.25</ele></trkpt>
   <trkpt lat="48.784809" lon="10.685675"><ele>467</ele></trkpt>
   <trkpt lat="48.784806" lon="10.685811"><ele>467.5</ele></trkpt>
   <trkpt lat="48.78477" lon="10.685926"><ele>469</ele></trkpt>
   <trkpt lat="48.784768" lon="10.685927"><ele>470</ele></trkpt>
   <trkpt lat="48.78477" lon="10.685926"><ele>469</ele></trkpt>
   <trkpt lat="48.784806" lon="10.685811"><ele>467.5</ele></trkpt>
   <trkpt lat="48.784809" lon="10.685675"><ele>467</ele></trkpt>
   <trkpt lat="48.784792" lon="10.685485"><ele>466.25</ele></trkpt>
   <trkpt lat="48.784742" lon="10.685309"><ele>466.25</ele></trkpt>
   <trkpt lat="48.784528" lon="10.68477"><ele>463.75</ele></trkpt>
   <trkpt lat="48.784432" lon="10.684348"><ele>462.25</ele></trkpt>
   <trkpt lat="48.784428" lon="10.684127"><ele>460.25</ele></trkpt>
   <trkpt lat="48.784445" lon="10.683913"><ele>458</ele></trkpt>
   <trkpt lat="48.784464" lon="10.683841"><ele>457.75</ele></trkpt>
   <trkpt lat="48.784572" lon="10.683802"><ele>457</ele></trkpt>
   <trkpt lat="48.784679" lon="10.683841"><ele>455.75</ele></trkpt>
   <trkpt lat="48.784738" lon="10.684043"><ele>454.5</ele></trkpt>
   <trkpt lat="48.784888" lon="10.684568"><ele>451.75</ele></trkpt>
   <trkpt lat="48.784943" lon="10.684718"><ele>450.25</ele></trkpt>
   <trkpt lat="48.785053" lon="10.684922"><ele>449.25</ele></trkpt>
   <trkpt lat="48.785147" lon="10.685058"><ele>448.5</ele></trkpt>
   <trkpt lat="48.785245" lon="10.685055"><ele>447</ele></trkpt>
   <trkpt lat="48.785558" lon="10.685125"><ele>445.75</ele></trkpt>
   <trkpt lat="48.786128" lon="10.685283"><ele>446.75</ele></trkpt>
   <trkpt lat="48.786276" lon="10.685337"><ele>446.5</ele></trkpt>
   <trkpt lat="48.786377" lon="10.685384"><ele>446.5</ele></trkpt>
   <trkpt lat="48.786492" lon="10.68546"><ele>446.75</ele></trkpt>
   <trkpt lat="48.786532" lon="10.685497"><ele>446.5</ele></trkpt>
   <trkpt lat="48.786574" lon="10.685537"><ele>446.5</ele></trkpt>
   <trkpt lat="48.786673" lon="10.685737"><ele>444.75</ele></trkpt>
   <trkpt lat="48.786803" lon="10.686165"><ele>442</ele></trkpt>
   <trkpt lat="48.786864" lon="10.686272"><ele>441.75</ele></trkpt>
   <trkpt lat="48.787041" lon="10.686527"><ele>440.75</ele></trkpt>
   <trkpt lat="48.787071" lon="10.686588"><ele>440</ele></trkpt>
   <trkpt lat="48.787087" lon="10.686642"><ele>439</ele></trkpt>
   <trkpt lat="48.787227" lon="10.686635"><ele>441</ele></trkpt>
   <trkpt lat="48.787389" lon="10.686655"><ele>441.5</ele></trkpt>
   <trkpt lat="48.787578" lon="10.686659"><ele>442</ele></trkpt>
   <trkpt lat="48.787803" lon="10.686631"><ele>442.25</ele></trkpt>
   <trkpt lat="48.788084" lon="10.686568"><ele>442.75</ele></trkpt>
   <trkpt lat="48.788299" lon="10.686494"><ele>444</ele></trkpt>
   <trkpt lat="48.788546" lon="10.686339"><ele>444.75</ele></trkpt>
   <trkpt lat="48.788875" lon="10.686045"><ele>446</ele></trkpt>
   <trkpt lat="48.789083" lon="10.685845"><ele>446</ele></trkpt>
   <trkpt lat="48.789174" lon="10.68573"><ele>445.5</ele></trkpt>
   <trkpt lat="48.789196" lon="10.685692"><ele>445.75</ele></trkpt>
   <trkpt lat="48.789232" lon="10.68567"><ele>445.5</ele></trkpt>
   <trkpt lat="48.78923" lon="10.68562"><ele>446</ele></trkpt>
   <trkpt lat="48.789279" lon="10.685489"><ele>446.25</ele></trkpt>
   <trkpt lat="48.789516" lon="10.685003"><ele>446</ele></trkpt>
   <trkpt lat="48.789659" lon="10.684634"><ele>446.5</ele></trkpt>
   <trkpt lat="48.789762" lon="10.6842"><ele>448.5</ele></trkpt>
   <trkpt lat="48.789837" lon="10.683727"><ele>448.5</ele></trkpt>
   <trkpt lat="48.789934" lon="10.683303"><ele>446.5</ele></trkpt>
   <trkpt lat="48.789944" lon="10.683137"><ele>444.5</ele></trkpt>
   <trkpt lat="48.789914" lon="10.682971"><ele>443</ele></trkpt>
   <trkpt lat="48.789777" lon="10.682552"><ele>441.5</ele></trkpt>
   <trkpt lat="48.789583" lon="10.68203"><ele>441</ele></trkpt>
   <trkpt lat="48.789503" lon="10.681792"><ele>440.75</ele></trkpt>
   <trkpt lat="48.78946" lon="10.681568"><ele>440.75</ele></trkpt>
   <trkpt lat="48.789692" lon="10.680894"><ele>434</ele></trkpt>
   <trkpt lat="48.789767" lon="10.68047"><ele>432</ele></trkpt>
   <trkpt lat="48.789811" lon="10.679722"><ele>430.5</ele></trkpt>
   <trkpt lat="48.789872" lon="10.679644"><ele>429.75</ele></trkpt>
   <trkpt lat="48.789984" lon="10.679638"><ele>428</ele></trkpt>
   <trkpt lat="48.789964" lon="10.678809"><ele>428</ele></trkpt>
   <trkpt lat="48.789935" lon="10.677997"><ele>426.5</ele></trkpt>
   <trkpt lat="48.789886" lon="10.675591"><ele>424.25</ele></trkpt>
   <trkpt lat="48.789881" lon="10.674651"><ele>424.75</ele></trkpt>
   <trkpt lat="48.789724" lon="10.672195"><ele>431</ele></trkpt>
   <trkpt lat="48.78971" lon="10.671624"><ele>432</ele></trkpt>
   <trkpt lat="48.789705" lon="10.67079"><ele>432.25</ele></trkpt>
   <trkpt lat="48.789799" lon="10.670006"><ele>428.5</ele></trkpt>
   <trkpt lat="48.789935" lon="10.669254"><ele>425</ele></trkpt>
   <trkpt lat="48.790296" lon="10.667633"><ele>420</ele></trkpt>
   <trkpt lat="48.790505" lon="10.66717"><ele>417</ele></trkpt>
   <trkpt lat="48.790765" lon="10.666629"><ele>414.5</ele></trkpt>
   <trkpt lat="48.790786" lon="10.66653"><ele>414</ele></trkpt>
   <trkpt lat="48.79083" lon="10.666413"><ele>413</ele></trkpt>
   <trkpt lat="48.791099" lon="10.666001"><ele>410.5</ele></trkpt>
   <trkpt lat="48.79138" lon="10.665591"><ele>410</ele></trkpt>
   <trkpt lat="48.791888" lon="10.664918"><ele>409</ele></trkpt>
   <trkpt lat="48.792666" lon="10.664032"><ele>407.5</ele></trkpt>
   <trkpt lat="48.79337" lon="10.663296"><ele>407.75</ele></trkpt>
   <trkpt lat="48.793997" lon="10.662611"><ele>408</ele></trkpt>
   <trkpt lat="48.794783" lon="10.661795"><ele>409.5</ele></trkpt>
   <trkpt lat="48.795375" lon="10.661066"><ele>410</ele></trkpt>
   <trkpt lat="48.795623" lon="10.660776"><ele>411.25</ele></trkpt>
   <trkpt lat="48.795907" lon="10.660376"><ele>412</ele></trkpt>
   <trkpt lat="48.796272" lon="10.659727"><ele>413.25</ele></trkpt>
   <trkpt lat="48.7966" lon="10.659029"><ele>413.75</ele></trkpt>
   <trkpt lat="48.796624" lon="10.658667"><ele>414</ele></trkpt>
   <trkpt lat="48.796731" lon="10.658441"><ele>414.25</ele></trkpt>
   <trkpt lat="48.796957" lon="10.658264"><ele>413.75</ele></trkpt>
   <trkpt lat="48.797279" lon="10.657339"><ele>413</ele></trkpt>
   <trkpt lat="48.797512" lon="10.656545"><ele>413</ele></trkpt>
   <trkpt lat="48.797653" lon="10.655844"><ele>414.5</ele></trkpt>
   <trkpt lat="48.797811" lon="10.654835"><ele>414</ele></trkpt>
   <trkpt lat="48.797904" lon="10.653911"><ele>415.75</ele></trkpt>
   <trkpt lat="48.797923" lon="10.65377"><ele>416</ele></trkpt>
   <trkpt lat="48.79787" lon="10.653566"><ele>416</ele></trkpt>
   <trkpt lat="48.797504" lon="10.652896"><ele>416.75</ele></trkpt>
   <trkpt lat="48.797484" lon="10.652771"><ele>417</ele></trkpt>
   <trkpt lat="48.797489" lon="10.652651"><ele>417.25</ele></trkpt>
   <trkpt lat="48.79752" lon="10.65252"><ele>417.75</ele></trkpt>
   <trkpt lat="48.797281" lon="10.65232"><ele>418.5</ele></trkpt>
   <trkpt lat="48.796816" lon="10.65202"><ele>421.25</ele></trkpt>
   <trkpt lat="48.796507" lon="10.651832"><ele>423</ele></trkpt>
   <trkpt lat="48.79631" lon="10.651672"><ele>424.5</ele></trkpt>
   <trkpt lat="48.796154" lon="10.651504"><ele>425.5</ele></trkpt>
   <trkpt lat="48.796021" lon="10.6513"><ele>426.5</ele></trkpt>
   <trkpt lat="48.795595" lon="10.65034"><ele>429.75</ele></trkpt>
   <trkpt lat="48.795455" lon="10.650007"><ele>430.5</ele></trkpt>
   <trkpt lat="48.795433" lon="10.649964"><ele>430.75</ele></trkpt>
   <trkpt lat="48.795349" lon="10.649718"><ele>431.25</ele></trkpt>
   <trkpt lat="48.795207" lon="10.649177"><ele>433.25</ele></trkpt>
   <trkpt lat="48.795113" lon="10.648883"><ele>433.75</ele></trkpt>
   <trkpt lat="48.795008" lon="10.648627"><ele>434.75</ele></trkpt>
   <trkpt lat="48.794789" lon="10.648194"><ele>436.5</ele></trkpt>
   <trkpt lat="48.794499" lon="10.64756"><ele>439.5</ele></trkpt>
   <trkpt lat="48.794282" lon="10.64706"><ele>443.5</ele></trkpt>
   <trkpt lat="48.79399" lon="10.646331"><ele>446.5</ele></trkpt>
   <trkpt lat="48.793736" lon="10.645649"><ele>447.5</ele></trkpt>
   <trkpt lat="48.793671" lon="10.645457"><ele>447.5</ele></trkpt>
   <trkpt lat="48.793566" lon="10.645142"><ele>448.25</ele></trkpt>
   <trkpt lat="48.793376" lon="10.644545"><ele>449.75</ele></trkpt>
   <trkpt lat="48.793319" lon="10.644306"><ele>450</ele></trkpt>
   <trkpt lat="48.793244" lon="10.644001"><ele>450</ele></trkpt>
   <trkpt lat="48.793162" lon="10.643625"><ele>450.75</ele></trkpt>
   <trkpt lat="48.793107" lon="10.643417"><ele>452</ele></trkpt>
   <trkpt lat="48.793052" lon="10.643252"><ele>452.25</ele></trkpt>
   <trkpt lat="48.792987" lon="10.643103"><ele>452.5</ele></trkpt>
   <trkpt lat="48.792909" lon="10.642949"><ele>453.5</ele></trkpt>
   <trkpt lat="48.792816" lon="10.642794"><ele>453.5</ele></trkpt>
   <trkpt lat="48.792637" lon="10.64255"><ele>453.25</ele></trkpt>
   <trkpt lat="48.792555" lon="10.642402"><ele>453.25</ele></trkpt>
   <trkpt lat="48.792491" lon="10.64219"><ele>452.75</ele></trkpt>
   <trkpt lat="48.792435" lon="10.641959"><ele>451.75</ele></trkpt>
   <trkpt lat="48.792409" lon="10.641887"><ele>451.5</ele></trkpt>
   <trkpt lat="48.792238" lon="10.641552"><ele>450.25</ele></trkpt>
   <trkpt lat="48.792124" lon="10.641329"><ele>450.25</ele></trkpt>
   <trkpt lat="48.792033" lon="10.641175"><ele>450</ele></trkpt>
   <trkpt lat="48.79191" lon="10.641023"><ele>449.75</ele></trkpt>
   <trkpt lat="48.791771" lon="10.640931"><ele>449.75</ele></trkpt>
   <trkpt lat="48.791788" lon="10.640819"><ele>448.75</ele></trkpt>
   <trkpt lat="48.791781" lon="10.640707"><ele>448.5</ele></trkpt>
   <trkpt lat="48.791557" lon="10.64011"><ele>446.75</ele></trkpt>
   <trkpt lat="48.791459" lon="10.639599"><ele>446</ele></trkpt>
   <trkpt lat="48.791408" lon="10.639277"><ele>445.25</ele></trkpt>
   <trkpt lat="48.791382" lon="10.639046"><ele>445</ele></trkpt>
   <trkpt lat="48.791343" lon="10.638031"><ele>444.25</ele></trkpt>
   <trkpt lat="48.791358" lon="10.637649"><ele>444</ele></trkpt>
   <trkpt lat="48.791365" lon="10.637271"><ele>444</ele></trkpt>
   <trkpt lat="48.791394" lon="10.63652"><ele>443.75</ele></trkpt>
   <trkpt lat="48.791427" lon="10.635973"><ele>444.5</ele></trkpt>
   <trkpt lat="48.791554" lon="10.635037"><ele>444.75</ele></trkpt>
   <trkpt lat="48.791682" lon="10.634286"><ele>442.75</ele></trkpt>
   <trkpt lat="48.791761" lon="10.633657"><ele>440.75</ele></trkpt>
   <trkpt lat="48.791817" lon="10.632983"><ele>440.25</ele></trkpt>
   <trkpt lat="48.79183" lon="10.632723"><ele>440.25</ele></trkpt>
   <trkpt lat="48.791862" lon="10.6322"><ele>439.75</ele></trkpt>
   <trkpt lat="48.791884" lon="10.631223"><ele>439.5</ele></trkpt>
   <trkpt lat="48.791835" lon="10.629734"><ele>437.75</ele></trkpt>
   <trkpt lat="48.791761" lon="10.627554"><ele>437</ele></trkpt>
   <trkpt lat="48.79175" lon="10.626468"><ele>437.75</ele></trkpt>
   <trkpt lat="48.791773" lon="10.625708"><ele>438</ele></trkpt>
   <trkpt lat="48.791968" lon="10.620989"><ele>437</ele></trkpt>
   <trkpt lat="48.791959" lon="10.620486"><ele>436.75</ele></trkpt>
   <trkpt lat="48.791898" lon="10.61979"><ele>437.75</ele></trkpt>
   <trkpt lat="48.791831" lon="10.619249"><ele>437.5</ele></trkpt>
   <trkpt lat="48.79168" lon="10.618463"><ele>437.75</ele></trkpt>
   <trkpt lat="48.79151" lon="10.617666"><ele>439.25</ele></trkpt>
   <trkpt lat="48.791293" lon="10.616902"><ele>439</ele></trkpt>
   <trkpt lat="48.790524" lon="10.614278"><ele>439.25</ele></trkpt>
   <trkpt lat="48.790352" lon="10.613599"><ele>439</ele></trkpt>
   <trkpt lat="48.790279" lon="10.61318"><ele>439.25</ele></trkpt>
   <trkpt lat="48.790234" lon="10.612612"><ele>439</ele></trkpt>
   <trkpt lat="48.79021" lon="10.612002"><ele>438.25</ele></trkpt>
   <trkpt lat="48.790257" lon="10.610301"><ele>436</ele></trkpt>
   <trkpt lat="48.790288" lon="10.609661"><ele>434.75</ele></trkpt>
   <trkpt lat="48.790318" lon="10.60923"><ele>433.75</ele></trkpt>
   <trkpt lat="48.790418" lon="10.608439"><ele>431.75</ele></trkpt>
   <trkpt lat="48.790528" lon="10.607842"><ele>428.5</ele></trkpt>
   <trkpt lat="48.790622" lon="10.607452"><ele>426.5</ele></trkpt>
   <trkpt lat="48.790678" lon="10.607237"><ele>425.5</ele></trkpt>
   <trkpt lat="48.790711" lon="10.607038"><ele>424.25</ele></trkpt>
   <trkpt lat="48.790721" lon="10.60683"><ele>423.5</ele></trkpt>
   <trkpt lat="48.790715" lon="10.60657"><ele>422.75</ele></trkpt>
   <trkpt lat="48.790701" lon="10.606293"><ele>422</ele></trkpt>
   <trkpt lat="48.790697" lon="10.606063"><ele>421.25</ele></trkpt>
   <trkpt lat="48.790701" lon="10.605919"><ele>420.75</ele></trkpt>
   <trkpt lat="48.79071" lon="10.605647"><ele>420.25</ele></trkpt>
   <trkpt lat="48.790704" lon="10.605505"><ele>420.25</ele></trkpt>
   <trkpt lat="48.790668" lon="10.605373"><ele>420</ele></trkpt>
   <trkpt lat="48.79065" lon="10.605338"><ele>420</ele></trkpt>
   <trkpt lat="48.79058" lon="10.605267"><ele>420</ele></trkpt>
   <trkpt lat="48.790489" lon="10.605215"><ele>420</ele></trkpt>
   <trkpt lat="48.79037" lon="10.605187"><ele>420.25</ele></trkpt>
   <trkpt lat="48.79024" lon="10.605183"><ele>420.25</ele></trkpt>
   <trkpt lat="48.790127" lon="10.605193"><ele>420.5</ele></trkpt>
   <trkpt lat="48.78986" lon="10.605238"><ele>421</ele></trkpt>
   <trkpt lat="48.789743" lon="10.605253"><ele>421</ele></trkpt>
   <trkpt lat="48.789589" lon="10.605273"><ele>421</ele></trkpt>
   <trkpt lat="48.789458" lon="10.605294"><ele>421</ele></trkpt>
   <trkpt lat="48.789257" lon="10.605311"><ele>421</ele></trkpt>
   <trkpt lat="48.78919" lon="10.605303"><ele>420.75</ele></trkpt>
   <trkpt lat="48.789125" lon="10.605277"><ele>421</ele></trkpt>
   <trkpt lat="48.789069" lon="10.605224"><ele>421</ele></trkpt>
   <trkpt lat="48.789009" lon="10.605114"><ele>421.5</ele></trkpt>
   <trkpt lat="48.788968" lon="10.604977"><ele>422</ele></trkpt>
   <trkpt lat="48.788891" lon="10.604431"><ele>424</ele></trkpt>
   <trkpt lat="48.788878" lon="10.604329"><ele>424.25</ele></trkpt>
   <trkpt lat="48.788808" lon="10.60386"><ele>426</ele></trkpt>
   <trkpt lat="48.788736" lon="10.603423"><ele>427</ele></trkpt>
   <trkpt lat="48.788636" lon="10.602869"><ele>428.5</ele></trkpt>
   <trkpt lat="48.788626" lon="10.602801"><ele>428.75</ele></trkpt>
   <trkpt lat="48.788429" lon="10.601642"><ele>431.5</ele></trkpt>
   <trkpt lat="48.788375" lon="10.601208"><ele>432.5</ele></trkpt>
   <trkpt lat="48.788336" lon="10.600718"><ele>433.75</ele></trkpt>
   <trkpt lat="48.788338" lon="10.600414"><ele>433.75</ele></trkpt>
   <trkpt lat="48.788346" lon="10.600189"><ele>433.75</ele></trkpt>
   <trkpt lat="48.788393" lon="10.599694"><ele>434.25</ele></trkpt>
   <trkpt lat="48.788441" lon="10.599361"><ele>433.75</ele></trkpt>
   <trkpt lat="48.78851" lon="10.599023"><ele>433.75</ele></trkpt>
   <trkpt lat="48.788686" lon="10.598368"><ele>434</ele></trkpt>
   <trkpt lat="48.788946" lon="10.597512"><ele>432.25</ele></trkpt>
   <trkpt lat="48.789162" lon="10.596834"><ele>430.25</ele></trkpt>
   <trkpt lat="48.789233" lon="10.596559"><ele>430.25</ele></trkpt>
   <trkpt lat="48.789289" lon="10.5963"><ele>429.25</ele></trkpt>
   <trkpt lat="48.789312" lon="10.596109"><ele>428.25</ele></trkpt>
   <trkpt lat="48.78937" lon="10.595174"><ele>427</ele></trkpt>
   <trkpt lat="48.78938" lon="10.594918"><ele>426</ele></trkpt>
   <trkpt lat="48.789366" lon="10.594473"><ele>424.5</ele></trkpt>
   <trkpt lat="48.789333" lon="10.593926"><ele>421</ele></trkpt>
   <trkpt lat="48.789268" lon="10.593087"><ele>416.5</ele></trkpt>
   <trkpt lat="48.789252" lon="10.592902"><ele>416.25</ele></trkpt>
   <trkpt lat="48.789201" lon="10.592328"><ele>416.75</ele></trkpt>
   <trkpt lat="48.789158" lon="10.592064"><ele>417</ele></trkpt>
   <trkpt lat="48.789101" lon="10.591818"><ele>417</ele></trkpt>
   <trkpt lat="48.789004" lon="10.591548"><ele>417.25</ele></trkpt>
   <trkpt lat="48.788911" lon="10.591367"><ele>418</ele></trkpt>
   <trkpt lat="48.788819" lon="10.591212"><ele>418.5</ele></trkpt>
   <trkpt lat="48.788733" lon="10.591089"><ele>419</ele></trkpt>
   <trkpt lat="48.788767" lon="10.591038"><ele>419.25</ele></trkpt>
   <trkpt lat="48.78883" lon="10.591026"><ele>419.25</ele></trkpt>
   <trkpt lat="48.788894" lon="10.590985"><ele>419.25</ele></trkpt>
   <trkpt lat="48.788905" lon="10.5909"><ele>419.75</ele></trkpt>
   <trkpt lat="48.788652" lon="10.590019"><ele>421.75</ele></trkpt>
   <trkpt lat="48.788639" lon="10.589973"><ele>421.75</ele></trkpt>
   <trkpt lat="48.788564" lon="10.589714"><ele>421.75</ele></trkpt>
   <trkpt lat="48.788488" lon="10.589448"><ele>422</ele></trkpt>
   <trkpt lat="48.788406" lon="10.589161"><ele>422</ele></trkpt>
   <trkpt lat="48.788271" lon="10.588691"><ele>422.75</ele></trkpt>
   <trkpt lat="48.788178" lon="10.588365"><ele>422.75</ele></trkpt>
   <trkpt lat="48.788025" lon="10.587831"><ele>424</ele></trkpt>
   <trkpt lat="48.788337" lon="10.587574"><ele>423.5</ele></trkpt>
   <trkpt lat="48.788325" lon="10.587434"><ele>424</ele></trkpt>
   <trkpt lat="48.78837" lon="10.586942"><ele>423.75</ele></trkpt>
   <trkpt lat="48.788396" lon="10.586441"><ele>423.5</ele></trkpt>
   <trkpt lat="48.788402" lon="10.586193"><ele>423.5</ele></trkpt>
   <trkpt lat="48.788398" lon="10.585854"><ele>423.5</ele></trkpt>
   <trkpt lat="48.788385" lon="10.58548"><ele>423.75</ele></trkpt>
   <trkpt lat="48.78833" lon="10.584933"><ele>424.5</ele></trkpt>
   <trkpt lat="48.788272" lon="10.584603"><ele>424</ele></trkpt>
   <trkpt lat="48.788173" lon="10.584163"><ele>424</ele></trkpt>
   <trkpt lat="48.788127" lon="10.583911"><ele>424.25</ele></trkpt>
   <trkpt lat="48.788098" lon="10.583517"><ele>424.5</ele></trkpt>
   <trkpt lat="48.788099" lon="10.583285"><ele>424.25</ele></trkpt>
   <trkpt lat="48.788131" lon="10.582473"><ele>422.25</ele></trkpt>
   <trkpt lat="48.788134" lon="10.58214"><ele>421.25</ele></trkpt>
   <trkpt lat="48.788131" lon="10.581972"><ele>421.25</ele></trkpt>
   <trkpt lat="48.788099" lon="10.58143"><ele>420.75</ele></trkpt>
   <trkpt lat="48.788081" lon="10.580938"><ele>420.75</ele></trkpt>
   <trkpt lat="48.788028" lon="10.579567"><ele>420</ele></trkpt>
   <trkpt lat="48.787969" lon="10.579123"><ele>419.25</ele></trkpt>
   <trkpt lat="48.787824" lon="10.578434"><ele>419.75</ele></trkpt>
   <trkpt lat="48.78779" lon="10.578219"><ele>419.75</ele></trkpt>
   <trkpt lat="48.787771" lon="10.577975"><ele>420</ele></trkpt>
   <trkpt lat="48.787749" lon="10.577346"><ele>420.5</ele></trkpt>
   <trkpt lat="48.787689" lon="10.573839"><ele>421.25</ele></trkpt>
   <trkpt lat="48.787667" lon="10.573482"><ele>421.25</ele></trkpt>
   <trkpt lat="48.787654" lon="10.573329"><ele>421.25</ele></trkpt>
   <trkpt lat="48.787586" lon="10.572811"><ele>421.75</ele></trkpt>
   <trkpt lat="48.78755" lon="10.572633"><ele>421.75</ele></trkpt>
   <trkpt lat="48.787488" lon="10.572377"><ele>422</ele></trkpt>
   <trkpt lat="48.78744" lon="10.572154"><ele>422.25</ele></trkpt>
   <trkpt lat="48.787418" lon="10.571966"><ele>422.5</ele></trkpt>
   <trkpt lat="48.787406" lon="10.571447"><ele>423</ele></trkpt>
   <trkpt lat="48.787628" lon="10.571427"><ele>422.25</ele></trkpt>
   <trkpt lat="48.787688" lon="10.571421"><ele>422</ele></trkpt>
   <trkpt lat="48.788028" lon="10.571378"><ele>421</ele></trkpt>
   <trkpt lat="48.78818" lon="10.571378"><ele>420.5</ele></trkpt>
   <trkpt lat="48.788319" lon="10.571402"><ele>420</ele></trkpt>
   <trkpt lat="48.788436" lon="10.571474"><ele>420</ele></trkpt>
   <trkpt lat="48.788586" lon="10.571613"><ele>420</ele></trkpt>
   <trkpt lat="48.788685" lon="10.571679"><ele>420.25</ele></trkpt>
   <trkpt lat="48.788738" lon="10.571702"><ele>420.25</ele></trkpt>
   <trkpt lat="48.788811" lon="10.571713"><ele>420.5</ele></trkpt>
   <trkpt lat="48.788852" lon="10.571696"><ele>420.75</ele></trkpt>
   <trkpt lat="48.788884" lon="10.571659"><ele>420.75</ele></trkpt>
   <trkpt lat="48.788967" lon="10.57153"><ele>421.25</ele></trkpt>
   <trkpt lat="48.789114" lon="10.571251"><ele>421.75</ele></trkpt>
   <trkpt lat="48.78919" lon="10.571106"><ele>422</ele></trkpt>
   <trkpt lat="48.789329" lon="10.570884"><ele>422.25</ele></trkpt>
   <trkpt lat="48.789467" lon="10.570701"><ele>423</ele></trkpt>
   <trkpt lat="48.789614" lon="10.570522"><ele>423.5</ele></trkpt>
   <trkpt lat="48.789751" lon="10.570355"><ele>424</ele></trkpt>
   <trkpt lat="48.789821" lon="10.570269"><ele>424.5</ele></trkpt>
   <trkpt lat="48.789941" lon="10.570116"><ele>425</ele></trkpt>
   <trkpt lat="48.790154" lon="10.569811"><ele>425.5</ele></trkpt>
   <trkpt lat="48.790277" lon="10.569607"><ele>425.75</ele></trkpt>
   <trkpt lat="48.790669" lon="10.568967"><ele>426.5</ele></trkpt>
   <trkpt lat="48.790828" lon="10.568719"><ele>426.75</ele></trkpt>
   <trkpt lat="48.790902" lon="10.568604"><ele>426.75</ele></trkpt>
   <trkpt lat="48.791145" lon="10.568291"><ele>426.75</ele></trkpt>
   <trkpt lat="48.791332" lon="10.568034"><ele>426.5</ele></trkpt>
   <trkpt lat="48.791475" lon="10.567815"><ele>426.25</ele></trkpt>
   <trkpt lat="48.791589" lon="10.56761"><ele>426.25</ele></trkpt>
   <trkpt lat="48.791693" lon="10.567382"><ele>426</ele></trkpt>
   <trkpt lat="48.791782" lon="10.567114"><ele>425.75</ele></trkpt>
   <trkpt lat="48.792016" lon="10.566299"><ele>425</ele></trkpt>
   <trkpt lat="48.792253" lon="10.565717"><ele>425.5</ele></trkpt>
   <trkpt lat="48.792474" lon="10.565256"><ele>425.75</ele></trkpt>
   <trkpt lat="48.792768" lon="10.564739"><ele>426.75</ele></trkpt>
   <trkpt lat="48.792925" lon="10.564379"><ele>427</ele></trkpt>
   <trkpt lat="48.793088" lon="10.563928"><ele>428</ele></trkpt>
   <trkpt lat="48.793241" lon="10.563439"><ele>428.5</ele></trkpt>
   <trkpt lat="48.793405" lon="10.562993"><ele>429</ele></trkpt>
   <trkpt lat="48.793494" lon="10.562814"><ele>429</ele></trkpt>
   <trkpt lat="48.793703" lon="10.562451"><ele>429.5</ele></trkpt>
   <trkpt lat="48.793945" lon="10.562122"><ele>430</ele></trkpt>
   <trkpt lat="48.795693" lon="10.559826"><ele>437.25</ele></trkpt>
   <trkpt lat="48.796318" lon="10.559005"><ele>439.5</ele></trkpt>
   <trkpt lat="48.79699" lon="10.558123"><ele>442</ele></trkpt>
   <trkpt lat="48.797104" lon="10.557933"><ele>442.25</ele></trkpt>
   <trkpt lat="48.797274" lon="10.5576"><ele>443</ele></trkpt>
   <trkpt lat="48.797429" lon="10.557235"><ele>443</ele></trkpt>
   <trkpt lat="48.797805" lon="10.556266"><ele>442.5</ele></trkpt>
   <trkpt lat="48.798264" lon="10.555058"><ele>441</ele></trkpt>
   <trkpt lat="48.798348" lon="10.554777"><ele>440.75</ele></trkpt>
   <trkpt lat="48.798414" lon="10.554407"><ele>440.5</ele></trkpt>
   <trkpt lat="48.798473" lon="10.553651"><ele>440</ele></trkpt>
   <trkpt lat="48.798504" lon="10.553411"><ele>439.5</ele></trkpt>
   <trkpt lat="48.798559" lon="10.553147"><ele>439</ele></trkpt>
   <trkpt lat="48.798632" lon="10.552899"><ele>438.75</ele></trkpt>
   <trkpt lat="48.798734" lon="10.552682"><ele>438.25</ele></trkpt>
   <trkpt lat="48.798821" lon="10.552514"><ele>438</ele></trkpt>
   <trkpt lat="48.798987" lon="10.552195"><ele>436.5</ele></trkpt>
   <trkpt lat="48.799232" lon="10.551793"><ele>434.75</ele></trkpt>
   <trkpt lat="48.799372" lon="10.551551"><ele>433.75</ele></trkpt>
   <trkpt lat="48.799562" lon="10.551255"><ele>432.75</ele></trkpt>
   <trkpt lat="48.79971" lon="10.551025"><ele>432</ele></trkpt>
   <trkpt lat="48.799936" lon="10.550671"><ele>430.75</ele></trkpt>
   <trkpt lat="48.800047" lon="10.55049"><ele>429.75</ele></trkpt>
   <trkpt lat="48.800092" lon="10.550424"><ele>429.5</ele></trkpt>
   <trkpt lat="48.800234" lon="10.550185"><ele>429</ele></trkpt>
   <trkpt lat="48.800321" lon="10.550055"><ele>428.75</ele></trkpt>
   <trkpt lat="48.800396" lon="10.549939"><ele>428.5</ele></trkpt>
   <trkpt lat="48.800447" lon="10.549835"><ele>428.25</ele></trkpt>
   <trkpt lat="48.800503" lon="10.549735"><ele>427.5</ele></trkpt>
   <trkpt lat="48.800593" lon="10.549634"><ele>427</ele></trkpt>
   <trkpt lat="48.800698" lon="10.549524"><ele>427</ele></trkpt>
   <trkpt lat="48.800766" lon="10.549436"><ele>427</ele></trkpt>
   <trkpt lat="48.800893" lon="10.549243"><ele>426.25</ele></trkpt>
   <trkpt lat="48.801008" lon="10.549072"><ele>426.25</ele></trkpt>
   <trkpt lat="48.801091" lon="10.548962"><ele>426</ele></trkpt>
   <trkpt lat="48.801192" lon="10.54885"><ele>426</ele></trkpt>
   <trkpt lat="48.801255" lon="10.548792"><ele>426</ele></trkpt>
   <trkpt lat="48.801406" lon="10.548687"><ele>425.75</ele></trkpt>
   <trkpt lat="48.801521" lon="10.548596"><ele>426</ele></trkpt>
   <trkpt lat="48.801621" lon="10.548481"><ele>426</ele></trkpt>
   <trkpt lat="48.801935" lon="10.548005"><ele>426</ele></trkpt>
   <trkpt lat="48.802004" lon="10.547903"><ele>426</ele></trkpt>
   <trkpt lat="48.802074" lon="10.547817"><ele>426.25</ele></trkpt>
   <trkpt lat="48.802032" lon="10.547717"><ele>426.25</ele></trkpt>
   <trkpt lat="48.80203" lon="10.547606"><ele>426.5</ele></trkpt>
   <trkpt lat="48.80207" lon="10.547513"><ele>426.75</ele></trkpt>
   <trkpt lat="48.802512" lon="10.547072"><ele>428.5</ele></trkpt>
   <trkpt lat="48.802747" lon="10.546833"><ele>429</ele></trkpt>
   <trkpt lat="48.802861" lon="10.546717"><ele>428.75</ele></trkpt>
   <trkpt lat="48.802919" lon="10.54664"><ele>429</ele></trkpt>
   <trkpt lat="48.803005" lon="10.546481"><ele>429</ele></trkpt>
   <trkpt lat="48.803044" lon="10.546315"><ele>429</ele></trkpt>
   <trkpt lat="48.803078" lon="10.546153"><ele>429</ele></trkpt>
   <trkpt lat="48.803116" lon="10.545964"><ele>429.5</ele></trkpt>
   <trkpt lat="48.803245" lon="10.545117"><ele>430.5</ele></trkpt>
   <trkpt lat="48.803272" lon="10.545014"><ele>430.75</ele></trkpt>
   <trkpt lat="48.80339" lon="10.544447"><ele>430</ele></trkpt>
   <trkpt lat="48.803638" lon="10.543447"><ele>431</ele></trkpt>
   <trkpt lat="48.803867" lon="10.542449"><ele>431.75</ele></trkpt>
   <trkpt lat="48.804025" lon="10.541767"><ele>431.25</ele></trkpt>
   <trkpt lat="48.804231" lon="10.541246"><ele>432</ele></trkpt>
   <trkpt lat="48.804263" lon="10.541182"><ele>432</ele></trkpt>
   <trkpt lat="48.804356" lon="10.540992"><ele>432</ele></trkpt>
   <trkpt lat="48.804504" lon="10.540759"><ele>432.25</ele></trkpt>
   <trkpt lat="48.804651" lon="10.540583"><ele>432.75</ele></trkpt>
   <trkpt lat="48.80485" lon="10.5404"><ele>433.25</ele></trkpt>
   <trkpt lat="48.805081" lon="10.540231"><ele>433.75</ele></trkpt>
   <trkpt lat="48.805343" lon="10.540091"><ele>434</ele></trkpt>
   <trkpt lat="48.805747" lon="10.539823"><ele>434.75</ele></trkpt>
   <trkpt lat="48.806109" lon="10.539537"><ele>434.75</ele></trkpt>
   <trkpt lat="48.806174" lon="10.539472"><ele>435</ele></trkpt>
   <trkpt lat="48.806308" lon="10.539341"><ele>435.25</ele></trkpt>
   <trkpt lat="48.806463" lon="10.53913"><ele>435.5</ele></trkpt>
   <trkpt lat="48.806683" lon="10.538723"><ele>435.75</ele></trkpt>
   <trkpt lat="48.806814" lon="10.538447"><ele>435.75</ele></trkpt>
   <trkpt lat="48.807118" lon="10.53767"><ele>435.5</ele></trkpt>
   <trkpt lat="48.807456" lon="10.536693"><ele>435</ele></trkpt>
   <trkpt lat="48.807687" lon="10.536027"><ele>434</ele></trkpt>
   <trkpt lat="48.807949" lon="10.535324"><ele>433.25</ele></trkpt>
   <trkpt lat="48.808117" lon="10.534952"><ele>432.75</ele></trkpt>
   <trkpt lat="48.808385" lon="10.534462"><ele>432.75</ele></trkpt>
   <trkpt lat="48.80857" lon="10.534229"><ele>432.75</ele></trkpt>
   <trkpt lat="48.80866" lon="10.534117"><ele>432.75</ele></trkpt>
   <trkpt lat="48.808978" lon="10.533812"><ele>432.75</ele></trkpt>
   <trkpt lat="48.809096" lon="10.533716"><ele>432.5</ele></trkpt>
   <trkpt lat="48.809773" lon="10.533164"><ele>432.75</ele></trkpt>
   <trkpt lat="48.810914" lon="10.53233"><ele>434</ele></trkpt>
   <trkpt lat="48.811944" lon="10.531732"><ele>435</ele></trkpt>
   <trkpt lat="48.812995" lon="10.531182"><ele>434.75</ele></trkpt>
   <trkpt lat="48.813287" lon="10.530989"><ele>434</ele></trkpt>
   <trkpt lat="48.813571" lon="10.530763"><ele>433</ele></trkpt>
   <trkpt lat="48.813822" lon="10.530509"><ele>432</ele></trkpt>
   <trkpt lat="48.814068" lon="10.530224"><ele>431.25</ele></trkpt>
   <trkpt lat="48.814324" lon="10.529878"><ele>430.5</ele></trkpt>
   <trkpt lat="48.814628" lon="10.529419"><ele>430</ele></trkpt>
   <trkpt lat="48.814849" lon="10.529026"><ele>430</ele></trkpt>
   <trkpt lat="48.814919" lon="10.528842"><ele>430</ele></trkpt>
   <trkpt lat="48.814988" lon="10.528606"><ele>430.75</ele></trkpt>
   <trkpt lat="48.81502" lon="10.528457"><ele>430.75</ele></trkpt>
   <trkpt lat="48.815046" lon="10.528286"><ele>430.75</ele></trkpt>
   <trkpt lat="48.815063" lon="10.528122"><ele>430.75</ele></trkpt>
   <trkpt lat="48.815061" lon="10.527946"><ele>431</ele></trkpt>
   <trkpt lat="48.815048" lon="10.527764"><ele>431</ele></trkpt>
   <trkpt lat="48.815024" lon="10.527632"><ele>431.5</ele></trkpt>
   <trkpt lat="48.814984" lon="10.527479"><ele>431.75</ele></trkpt>
   <trkpt lat="48.814879" lon="10.527157"><ele>431.75</ele></trkpt>
   <trkpt lat="48.814801" lon="10.526887"><ele>433</ele></trkpt>
   <trkpt lat="48.814774" lon="10.526716"><ele>433</ele></trkpt>
   <trkpt lat="48.814782" lon="10.526493"><ele>432.25</ele></trkpt>
   <trkpt lat="48.815197" lon="10.526488"><ele>432.25</ele></trkpt>
   <trkpt lat="48.81562" lon="10.526457"><ele>432</ele></trkpt>
   <trkpt lat="48.815599" lon="10.526168"><ele>432</ele></trkpt>
   <trkpt lat="48.815541" lon="10.525979"><ele>433</ele></trkpt>
   <trkpt lat="48.815423" lon="10.525722"><ele>434.25</ele></trkpt>
   <trkpt lat="48.81539" lon="10.525605"><ele>434.75</ele></trkpt>
   <trkpt lat="48.815375" lon="10.525487"><ele>435</ele></trkpt>
   <trkpt lat="48.815379" lon="10.52531"><ele>435</ele></trkpt>
   <trkpt lat="48.81547" lon="10.523827"><ele>438</ele></trkpt>
   <trkpt lat="48.815491" lon="10.523526"><ele>439.25</ele></trkpt>
   <trkpt lat="48.81553" lon="10.523261"><ele>440.25</ele></trkpt>
   <trkpt lat="48.815579" lon="10.523005"><ele>441</ele></trkpt>
   <trkpt lat="48.815707" lon="10.522621"><ele>441.25</ele></trkpt>
   <trkpt lat="48.815834" lon="10.522313"><ele>441.5</ele></trkpt>
   <trkpt lat="48.816147" lon="10.521655"><ele>440.5</ele></trkpt>
   <trkpt lat="48.816309" lon="10.521157"><ele>440</ele></trkpt>
   <trkpt lat="48.81652" lon="10.520508"><ele>439.5</ele></trkpt>
   <trkpt lat="48.816649" lon="10.519994"><ele>439</ele></trkpt>
   <trkpt lat="48.816722" lon="10.519631"><ele>438.5</ele></trkpt>
   <trkpt lat="48.816783" lon="10.519258"><ele>439.25</ele></trkpt>
   <trkpt lat="48.81685" lon="10.518786"><ele>439</ele></trkpt>
   <trkpt lat="48.816959" lon="10.51829"><ele>437.75</ele></trkpt>
   <trkpt lat="48.817026" lon="10.518043"><ele>437.5</ele></trkpt>
   <trkpt lat="48.817039" lon="10.517991"><ele>437.75</ele></trkpt>
   <trkpt lat="48.817068" lon="10.517868"><ele>437.75</ele></trkpt>
   <trkpt lat="48.817176" lon="10.517385"><ele>439.5</ele></trkpt>
   <trkpt lat="48.817299" lon="10.51665"><ele>440.75</ele></trkpt>
   <trkpt lat="48.817328" lon="10.516587"><ele>440.75</ele></trkpt>
   <trkpt lat="48.817367" lon="10.516555"><ele>440.75</ele></trkpt>
   <trkpt lat="48.817416" lon="10.516518"><ele>440.5</ele></trkpt>
   <trkpt lat="48.817754" lon="10.516376"><ele>439</ele></trkpt>
   <trkpt lat="48.817851" lon="10.516316"><ele>438.75</ele></trkpt>
   <trkpt lat="48.818139" lon="10.516107"><ele>437</ele></trkpt>
   <trkpt lat="48.818335" lon="10.515976"><ele>436.5</ele></trkpt>
   <trkpt lat="48.818447" lon="10.515904"><ele>435.75</ele></trkpt>
   <trkpt lat="48.818493" lon="10.515878"><ele>435.5</ele></trkpt>
   <trkpt lat="48.818608" lon="10.515811"><ele>435</ele></trkpt>
   <trkpt lat="48.818712" lon="10.515766"><ele>434.75</ele></trkpt>
   <trkpt lat="48.818824" lon="10.515729"><ele>434.5</ele></trkpt>
   <trkpt lat="48.818978" lon="10.515709"><ele>434</ele></trkpt>
   <trkpt lat="48.819089" lon="10.515702"><ele>433.75</ele></trkpt>
   <trkpt lat="48.819303" lon="10.515704"><ele>433</ele></trkpt>
   <trkpt lat="48.819481" lon="10.515689"><ele>432.75</ele></trkpt>
   <trkpt lat="48.819675" lon="10.515672"><ele>433</ele></trkpt>
   <trkpt lat="48.819853" lon="10.515645"><ele>432.75</ele></trkpt>
   <trkpt lat="48.820243" lon="10.515574"><ele>432</ele></trkpt>
   <trkpt lat="48.820439" lon="10.515537"><ele>432</ele></trkpt>
   <trkpt lat="48.820587" lon="10.51554"><ele>432</ele></trkpt>
   <trkpt lat="48.820686" lon="10.515575"><ele>432</ele></trkpt>
   <trkpt lat="48.82097" lon="10.515656"><ele>432</ele></trkpt>
   <trkpt lat="48.821194" lon="10.515711"><ele>432</ele></trkpt>
   <trkpt lat="48.821381" lon="10.515757"><ele>432</ele></trkpt>
   <trkpt lat="48.821467" lon="10.515767"><ele>432</ele></trkpt>
   <trkpt lat="48.82152" lon="10.515782"><ele>432</ele></trkpt>
   <trkpt lat="48.821635" lon="10.515809"><ele>432</ele></trkpt>
   <trkpt lat="48.821958" lon="10.515902"><ele>431.5</ele></trkpt>
   <trkpt lat="48.822017" lon="10.515916"><ele>431.5</ele></trkpt>
   <trkpt lat="48.822171" lon="10.515955"><ele>431</ele></trkpt>
   <trkpt lat="48.82223" lon="10.515963"><ele>431</ele></trkpt>
   <trkpt lat="48.822295" lon="10.515957"><ele>431</ele></trkpt>
   <trkpt lat="48.822343" lon="10.515941"><ele>431</ele></trkpt>
   <trkpt lat="48.822403" lon="10.515901"><ele>431</ele></trkpt>
   <trkpt lat="48.822458" lon="10.515851"><ele>431</ele></trkpt>
   <trkpt lat="48.822501" lon="10.515784"><ele>431</ele></trkpt>
   <trkpt lat="48.822531" lon="10.515693"><ele>431</ele></trkpt>
   <trkpt lat="48.82256" lon="10.515493"><ele>431</ele></trkpt>
   <trkpt lat="48.82256" lon="10.515264"><ele>431</ele></trkpt>
   <trkpt lat="48.822538" lon="10.51446"><ele>431</ele></trkpt>
   <trkpt lat="48.82254" lon="10.514237"><ele>431</ele></trkpt>
   <trkpt lat="48.822559" lon="10.514066"><ele>431.25</ele></trkpt>
   <trkpt lat="48.822589" lon="10.513911"><ele>431.5</ele></trkpt>
   <trkpt lat="48.822618" lon="10.513825"><ele>431.5</ele></trkpt>
   <trkpt lat="48.822643" lon="10.51375"><ele>431.25</ele></trkpt>
   <trkpt lat="48.822714" lon="10.513629"><ele>431</ele></trkpt>
   <trkpt lat="48.822746" lon="10.513568"><ele>431</ele></trkpt>
   <trkpt lat="48.822905" lon="10.513264"><ele>431</ele></trkpt>
   <trkpt lat="48.823018" lon="10.512956"><ele>431</ele></trkpt>
   <trkpt lat="48.823068" lon="10.512809"><ele>430.75</ele></trkpt>
   <trkpt lat="48.823098" lon="10.512719"><ele>431</ele></trkpt>
   <trkpt lat="48.82316" lon="10.512532"><ele>431</ele></trkpt>
   <trkpt lat="48.823169" lon="10.512509"><ele>431</ele></trkpt>
   <trkpt lat="48.823232" lon="10.512298"><ele>431.25</ele></trkpt>
   <trkpt lat="48.823291" lon="10.512103"><ele>431.5</ele></trkpt>
   <trkpt lat="48.823368" lon="10.511847"><ele>431.75</ele></trkpt>
   <trkpt lat="48.823421" lon="10.511649"><ele>432</ele></trkpt>
   <trkpt lat="48.823443" lon="10.511534"><ele>432.25</ele></trkpt>
   <trkpt lat="48.823511" lon="10.511066"><ele>433</ele></trkpt>
   <trkpt lat="48.823526" lon="10.510964"><ele>433</ele></trkpt>
   <trkpt lat="48.823538" lon="10.510945"><ele>433</ele></trkpt>
   <trkpt lat="48.823571" lon="10.510936"><ele>433</ele></trkpt>
   <trkpt lat="48.823791" lon="10.510991"><ele>432.5</ele></trkpt>
   <trkpt lat="48.823953" lon="10.511036"><ele>431.75</ele></trkpt>
   <trkpt lat="48.824043" lon="10.511068"><ele>431.5</ele></trkpt>
   <trkpt lat="48.824215" lon="10.511137"><ele>430.75</ele></trkpt>
   <trkpt lat="48.824464" lon="10.51125"><ele>430.25</ele></trkpt>
   <trkpt lat="48.824505" lon="10.51127"><ele>430.25</ele></trkpt>
   <trkpt lat="48.824677" lon="10.511364"><ele>430</ele></trkpt>
   <trkpt lat="48.824789" lon="10.511426"><ele>429.75</ele></trkpt>
   <trkpt lat="48.824986" lon="10.511533"><ele>430</ele></trkpt>
   <trkpt lat="48.825178" lon="10.511599"><ele>430</ele></trkpt>
   <trkpt lat="48.825398" lon="10.511425"><ele>430</ele></trkpt>
   <trkpt lat="48.825419" lon="10.511324"><ele>430</ele></trkpt>
   <trkpt lat="48.826002" lon="10.510786"><ele>430</ele></trkpt>
   <trkpt lat="48.826836" lon="10.510043"><ele>430</ele></trkpt>
   <trkpt lat="48.82731" lon="10.50965"><ele>430.25</ele></trkpt>
   <trkpt lat="48.827849" lon="10.509233"><ele>431</ele></trkpt>
   <trkpt lat="48.827984" lon="10.509138"><ele>431</ele></trkpt>
   <trkpt lat="48.828079" lon="10.50905"><ele>431</ele></trkpt>
   <trkpt lat="48.82819" lon="10.508922"><ele>431</ele></trkpt>
   <trkpt lat="48.828311" lon="10.508752"><ele>431</ele></trkpt>
   <trkpt lat="48.828401" lon="10.50861"><ele>431</ele></trkpt>
   <trkpt lat="48.828579" lon="10.508311"><ele>431</ele></trkpt>
   <trkpt lat="48.828781" lon="10.507942"><ele>431</ele></trkpt>
   <trkpt lat="48.829342" lon="10.506811"><ele>431.25</ele></trkpt>
   <trkpt lat="48.829469" lon="10.50659"><ele>431</ele></trkpt>
   <trkpt lat="48.829567" lon="10.50644"><ele>431.5</ele></trkpt>
   <trkpt lat="48.829716" lon="10.506263"><ele>432.5</ele></trkpt>
   <trkpt lat="48.830126" lon="10.505892"><ele>432.25</ele></trkpt>
   <trkpt lat="48.831657" lon="10.504703"><ele>435</ele></trkpt>
   <trkpt lat="48.831917" lon="10.504467"><ele>435</ele></trkpt>
   <trkpt lat="48.832043" lon="10.504346"><ele>434.75</ele></trkpt>
   <trkpt lat="48.832262" lon="10.504094"><ele>434</ele></trkpt>
   <trkpt lat="48.832972" lon="10.503225"><ele>436.5</ele></trkpt>
   <trkpt lat="48.833121" lon="10.503013"><ele>436.25</ele></trkpt>
   <trkpt lat="48.833272" lon="10.502822"><ele>437.5</ele></trkpt>
   <trkpt lat="48.833461" lon="10.502554"><ele>438.25</ele></trkpt>
   <trkpt lat="48.833742" lon="10.502237"><ele>439.75</ele></trkpt>
   <trkpt lat="48.834207" lon="10.50168"><ele>443.25</ele></trkpt>
   <trkpt lat="48.834333" lon="10.501551"><ele>442.75</ele></trkpt>
   <trkpt lat="48.834981" lon="10.501074"><ele>440.25</ele></trkpt>
   <trkpt lat="48.835678" lon="10.500612"><ele>436.75</ele></trkpt>
   <trkpt lat="48.835768" lon="10.50049"><ele>436.5</ele></trkpt>
   <trkpt lat="48.835858" lon="10.50043"><ele>436.25</ele></trkpt>
   <trkpt lat="48.836028" lon="10.500269"><ele>436.25</ele></trkpt>
   <trkpt lat="48.836294" lon="10.500095"><ele>436</ele></trkpt>
   <trkpt lat="48.836499" lon="10.499974"><ele>436</ele></trkpt>
   <trkpt lat="48.836566" lon="10.499932"><ele>436</ele></trkpt>
   <trkpt lat="48.83666" lon="10.499879"><ele>436.25</ele></trkpt>
   <trkpt lat="48.837212" lon="10.499578"><ele>437.5</ele></trkpt>
   <trkpt lat="48.837233" lon="10.499565"><ele>437.5</ele></trkpt>
   <trkpt lat="48.837267" lon="10.499549"><ele>437.5</ele></trkpt>
   <trkpt lat="48.83769" lon="10.499269"><ele>439</ele></trkpt>
   <trkpt lat="48.837916" lon="10.49908"><ele>439.25</ele></trkpt>
   <trkpt lat="48.837899" lon="10.499019"><ele>439.75</ele></trkpt>
   <trkpt lat="48.837977" lon="10.498977"><ele>439.5</ele></trkpt>
   <trkpt lat="48.838041" lon="10.498913"><ele>439.75</ele></trkpt>
   <trkpt lat="48.838206" lon="10.498819"><ele>440</ele></trkpt>
   <trkpt lat="48.838595" lon="10.498666"><ele>441</ele></trkpt>
   <trkpt lat="48.838755" lon="10.498596"><ele>441.5</ele></trkpt>
   <trkpt lat="48.839035" lon="10.498457"><ele>441.5</ele></trkpt>
   <trkpt lat="48.839229" lon="10.498344"><ele>441</ele></trkpt>
   <trkpt lat="48.839878" lon="10.497992"><ele>440</ele></trkpt>
   <trkpt lat="48.840221" lon="10.49779"><ele>439.25</ele></trkpt>
   <trkpt lat="48.840531" lon="10.497559"><ele>439</ele></trkpt>
   <trkpt lat="48.840701" lon="10.497361"><ele>438.5</ele></trkpt>
   <trkpt lat="48.840966" lon="10.496952"><ele>437.5</ele></trkpt>
   <trkpt lat="48.841108" lon="10.496777"><ele>437</ele></trkpt>
   <trkpt lat="48.841281" lon="10.496582"><ele>437</ele></trkpt>
   <trkpt lat="48.841327" lon="10.496538"><ele>437</ele></trkpt>
   <trkpt lat="48.84152" lon="10.496372"><ele>437</ele></trkpt>
   <trkpt lat="48.841593" lon="10.496323"><ele>437</ele></trkpt>
   <trkpt lat="48.8417" lon="10.496237"><ele>437</ele></trkpt>
   <trkpt lat="48.841779" lon="10.496182"><ele>437</ele></trkpt>
   <trkpt lat="48.841874" lon="10.496115"><ele>437</ele></trkpt>
   <trkpt lat="48.841947" lon="10.496045"><ele>436.75</ele></trkpt>
   <trkpt lat="48.842194" lon="10.495842"><ele>436.75</ele></trkpt>
   <trkpt lat="48.84243" lon="10.495719"><ele>436.25</ele></trkpt>
   <trkpt lat="48.84267" lon="10.495566"><ele>436</ele></trkpt>
   <trkpt lat="48.842864" lon="10.495443"><ele>435.5</ele></trkpt>
   <trkpt lat="48.843076" lon="10.49532"><ele>435</ele></trkpt>
   <trkpt lat="48.843309" lon="10.495146"><ele>435</ele></trkpt>
   <trkpt lat="48.843724" lon="10.494883"><ele>434.75</ele></trkpt>
   <trkpt lat="48.844052" lon="10.494663"><ele>434.75</ele></trkpt>
   <trkpt lat="48.84433" lon="10.494507"><ele>434</ele></trkpt>
   <trkpt lat="48.844571" lon="10.494343"><ele>434</ele></trkpt>
   <trkpt lat="48.844761" lon="10.494201"><ele>433.75</ele></trkpt>
   <trkpt lat="48.844945" lon="10.494095"><ele>433.75</ele></trkpt>
   <trkpt lat="48.845096" lon="10.493988"><ele>433.5</ele></trkpt>
   <trkpt lat="48.845483" lon="10.49377"><ele>433.75</ele></trkpt>
   <trkpt lat="48.845578" lon="10.493716"><ele>434</ele></trkpt>
   <trkpt lat="48.845623" lon="10.493809"><ele>434</ele></trkpt>
   <trkpt lat="48.845647" lon="10.493896"><ele>433.75</ele></trkpt>
   <trkpt lat="48.845679" lon="10.494014"><ele>433.75</ele></trkpt>
   <trkpt lat="48.845775" lon="10.494427"><ele>433</ele></trkpt>
   <trkpt lat="48.845925" lon="10.49509"><ele>433</ele></trkpt>
   <trkpt lat="48.845957" lon="10.495296"><ele>433</ele></trkpt>
   <trkpt lat="48.845973" lon="10.495444"><ele>433</ele></trkpt>
   <trkpt lat="48.846004" lon="10.495751"><ele>433</ele></trkpt>
   <trkpt lat="48.846016" lon="10.495936"><ele>432.75</ele></trkpt>
   <trkpt lat="48.846092" lon="10.496876"><ele>432</ele></trkpt>
   <trkpt lat="48.846118" lon="10.497028"><ele>432</ele></trkpt>
   <trkpt lat="48.846129" lon="10.497085"><ele>432</ele></trkpt>
   <trkpt lat="48.846181" lon="10.497215"><ele>432</ele></trkpt>
   <trkpt lat="48.846322" lon="10.497467"><ele>432</ele></trkpt>
   <trkpt lat="48.846343" lon="10.497499"><ele>432</ele></trkpt>
   <trkpt lat="48.846418" lon="10.497574"><ele>432</ele></trkpt>
   <trkpt lat="48.846508" lon="10.497593"><ele>432</ele></trkpt>
   <trkpt lat="48.846565" lon="10.497604"><ele>432</ele></trkpt>
   <trkpt lat="48.846692" lon="10.497607"><ele>432</ele></trkpt>
   <trkpt lat="48.84689" lon="10.497576"><ele>432.75</ele></trkpt>
   <trkpt lat="48.84697" lon="10.497688"><ele>433</ele></trkpt>
   <trkpt lat="48.846997" lon="10.497738"><ele>433</ele></trkpt>
   <trkpt lat="48.847011" lon="10.497782"><ele>432.75</ele></trkpt>
   <trkpt lat="48.847016" lon="10.497831"><ele>432.75</ele></trkpt>
   <trkpt lat="48.847015" lon="10.497946"><ele>432.75</ele></trkpt>
   <trkpt lat="48.846982" lon="10.498027"><ele>432.75</ele></trkpt>
   <trkpt lat="48.846754" lon="10.498565"><ele>432</ele></trkpt>
  </trkseg>
 </trk>
</gpx>